# Blender v2.82 (sub 7) OBJ File: ''
# www.blender.org
mtllib dfc_base_img.mtl
o Fusion001
v -6.000000 6.000000 -0.005000
v -6.000000 10.300000 0.005000
v -6.000000 10.300000 -0.005000
v -6.000000 6.000000 0.005000
v 0.000000 6.000000 0.005000
v 6.000000 6.000000 0.005000
v 6.000000 10.300000 0.005000
v 6.000000 10.300000 -0.005000
v 0.000000 6.000000 -0.005000
v 6.000000 6.000000 -0.005000
v -0.004115 6.000000 0.002840
v -0.003316 6.000000 0.003743
v -0.002324 6.000000 0.004427
v -0.004675 6.000000 0.001773
v -0.001197 6.000000 0.004855
v -0.004963 6.000000 0.000603
v -0.004963 6.000000 -0.000603
v -0.004675 6.000000 -0.001773
v -0.004115 6.000000 -0.002840
v -0.001197 6.000000 -0.004855
v -0.002324 6.000000 -0.004427
v -0.003316 6.000000 -0.003743
v 0.001113 6.000000 0.004875
v 0.002169 6.000000 0.004505
v 0.003117 6.000000 0.003909
v 0.003909 6.000000 0.003117
v 0.004505 6.000000 0.002169
v 0.004875 6.000000 0.001113
v 0.005000 6.000000 0.000000
v 0.004875 6.000000 -0.001113
v 0.004505 6.000000 -0.002169
v 0.003909 6.000000 -0.003117
v 0.001113 6.000000 -0.004875
v 0.002169 6.000000 -0.004505
v 0.003117 6.000000 -0.003909
v 0.012054 5.905000 0.099271
v 0.035460 5.905000 0.093502
v 0.056807 5.905000 0.082298
v -0.035460 5.905000 -0.093502
v -0.056807 5.905000 -0.082298
v 0.074851 5.905000 0.066312
v 0.088546 5.905000 0.046472
v -0.074851 5.905000 -0.066312
v 0.097094 5.905000 0.023932
v 0.100000 5.905000 0.000000
v -0.088546 5.905000 -0.046472
v 0.097094 5.905000 -0.023932
v -0.097094 5.905000 -0.023932
v -0.100000 5.905000 0.000000
v 0.088546 5.905000 -0.046472
v -0.097094 5.905000 0.023932
v 0.074851 5.905000 -0.066312
v -0.088546 5.905000 0.046472
v 0.056807 5.905000 -0.082298
v -0.074851 5.905000 0.066312
v 0.035460 5.905000 -0.093502
v -0.056807 5.905000 0.082298
v 0.012054 5.905000 -0.099271
v -0.035460 5.905000 0.093502
v -0.012054 5.905000 -0.099271
v -0.012054 5.905000 0.099271
v -0.056807 0.065708 0.082298
v -0.035460 0.065708 0.093502
v -0.012054 0.065708 0.099271
v 0.100000 0.065708 0.000000
v 0.097094 0.065708 -0.023932
v 0.012054 0.065708 0.099271
v 0.088546 0.065708 -0.046472
v 0.035460 0.065708 0.093502
v 0.074851 0.065708 -0.066312
v 0.056807 0.065708 0.082298
v 0.056807 0.065708 -0.082298
v 0.074851 0.065708 0.066312
v 0.035460 0.065708 -0.093502
v 0.088546 0.065708 0.046472
v 0.097094 0.065708 0.023932
v 0.012054 0.065708 -0.099271
v -0.012054 0.065708 -0.099271
v -0.035460 0.065708 -0.093502
v -0.056807 0.065708 -0.082298
v -0.074851 0.065708 -0.066312
v -0.088546 0.065708 -0.046472
v -0.097094 0.065708 -0.023932
v -0.100000 0.065708 0.000000
v -0.097094 0.065708 0.023932
v -0.088546 0.065708 0.046472
v -0.074851 0.065708 0.066312
v 1.083621 0.065708 1.309873
v -1.375329 0.065708 -0.999235
v -1.239247 0.065708 -1.163730
v 0.723825 0.065708 -1.538206
v 1.580620 0.065708 -0.625812
v 1.686595 0.065708 -0.213067
v 1.646591 0.065708 -0.422773
v 0.910906 0.065708 1.435357
v -1.489721 0.065708 -0.818981
v 0.318548 0.065708 -1.669888
v 0.106744 0.065708 -1.696645
v 0.723825 0.065708 1.538206
v 1.686595 0.065708 0.213067
v 1.700000 0.065708 0.000000
v -1.580620 0.065708 -0.625812
v -0.106744 0.065708 -1.696645
v -0.318548 0.065708 -1.669888
v 0.525329 0.065708 1.616796
v 1.580620 0.065708 0.625812
v 1.646591 0.065708 0.422773
v -1.646591 0.065708 -0.422773
v 0.318548 0.065708 1.669888
v -0.525329 0.065708 -1.616796
v -0.723825 0.065708 -1.538206
v -1.686595 0.065708 -0.213067
v 1.375329 0.065708 0.999235
v 1.489721 0.065708 0.818981
v 0.106744 0.065708 1.696645
v -0.910906 0.065708 -1.435357
v -1.083621 0.065708 -1.309873
v 1.239247 0.065708 1.163730
v -1.700000 0.065708 0.000000
v -0.106744 0.065708 1.696645
v -1.686595 0.065708 0.213067
v -0.318548 0.065708 1.669888
v -1.646591 0.065708 0.422773
v -0.525329 0.065708 1.616796
v -1.580620 0.065708 0.625812
v -0.723825 0.065708 1.538206
v 1.375329 0.065708 -0.999235
v 1.239247 0.065708 -1.163730
v 1.083621 0.065708 -1.309873
v -1.489721 0.065708 0.818981
v -0.910906 0.065708 1.435357
v -1.375329 0.065708 0.999235
v 0.910906 0.065708 -1.435357
v -1.083621 0.065708 1.309873
v -1.239247 0.065708 1.163730
v 1.489721 0.065708 -0.818981
v 0.525329 0.065708 -1.616796
v 1.695465 0.247281 -0.124092
v 1.691940 0.247281 -0.165341
v 1.687413 0.247281 -0.206493
v 1.681884 0.247281 -0.247522
v 1.675358 0.247281 -0.288404
v 1.667838 0.247281 -0.329115
v -1.700000 0.247281 0.000000
v -1.699496 0.247281 0.041397
v -1.697984 0.247281 0.082769
v -1.695465 0.247281 0.124092
v 1.659329 0.247281 -0.369631
v 1.649836 0.247281 -0.409928
v 1.639365 0.247281 -0.449982
v 1.627921 0.247281 -0.489769
v 1.615512 0.247281 -0.529265
v 1.602145 0.247281 -0.568447
v 1.587827 0.247281 -0.607293
v -1.691940 0.247281 0.165341
v 1.572568 0.247281 -0.645778
v -1.687413 0.247281 0.206493
v 1.556377 0.247281 -0.683880
v -1.681884 0.247281 0.247522
v -1.675358 0.247281 0.288404
v 1.539262 0.247281 -0.721576
v -1.667838 0.247281 0.329115
v 1.521234 0.247281 -0.758845
v 1.502305 0.247281 -0.795664
v 1.482484 0.247281 -0.832010
v -1.659329 0.247281 0.369631
v 1.461784 0.247281 -0.867864
v -1.649836 0.247281 0.409928
v 1.440217 0.247281 -0.903202
v -1.639365 0.247281 0.449982
v -1.627921 0.247281 0.489769
v -1.615512 0.247281 0.529265
v 1.417796 0.247281 -0.938005
v 1.394534 0.247281 -0.972252
v 1.370446 0.247281 -1.005922
v 1.345544 0.247281 -1.038995
v 1.319844 0.247281 -1.071453
v -1.602145 0.247281 0.568447
v -1.587827 0.247281 0.607293
v -1.572568 0.247281 0.645778
v -1.556377 0.247281 0.683880
v -1.539262 0.247281 0.721576
v 1.293362 0.247281 -1.103274
v 1.266113 0.247281 -1.134442
v 1.238112 0.247281 -1.164937
v 1.209378 0.247281 -1.194741
v 1.179926 0.247281 -1.223836
v 1.149775 0.247281 -1.252205
v -1.521234 0.247281 0.758845
v -1.502305 0.247281 0.795664
v -1.482484 0.247281 0.832010
v -1.461784 0.247281 0.867864
v -1.440217 0.247281 0.903202
v 1.118941 0.247281 -1.279832
v 1.087444 0.247281 -1.306700
v 1.055302 0.247281 -1.332793
v 1.022534 0.247281 -1.358096
v 0.989160 0.247281 -1.382593
v -1.417796 0.247281 0.938005
v -1.394534 0.247281 0.972252
v -1.370446 0.247281 1.005922
v -1.345544 0.247281 1.038995
v -1.319844 0.247281 1.071453
v 0.955199 0.247281 -1.406270
v 0.920672 0.247281 -1.429113
v 0.885599 0.247281 -1.451108
v 0.850000 0.247281 -1.472243
v 0.813897 0.247281 -1.492505
v -1.293362 0.247281 1.103274
v -1.266113 0.247281 1.134442
v -1.238112 0.247281 1.164937
v -1.209378 0.247281 1.194741
v -1.179926 0.247281 1.223836
v -1.149775 0.247281 1.252205
v 0.777312 0.247281 -1.511882
v 0.740266 0.247281 -1.530362
v 0.702780 0.247281 -1.547934
v 0.664878 0.247281 -1.564589
v 0.626581 0.247281 -1.580315
v -1.118941 0.247281 1.279832
v -1.087444 0.247281 1.306700
v -1.055302 0.247281 1.332793
v -1.022534 0.247281 1.358096
v 0.587913 0.247281 -1.595104
v -0.989160 0.247281 1.382593
v 0.548897 0.247281 -1.608948
v 0.509554 0.247281 -1.621837
v 0.469910 0.247281 -1.633764
v 0.429987 0.247281 -1.644722
v -0.955199 0.247281 1.406270
v -0.920672 0.247281 1.429113
v -0.885599 0.247281 1.451108
v 0.389809 0.247281 -1.654705
v -0.850000 0.247281 1.472243
v 0.349399 0.247281 -1.663707
v -0.813897 0.247281 1.492505
v 0.308783 0.247281 -1.671722
v 0.267983 0.247281 -1.678745
v 0.227024 0.247281 -1.684773
v 0.185931 0.247281 -1.689802
v -0.777312 0.247281 1.511882
v 0.144728 0.247281 -1.693828
v -0.740266 0.247281 1.530362
v 0.103438 0.247281 -1.696850
v -0.702780 0.247281 1.547934
v 0.062087 0.247281 -1.698866
v -0.664878 0.247281 1.564589
v 0.020700 0.247281 -1.699874
v -0.626581 0.247281 1.580315
v -0.020700 0.247281 -1.699874
v -0.062087 0.247281 -1.698866
v -0.587913 0.247281 1.595104
v -0.103438 0.247281 -1.696850
v -0.548897 0.247281 1.608948
v -0.144728 0.247281 -1.693828
v -0.509554 0.247281 1.621837
v -0.185931 0.247281 -1.689802
v -0.469910 0.247281 1.633764
v -0.227024 0.247281 -1.684773
v -0.429987 0.247281 1.644722
v -0.308783 0.247281 -1.671722
v -0.349399 0.247281 -1.663707
v -0.389809 0.247281 -1.654705
v -0.429987 0.247281 -1.644722
v -0.267983 0.247281 -1.678745
v -0.389809 0.247281 1.654705
v -0.349399 0.247281 1.663707
v -0.308783 0.247281 1.671722
v -0.267983 0.247281 1.678745
v -0.227024 0.247281 1.684773
v -0.469910 0.247281 -1.633764
v -0.509554 0.247281 -1.621837
v -0.548897 0.247281 -1.608948
v -0.587913 0.247281 -1.595104
v -0.626581 0.247281 -1.580315
v -0.185931 0.247281 1.689802
v -0.144728 0.247281 1.693828
v -0.103438 0.247281 1.696850
v -0.062087 0.247281 1.698866
v -0.020700 0.247281 1.699874
v 0.020700 0.247281 1.699874
v -0.664878 0.247281 -1.564589
v -0.702780 0.247281 -1.547934
v -0.740266 0.247281 -1.530362
v -0.777312 0.247281 -1.511882
v -0.813897 0.247281 -1.492505
v 0.062087 0.247281 1.698866
v 0.103438 0.247281 1.696850
v 0.144728 0.247281 1.693828
v 0.185931 0.247281 1.689802
v 0.227024 0.247281 1.684773
v -0.850000 0.247281 -1.472243
v -0.885599 0.247281 -1.451108
v -0.920672 0.247281 -1.429113
v -0.955199 0.247281 -1.406270
v -0.989160 0.247281 -1.382593
v 0.267983 0.247281 1.678745
v 0.308783 0.247281 1.671722
v 0.349399 0.247281 1.663707
v 0.389809 0.247281 1.654705
v 0.429987 0.247281 1.644722
v -1.022534 0.247281 -1.358096
v -1.055302 0.247281 -1.332793
v -1.087444 0.247281 -1.306700
v -1.118941 0.247281 -1.279832
v -1.149775 0.247281 -1.252205
v -1.179926 0.247281 -1.223836
v -1.209378 0.247281 -1.194741
v 0.469910 0.247281 1.633764
v -1.238112 0.247281 -1.164937
v 0.509554 0.247281 1.621837
v -1.266113 0.247281 -1.134442
v 0.548897 0.247281 1.608948
v -1.293362 0.247281 -1.103274
v 0.587913 0.247281 1.595104
v -1.319844 0.247281 -1.071453
v 0.626581 0.247281 1.580315
v -1.345544 0.247281 -1.038995
v -1.370446 0.247281 -1.005922
v -1.394534 0.247281 -0.972252
v -1.417796 0.247281 -0.938005
v -1.440217 0.247281 -0.903202
v 0.664878 0.247281 1.564589
v 0.702780 0.247281 1.547934
v 0.740266 0.247281 1.530362
v 0.777312 0.247281 1.511882
v 0.813897 0.247281 1.492505
v -1.461784 0.247281 -0.867864
v -1.482484 0.247281 -0.832010
v -1.502305 0.247281 -0.795664
v -1.521234 0.247281 -0.758845
v -1.539262 0.247281 -0.721576
v 0.850000 0.247281 1.472243
v 0.885599 0.247281 1.451108
v 0.920672 0.247281 1.429113
v 0.955199 0.247281 1.406270
v 0.989160 0.247281 1.382593
v -1.556377 0.247281 -0.683880
v -1.572568 0.247281 -0.645778
v -1.587827 0.247281 -0.607293
v -1.602145 0.247281 -0.568447
v -1.615512 0.247281 -0.529265
v 1.022534 0.247281 1.358096
v 1.055302 0.247281 1.332793
v 1.087444 0.247281 1.306700
v 1.118941 0.247281 1.279832
v -1.627921 0.247281 -0.489769
v 1.149775 0.247281 1.252205
v -1.639365 0.247281 -0.449982
v -1.649836 0.247281 -0.409928
v -1.659329 0.247281 -0.369631
v -1.667838 0.247281 -0.329115
v -1.675358 0.247281 -0.288404
v -1.681884 0.247281 -0.247522
v -1.687413 0.247281 -0.206493
v -1.691940 0.247281 -0.165341
v -1.695465 0.247281 -0.124092
v 1.293362 0.247281 1.103274
v 1.319844 0.247281 1.071453
v -1.697984 0.247281 -0.082769
v -1.699496 0.247281 -0.041397
v 1.179926 0.247281 1.223836
v 1.209378 0.247281 1.194741
v 1.238112 0.247281 1.164937
v 1.266113 0.247281 1.134442
v 1.345544 0.247281 1.038995
v 1.370446 0.247281 1.005922
v 1.394534 0.247281 0.972252
v 1.417796 0.247281 0.938005
v 1.440217 0.247281 0.903202
v 1.461784 0.247281 0.867864
v 1.482484 0.247281 0.832010
v 1.502305 0.247281 0.795664
v 1.521234 0.247281 0.758845
v 1.539262 0.247281 0.721576
v 1.556377 0.247281 0.683880
v 1.572568 0.247281 0.645778
v 1.587827 0.247281 0.607293
v 1.602145 0.247281 0.568447
v 1.615512 0.247281 0.529265
v 1.627921 0.247281 0.489769
v 1.639365 0.247281 0.449982
v 1.649836 0.247281 0.409928
v 1.659329 0.247281 0.369631
v 1.667838 0.247281 0.329115
v 1.675358 0.247281 0.288404
v 1.681884 0.247281 0.247522
v 1.687413 0.247281 0.206493
v 1.691940 0.247281 0.165341
v 1.695465 0.247281 0.124092
v 1.697984 0.247281 0.082769
v 1.699496 0.247281 0.041397
v 1.700000 0.247281 0.000000
v 1.699496 0.247281 -0.041397
v 1.697984 0.247281 -0.082769
v -1.668814 0.247281 -0.324385
v -1.215139 0.247281 1.833968
v -1.175842 0.247281 1.859407
v 2.164113 0.247281 -0.395745
v -1.829614 0.247281 1.221684
v -2.090195 0.247281 -0.686355
v -2.075409 0.247281 -0.729849
v -1.854724 0.247281 1.183215
v 2.172044 0.247281 -0.349610
v 0.395745 0.247281 -2.164113
v 0.349610 0.247281 -2.172044
v 0.303316 0.247281 -2.178991
v 0.668071 0.247281 2.096111
v 0.712519 0.247281 2.081422
v -1.253885 0.247281 1.807698
v -1.676117 0.247281 -0.284246
v -1.803706 0.247281 1.259621
v -1.292064 0.247281 1.780610
v 2.178991 0.247281 -0.303316
v -2.104071 0.247281 -0.642562
v -1.777012 0.247281 1.297007
v 0.256885 0.247281 -2.184951
v -1.682455 0.247281 -0.243944
v 0.623321 0.247281 2.109851
v -1.329657 0.247281 1.752716
v -1.749543 0.247281 1.333829
v 2.184951 0.247281 -0.256885
v -2.117029 0.247281 -0.598489
v 0.210337 0.247281 -2.189922
v -1.366649 0.247281 1.724028
v -1.687824 0.247281 -0.203502
v -1.721311 0.247281 1.370069
v 0.578288 0.247281 2.122636
v -1.403022 0.247281 1.694559
v -1.692329 0.247281 1.405711
v -1.692222 0.247281 -0.162942
v 2.189922 0.247281 -0.210337
v 0.163694 0.247281 -2.193902
v -2.129064 0.247281 -0.554155
v -1.438759 0.247281 1.664323
v -1.662608 0.247281 1.440741
v 0.532994 0.247281 2.134460
v -1.473845 0.247281 1.633334
v 2.196888 0.247281 -0.116978
v 2.193902 0.247281 -0.163694
v -1.632163 0.247281 1.475142
v -1.695644 0.247281 -0.122289
v 0.116978 0.247281 -2.196888
v -1.508264 0.247281 1.601605
v -2.140171 0.247281 -0.509579
v -1.601006 0.247281 1.508900
v -1.212560 0.247281 1.191580
v -1.569151 0.247281 1.542000
v 2.198879 0.247281 -0.070208
v -1.542000 0.247281 1.569151
v -1.191580 0.247281 1.212560
v -1.205608 0.247281 -1.198614
v -1.212560 0.247281 -1.191580
v 1.212560 0.247281 -1.191580
v 1.205608 0.247281 -1.198614
v 1.205608 0.247281 1.198614
v 1.212560 0.247281 1.191580
v -1.205608 0.247281 1.198614
v 0.487458 0.247281 2.145317
v 0.070208 0.247281 -2.198879
v -1.698091 0.247281 -0.081565
v -1.698091 0.247281 0.081565
v -1.695644 0.247281 0.122289
v -1.692222 0.247281 0.162942
v -1.687824 0.247281 0.203502
v -1.682455 0.247281 0.243944
v -1.676117 0.247281 0.284246
v -1.668814 0.247281 0.324385
v -1.699559 0.247281 -0.040794
v -2.150344 0.247281 -0.464781
v 2.199876 0.247281 -0.023406
v 0.023406 0.247281 -2.199876
v -0.023406 0.247281 -2.199876
v -1.700048 0.247281 0.000000
v 2.199876 0.247281 0.023406
v 0.441702 0.247281 2.155203
v -0.070208 0.247281 -2.198879
v -2.159580 0.247281 -0.419780
v -1.699559 0.247281 0.040794
v 2.198879 0.247281 0.070208
v -0.116978 0.247281 -2.196888
v 0.395745 0.247281 2.164113
v 2.196888 0.247281 0.116978
v -0.163694 0.247281 -2.193902
v 0.349610 0.247281 2.172044
v 2.189922 0.247281 0.210337
v 2.193902 0.247281 0.163694
v -0.210337 0.247281 -2.189922
v 0.303316 0.247281 2.178991
v 2.184951 0.247281 0.256885
v -0.256885 0.247281 -2.184951
v 0.256885 0.247281 2.184951
v 2.178991 0.247281 0.303316
v -0.303316 0.247281 -2.178991
v 0.210337 0.247281 2.189922
v 2.172044 0.247281 0.349610
v -0.349610 0.247281 -2.172044
v -0.395745 0.247281 -2.164113
v 0.163694 0.247281 2.193902
v 2.164113 0.247281 0.395745
v -0.441702 0.247281 -2.155203
v 0.116978 0.247281 2.196888
v 2.155203 0.247281 0.441702
v 1.601605 0.247281 -1.508264
v 1.569151 0.247281 -1.542000
v -0.487458 0.247281 -2.145317
v 1.198614 0.247281 -1.205608
v 1.191580 0.247281 -1.212560
v 1.542000 0.247281 -1.569151
v 1.508264 0.247281 -1.601605
v 0.070208 0.247281 2.198879
v 2.145317 0.247281 0.487458
v -0.532994 0.247281 -2.134460
v 2.122636 0.247281 0.578288
v 2.134460 0.247281 0.532994
v 0.023406 0.247281 2.199876
v -0.578288 0.247281 -2.122636
v 1.633334 0.247281 -1.473845
v 1.473845 0.247281 -1.633334
v 2.109851 0.247281 0.623321
v -0.023406 0.247281 2.199876
v -0.623321 0.247281 -2.109851
v 2.096111 0.247281 0.668071
v -0.070208 0.247281 2.198879
v 1.664323 0.247281 -1.438759
v -0.668071 0.247281 -2.096111
v 1.438759 0.247281 -1.664323
v 2.081422 0.247281 0.712519
v -0.712519 0.247281 -2.081422
v -0.756644 0.247281 -2.065790
v 2.065790 0.247281 0.756644
v -0.116978 0.247281 2.196888
v -0.800427 0.247281 -2.049224
v 2.049224 0.247281 0.800427
v 1.694559 0.247281 -1.403022
v 1.403022 0.247281 -1.694559
v -0.843847 0.247281 -2.031729
v 2.031729 0.247281 0.843847
v -0.163694 0.247281 2.193902
v -0.886885 0.247281 -2.013314
v 1.993988 0.247281 0.929522
v 2.013314 0.247281 0.886885
v 1.724028 0.247281 -1.366649
v 1.366649 0.247281 -1.724028
v -0.929522 0.247281 -1.993988
v 1.329657 0.247281 -1.752716
v 1.973760 0.247281 0.971738
v -0.971738 0.247281 -1.973760
v -0.210337 0.247281 2.189922
v 1.952637 0.247281 1.013513
v -1.013513 0.247281 -1.952637
v 1.752716 0.247281 -1.329657
v 1.292064 0.247281 -1.780610
v 1.930630 0.247281 1.054830
v -1.054830 0.247281 -1.930630
v -1.095670 0.247281 -1.907749
v 1.907749 0.247281 1.095670
v -1.198614 0.247281 1.205608
v -1.136013 0.247281 -1.884005
v 1.884005 0.247281 1.136013
v 1.780610 0.247281 -1.292064
v -0.256885 0.247281 2.184951
v -1.175842 0.247281 -1.859407
v 1.253885 0.247281 -1.807698
v 1.859407 0.247281 1.175842
v -0.303316 0.247281 2.178991
v -1.215139 0.247281 -1.833968
v 1.807698 0.247281 1.253885
v 1.833968 0.247281 1.215139
v -0.349610 0.247281 2.172044
v -0.395745 0.247281 2.164113
v -1.253885 0.247281 -1.807698
v 1.807698 0.247281 -1.253885
v 1.215139 0.247281 -1.833968
v 1.780610 0.247281 1.292064
v -1.292064 0.247281 -1.780610
v 1.752716 0.247281 1.329657
v -1.329657 0.247281 -1.752716
v 1.724028 0.247281 1.366649
v -2.159580 0.247281 0.419780
v -0.441702 0.247281 2.155203
v 1.859407 0.247281 -1.175842
v 1.833968 0.247281 -1.215139
v -1.366649 0.247281 -1.724028
v -1.403022 0.247281 -1.694559
v 1.175842 0.247281 -1.859407
v 1.694559 0.247281 1.403022
v -2.150344 0.247281 0.464781
v -1.438759 0.247281 -1.664323
v 1.664323 0.247281 1.438759
v -1.473845 0.247281 -1.633334
v -0.487458 0.247281 2.145317
v 1.884005 0.247281 -1.136013
v 1.633334 0.247281 1.473845
v 1.136013 0.247281 -1.884005
v -1.508264 0.247281 -1.601605
v 1.601605 0.247281 1.508264
v -2.140171 0.247281 0.509579
v -1.542000 0.247281 -1.569151
v -1.191580 0.247281 -1.212560
v 1.569151 0.247281 1.542000
v -0.532994 0.247281 2.134460
v 1.907749 0.247281 -1.095670
v 1.095670 0.247281 -1.907749
v 1.198614 0.247281 1.205608
v -1.198614 0.247281 -1.205608
v -2.129064 0.247281 0.554155
v 1.191580 0.247281 1.212560
v 1.930630 0.247281 -1.054830
v -0.578288 0.247281 2.122636
v 1.054830 0.247281 -1.930630
v 1.013513 0.247281 -1.952637
v 1.542000 0.247281 1.569151
v -1.601006 0.247281 -1.508900
v -1.569151 0.247281 -1.542000
v -2.117029 0.247281 0.598489
v 1.508264 0.247281 1.601605
v -1.632163 0.247281 -1.475142
v -0.623321 0.247281 2.109851
v 1.952637 0.247281 -1.013513
v 1.473845 0.247281 1.633334
v 0.971738 0.247281 -1.973760
v -2.104071 0.247281 0.642562
v -1.662608 0.247281 -1.440741
v 1.438759 0.247281 1.664323
v 1.973760 0.247281 -0.971738
v 0.929522 0.247281 -1.993988
v -1.692329 0.247281 -1.405711
v 1.403022 0.247281 1.694559
v -0.668071 0.247281 2.096111
v -1.721311 0.247281 -1.370069
v 1.366649 0.247281 1.724028
v -1.749543 0.247281 -1.333829
v -2.090195 0.247281 0.686355
v 1.993988 0.247281 -0.929522
v -0.712519 0.247281 2.081422
v 1.329657 0.247281 1.752716
v 0.886885 0.247281 -2.013314
v -1.777012 0.247281 -1.297007
v 1.292064 0.247281 1.780610
v -2.075409 0.247281 0.729849
v 2.031729 0.247281 -0.843847
v 2.013314 0.247281 -0.886885
v -1.803706 0.247281 -1.259621
v -0.756644 0.247281 2.065790
v 0.843847 0.247281 -2.031729
v 1.253885 0.247281 1.807698
v -2.059717 0.247281 0.773025
v -1.829614 0.247281 -1.221684
v 1.215139 0.247281 1.833968
v -0.800427 0.247281 2.049224
v -1.854724 0.247281 -1.183215
v 2.049224 0.247281 -0.800427
v 0.800427 0.247281 -2.049224
v 1.175842 0.247281 1.859407
v -2.043127 0.247281 0.815863
v -1.879025 0.247281 -1.144231
v -0.843847 0.247281 2.031729
v 2.065790 0.247281 -0.756644
v 1.136013 0.247281 1.884005
v 0.756644 0.247281 -2.065790
v -2.025646 0.247281 0.858346
v -1.902507 0.247281 -1.104747
v 1.095670 0.247281 1.907749
v -1.925160 0.247281 -1.064782
v 2.081422 0.247281 -0.712519
v -0.886885 0.247281 2.013314
v 1.054830 0.247281 1.930630
v 0.712519 0.247281 -2.081422
v 0.668071 0.247281 -2.096111
v -2.007282 0.247281 0.900455
v -1.946973 0.247281 -1.024352
v 1.013513 0.247281 1.952637
v 2.096111 0.247281 -0.668071
v -0.929522 0.247281 1.993988
v 0.623321 0.247281 -2.109851
v -1.988043 0.247281 0.942171
v -1.967937 0.247281 -0.983476
v 0.971738 0.247281 1.973760
v -0.971738 0.247281 1.973760
v -1.988043 0.247281 -0.942171
v 2.109851 0.247281 -0.623321
v 0.578288 0.247281 -2.122636
v -1.967937 0.247281 0.983476
v 0.929522 0.247281 1.993988
v -1.013513 0.247281 1.952637
v -2.007282 0.247281 -0.900455
v -1.946973 0.247281 1.024352
v 0.886885 0.247281 2.013314
v 2.122636 0.247281 -0.578288
v -1.054830 0.247281 1.930630
v 0.532994 0.247281 -2.134460
v -2.025646 0.247281 -0.858346
v -1.925160 0.247281 1.064782
v 0.843847 0.247281 2.031729
v 2.145317 0.247281 -0.487458
v 2.134460 0.247281 -0.532994
v -1.095670 0.247281 1.907749
v 0.487458 0.247281 -2.145317
v -2.043127 0.247281 -0.815863
v -1.902507 0.247281 1.104747
v 0.800427 0.247281 2.049224
v -2.059717 0.247281 -0.773025
v 2.155203 0.247281 -0.441702
v -1.136013 0.247281 1.884005
v 0.441702 0.247281 -2.155203
v -1.879025 0.247281 1.144231
v 0.756644 0.247281 2.065790
v -2.454068 0.050000 -0.477022
v -2.463884 0.000000 -0.478931
v -2.463884 0.055392 -0.478931
v -2.454068 0.000000 -0.477022
v -2.162566 0.257256 -0.420360
v -2.159627 0.247256 -0.419789
v -2.159617 0.247256 -0.419787
v -1.668814 0.257256 -0.324385
v 2.337580 0.050000 -0.886408
v 2.233429 0.050000 -1.123298
v -2.195534 0.247256 0.140696
v -2.500000 0.050000 0.000000
v -2.494883 0.050000 0.159879
v -2.200038 0.247256 0.000000
v -2.182042 0.247256 0.280816
v -2.479551 0.050000 0.319104
v 2.105347 0.050000 -1.348152
v -2.159617 0.247256 0.419787
v -2.454068 0.050000 0.477022
v 1.954708 0.050000 -1.558562
v -2.396014 0.050000 0.713524
v -2.315226 0.050000 0.943255
v 1.783126 0.050000 -1.752273
v -2.212469 0.050000 1.164036
v 1.569178 0.247256 -1.542027
v -2.088720 0.050000 1.373773
v 1.560180 0.247256 -1.551130
v 1.772902 0.050000 -1.762617
v 1.762617 0.050000 -1.772902
v 1.551130 0.247256 -1.560180
v 1.752273 0.050000 -1.783126
v 1.542027 0.247256 -1.569178
v -1.945151 0.050000 1.570474
v 1.558562 0.050000 -1.954708
v 1.348152 0.050000 -2.105347
v -1.783126 0.050000 1.752273
v 1.123298 0.050000 -2.233429
v -1.569178 0.247256 1.542027
v -1.560180 0.247256 1.551130
v -1.772902 0.050000 1.762617
v -1.762617 0.050000 1.772902
v -1.551130 0.247256 1.560180
v -1.752273 0.050000 1.783126
v -1.542027 0.247256 1.569178
v 0.886408 0.050000 -2.337580
v -1.558562 0.050000 1.954708
v 0.640021 0.050000 -2.416687
v -1.348152 0.050000 2.105347
v 0.386776 0.050000 -2.469900
v -1.123298 0.050000 2.233429
v -0.886408 0.050000 2.337580
v 0.129387 0.050000 -2.496650
v -0.640021 0.050000 2.416687
v -0.129387 0.050000 -2.496650
v -0.386776 0.050000 -2.469900
v -0.386776 0.050000 2.469900
v -0.129387 0.050000 2.496650
v -0.640021 0.050000 -2.416687
v 0.129387 0.050000 2.496650
v -0.886408 0.050000 -2.337580
v 0.386776 0.050000 2.469900
v -1.123298 0.050000 -2.233429
v 0.640021 0.050000 2.416687
v -1.348152 0.050000 -2.105347
v 0.886408 0.050000 2.337580
v -1.558562 0.050000 -1.954708
v 1.123298 0.050000 2.233429
v 1.348152 0.050000 2.105347
v -1.752273 0.050000 -1.783126
v 1.558562 0.050000 1.954708
v -1.542027 0.247256 -1.569178
v -1.762617 0.050000 -1.772902
v -1.551130 0.247256 -1.560180
v -1.560180 0.247256 -1.551130
v -1.772902 0.050000 -1.762617
v -1.783126 0.050000 -1.752273
v -1.569178 0.247256 -1.542027
v 1.752273 0.050000 1.783126
v -1.945151 0.050000 -1.570474
v 1.542027 0.247256 1.569178
v 1.551130 0.247256 1.560180
v 1.762617 0.050000 1.772902
v 1.560180 0.247256 1.551130
v 1.772902 0.050000 1.762617
v -2.088720 0.050000 -1.373773
v 1.569178 0.247256 1.542027
v 1.783126 0.050000 1.752273
v 1.954708 0.050000 1.558562
v -2.212469 0.050000 -1.164036
v 2.105347 0.050000 1.348152
v -2.315226 0.050000 -0.943255
v 2.233429 0.050000 1.123298
v -2.396014 0.050000 -0.713524
v 2.337580 0.050000 0.886408
v -2.454068 0.050000 -0.477022
v -2.479551 0.050000 -0.319104
v 2.416687 0.050000 0.640021
v -2.182042 0.247256 -0.280816
v -2.494883 0.050000 -0.159879
v -2.195534 0.247256 -0.140696
v 2.469900 0.050000 0.386776
v 2.496650 0.050000 0.129387
v 2.496650 0.050000 -0.129387
v 2.469900 0.050000 -0.386776
v 2.416687 0.050000 -0.640021
v -1.783126 0.050000 -1.752273
v -1.790259 0.000000 -1.759282
v -1.783126 0.000000 -1.752273
v -1.790259 0.055392 -1.759282
v -1.569186 0.247256 -1.542034
v -1.571321 0.257256 -1.544133
v -1.212560 0.257256 -1.191580
v -1.191580 0.257256 -1.212560
v -1.198614 0.257256 -1.205608
v -1.205608 0.257256 -1.198614
v -1.759282 0.000000 -1.790259
v -1.752273 0.050000 -1.783126
v -1.752273 0.000000 -1.783126
v -1.759282 0.055392 -1.790259
v -1.542034 0.247256 -1.569186
v -1.544133 0.257256 -1.571321
v 1.752273 0.050000 -1.783126
v 1.759282 0.000000 -1.790259
v 1.752273 0.000000 -1.783126
v 1.759282 0.055392 -1.790259
v 1.542034 0.247256 -1.569186
v 1.544133 0.257256 -1.571321
v 1.191580 0.257256 -1.212560
v 1.212560 0.257256 -1.191580
v 1.205608 0.257256 -1.198614
v 1.198614 0.257256 -1.205608
v 1.790259 0.000000 -1.759282
v 1.783126 0.050000 -1.752273
v 1.783126 0.000000 -1.752273
v 1.790259 0.055392 -1.759282
v 1.569186 0.247256 -1.542034
v 1.571321 0.257256 -1.544133
v 1.783126 0.050000 1.752273
v 1.790259 0.000000 1.759282
v 1.783126 0.000000 1.752273
v 1.790259 0.055392 1.759282
v 1.569186 0.247256 1.542034
v 1.571321 0.257256 1.544133
v 1.212560 0.257256 1.191580
v 1.191580 0.257256 1.212560
v 1.198614 0.257256 1.205608
v 1.205608 0.257256 1.198614
v 1.759282 0.000000 1.790259
v 1.752273 0.050000 1.783126
v 1.752273 0.000000 1.783126
v 1.759282 0.055392 1.790259
v 1.542034 0.247256 1.569186
v 1.544133 0.257256 1.571321
v -1.752273 0.050000 1.783126
v -1.759282 0.000000 1.790259
v -1.752273 0.000000 1.783126
v -1.759282 0.055392 1.790259
v -1.542034 0.247256 1.569186
v -1.544133 0.257256 1.571321
v -1.191580 0.257256 1.212560
v -1.212560 0.257256 1.191580
v -1.205608 0.257256 1.198614
v -1.198614 0.257256 1.205608
v -1.790259 0.000000 1.759282
v -1.783126 0.050000 1.752273
v -1.783126 0.000000 1.752273
v -1.790259 0.055392 1.759282
v -1.569186 0.247256 1.542034
v -1.571321 0.257256 1.544133
v -2.463884 0.000000 0.478931
v -2.454068 0.050000 0.477022
v -2.463884 0.055392 0.478931
v -2.454068 0.000000 0.477022
v -2.162566 0.257256 0.420360
v -2.159627 0.247256 0.419789
v -1.668814 0.257256 0.324385
v -1.692222 0.257256 -0.162942
v -1.700048 0.257256 0.000000
v -1.692222 0.257256 0.162942
v -2.479551 0.000000 -0.319104
v -2.494883 0.000000 -0.159879
v -2.498445 0.000000 -0.240573
v -2.500000 0.000000 0.000000
v -2.510000 0.000000 0.000000
v -2.494883 0.000000 0.159879
v -2.498445 0.000000 0.240573
v -2.479551 0.000000 0.319104
v -2.498445 0.055392 -0.240573
v -2.510000 0.055392 0.000000
v -2.498445 0.055392 0.240573
v -2.332134 0.156324 -0.338143
v -2.192899 0.257256 -0.211152
v -2.353807 0.156324 -0.113062
v -2.203042 0.257256 0.000000
v -2.353807 0.156324 0.113062
v -2.192899 0.257256 0.211152
v -2.332134 0.156324 0.338143
v -2.182053 0.247256 -0.280818
v -2.195545 0.247256 -0.140697
v -2.200048 0.247256 0.000000
v -2.195545 0.247256 0.140697
v -2.182053 0.247256 0.280818
v -2.488491 0.050000 -0.239614
v -2.500000 0.050000 0.000000
v -2.488491 0.050000 0.239614
v -2.447139 0.000000 0.511380
v -2.381589 0.000000 0.760287
v -2.290792 0.000000 1.001135
v -2.175713 0.000000 1.231370
v -2.037571 0.000000 1.448553
v -1.877830 0.000000 1.650380
v -1.698183 0.000000 1.834713
v -1.500536 0.000000 1.999598
v -1.286982 0.000000 2.143286
v -1.059786 0.000000 2.264256
v -0.821356 0.000000 2.361223
v -0.574219 0.000000 2.433161
v -0.320996 0.000000 2.479307
v -0.064370 0.000000 2.499171
v 0.192939 0.000000 2.492544
v 0.448202 0.000000 2.459495
v 0.698714 0.000000 2.400375
v 0.941820 0.000000 2.315810
v 1.174942 0.000000 2.206697
v 1.395609 0.000000 2.074193
v 1.790380 0.000000 1.744861
v 1.772902 0.000000 1.762617
v 1.601483 0.000000 1.919701
v 1.960299 0.000000 1.551524
v 2.109439 0.000000 1.341740
v 2.236218 0.000000 1.117735
v 2.339292 0.000000 0.881880
v 2.417569 0.000000 0.636678
v 2.470220 0.000000 0.384726
v 2.496685 0.000000 0.128697
v 2.496685 0.000000 -0.128697
v 2.470220 0.000000 -0.384726
v 2.417569 0.000000 -0.636678
v 2.339292 0.000000 -0.881880
v 2.236218 0.000000 -1.117735
v 2.109439 0.000000 -1.341740
v 1.960299 0.000000 -1.551524
v 1.772902 0.000000 -1.762617
v 1.790380 0.000000 -1.744861
v 1.601483 0.000000 -1.919701
v 1.395609 0.000000 -2.074193
v 1.174942 0.000000 -2.206697
v 0.941820 0.000000 -2.315810
v 0.698714 0.000000 -2.400375
v 0.448202 0.000000 -2.459495
v 0.192939 0.000000 -2.492544
v -0.064370 0.000000 -2.499171
v -0.320996 0.000000 -2.479307
v -0.574219 0.000000 -2.433161
v -0.821356 0.000000 -2.361223
v -1.059786 0.000000 -2.264256
v -1.286982 0.000000 -2.143286
v -1.500536 0.000000 -1.999598
v -1.698183 0.000000 -1.834713
v -1.877830 0.000000 -1.650380
v -2.037571 0.000000 -1.448553
v -2.175713 0.000000 -1.231370
v -2.290792 0.000000 -1.001135
v -2.381589 0.000000 -0.760287
v -2.447139 0.000000 -0.511380
v -2.486750 0.000000 0.257053
v -2.486750 0.000000 -0.257053
v -2.500000 0.000000 0.000000
v -1.762617 0.000000 1.772902
v -1.772902 0.000000 1.762617
v 1.762617 0.000000 1.772902
v 1.762617 0.000000 -1.772902
v -1.762617 0.000000 -1.772902
v -1.772902 0.000000 -1.762617
v 1.772902 0.050000 -1.762617
v 1.762617 0.050000 -1.772902
v 1.762617 0.050000 1.772902
v 1.772902 0.050000 1.762617
v -1.772902 0.050000 1.762617
v -1.762617 0.050000 1.772902
v -1.560188 0.247256 1.551137
v -1.551137 0.247256 1.560188
v 1.551137 0.247256 1.560188
v 1.560188 0.247256 1.551137
v 1.560188 0.247256 -1.551137
v 1.551137 0.247256 -1.560188
v -1.551137 0.247256 -1.560188
v -1.560188 0.247256 -1.551137
v -1.762617 0.050000 -1.772902
v -1.772902 0.050000 -1.762617
v -1.769668 0.000000 -1.779993
v -1.779993 0.000000 -1.769668
v -1.769668 0.055392 -1.779993
v -1.779993 0.055392 -1.769668
v -1.553248 0.257256 -1.562311
v -1.562311 0.257256 -1.553248
v 1.772902 0.000000 -1.762617
v 1.779993 0.000000 -1.769668
v 1.790259 0.000000 -1.759282
v 1.762617 0.000000 -1.772902
v 1.769668 0.000000 -1.779993
v 1.752273 0.000000 -1.783126
v 1.779993 0.055392 -1.769668
v 1.769668 0.055392 -1.779993
v 1.759282 0.055392 -1.790259
v 1.562311 0.257256 -1.553248
v 1.553248 0.257256 -1.562311
v 1.752273 0.050000 -1.783126
v 1.769668 0.000000 1.779993
v 1.779993 0.000000 1.769668
v 1.769668 0.055392 1.779993
v 1.779993 0.055392 1.769668
v 1.553248 0.257256 1.562311
v 1.562311 0.257256 1.553248
v -1.779993 0.000000 1.769668
v -1.762617 0.000000 1.772902
v -1.769668 0.000000 1.779993
v -1.759282 0.000000 1.790259
v -1.779993 0.055392 1.769668
v -1.769668 0.055392 1.779993
v -1.562311 0.257256 1.553248
v -1.553248 0.257256 1.562311
v -1.198614 0.257256 1.205608
v -1.191580 0.257256 1.212560
vt 0.998474 0.231385
vt 0.997891 0.021987
vt 0.998474 0.021987
vt 0.997891 0.231385
vt 0.276883 0.061359
vt 0.276883 0.353545
vt 0.026310 0.061359
vt 0.276884 0.645730
vt 0.026310 0.645730
vt 0.998528 0.694722
vt 0.997945 0.111681
vt 0.998528 0.111681
vt 0.997946 0.623800
vt 0.997945 0.040759
vt 0.998528 0.623800
vt 0.329504 0.353544
vt 0.329504 0.061359
vt 0.580077 0.061359
vt 0.580077 0.645730
vt 0.329504 0.645730
vt 0.999233 0.617367
vt 0.999108 0.325398
vt 0.999160 0.325359
vt 0.999200 0.325311
vt 0.999046 0.325425
vt 0.999225 0.325256
vt 0.998977 0.325439
vt 0.999234 0.325198
vt 0.998651 0.617367
vt 0.998907 0.325439
vt 0.998839 0.325425
vt 0.998777 0.325398
vt 0.998651 0.325198
vt 0.998659 0.325256
vt 0.998684 0.325311
vt 0.998724 0.325359
vt 0.999931 0.617312
vt 0.999939 0.325198
vt 0.999939 0.617367
vt 0.999910 0.617261
vt 0.999875 0.617215
vt 0.999829 0.617176
vt 0.999774 0.617147
vt 0.999712 0.617129
vt 0.999647 0.617123
vt 0.999583 0.617129
vt 0.999356 0.325198
vt 0.999521 0.617147
vt 0.999466 0.617176
vt 0.999356 0.617367
vt 0.999363 0.617312
vt 0.999385 0.617261
vt 0.999420 0.617215
vt 0.998596 0.231385
vt 0.999179 0.021987
vt 0.999179 0.231385
vt 0.998596 0.021987
vt 0.087499 0.694008
vt 0.087564 0.694004
vt 0.087564 0.698681
vt 0.087435 0.694000
vt 0.086164 0.698624
vt 0.084821 0.698287
vt 0.100016 0.697208
vt 0.099962 0.697245
vt 0.096301 0.693912
vt 0.097487 0.693287
vt 0.087374 0.693980
vt 0.083613 0.697692
vt 0.087320 0.693950
vt 0.082609 0.696871
vt 0.100079 0.697183
vt 0.098819 0.692918
vt 0.087276 0.693910
vt 0.081870 0.695873
vt 0.087243 0.693863
vt 0.081436 0.694757
vt 0.087223 0.693811
vt 0.100148 0.697171
vt 0.100218 0.692826
vt 0.100218 0.697173
vt 0.087218 0.693757
vt 0.081334 0.693586
vt 0.980826 0.613868
vt 0.978221 0.609225
vt 0.979534 0.609223
vt 0.980894 0.613868
vt 0.980929 0.609222
vt 0.087227 0.693703
vt 0.081570 0.692429
vt 0.980964 0.613868
vt 0.982323 0.609223
vt 0.087251 0.693652
vt 0.082130 0.691353
vt 0.981032 0.613868
vt 0.983637 0.609225
vt 0.087287 0.693607
vt 0.082981 0.690421
vt 0.094231 0.692900
vt 0.094301 0.697245
vt 0.092902 0.697152
vt 0.087334 0.693569
vt 0.084073 0.689686
vt 0.094301 0.692897
vt 0.094162 0.692888
vt 0.091570 0.696783
vt 0.087390 0.693542
vt 0.085344 0.689192
vt 0.094099 0.692863
vt 0.090384 0.696159
vt 0.960418 0.613850
vt 0.959718 0.609223
vt 0.961123 0.609223
vt 0.094045 0.692826
vt 0.089411 0.695315
vt 0.087453 0.693526
vt 0.970977 0.613850
vt 0.970272 0.609223
vt 0.971677 0.609223
vt 0.970907 0.613850
vt 0.960488 0.613850
vt 0.095328 0.694756
vt 0.968908 0.609223
vt 0.967665 0.609223
vt 0.967665 0.324864
vt 0.968908 0.324864
vt 0.970272 0.324864
vt 0.991651 0.608740
vt 0.990253 0.324382
vt 0.991650 0.324382
vt 0.990253 0.608740
vt 0.971677 0.324864
vt 0.992973 0.608738
vt 0.992973 0.324380
vt 0.973041 0.609223
vt 0.973041 0.324864
vt 0.994143 0.608736
vt 0.994143 0.324378
vt 0.974285 0.609223
vt 0.974285 0.324864
vt 0.957110 0.609223
vt 0.956058 0.324864
vt 0.957110 0.324864
vt 0.975337 0.609223
vt 0.975337 0.324864
vt 0.956058 0.609223
vt 0.958354 0.609223
vt 0.958354 0.324864
vt 0.987558 0.608738
vt 0.986416 0.324378
vt 0.987558 0.324380
vt 0.986416 0.608736
vt 0.988862 0.608740
vt 0.988862 0.324382
vt 0.959718 0.324864
vt 0.961123 0.324864
vt 0.962487 0.609223
vt 0.962487 0.324864
vt 0.963731 0.609223
vt 0.963731 0.324864
vt 0.964782 0.609223
vt 0.964782 0.324864
vt 0.977065 0.324870
vt 0.978221 0.324868
vt 0.977065 0.609227
vt 0.979534 0.324866
vt 0.980929 0.324865
vt 0.982323 0.324866
vt 0.983637 0.324868
vt 0.984793 0.609227
vt 0.984793 0.324870
vt 0.966614 0.609223
vt 0.966614 0.324864
vt 0.649593 0.741433
vt 0.720758 0.691106
vt 0.721614 0.692035
vt 0.815194 0.653305
vt 0.730753 0.686121
vt 0.809214 0.644200
vt 0.731319 0.687195
vt 0.724749 0.683819
vt 0.723408 0.684161
vt 0.701173 0.608452
vt 0.720471 0.686587
vt 0.642297 0.644317
vt 0.721205 0.685586
vt 0.631747 0.663099
vt 0.636317 0.653431
vt 0.658091 0.749005
vt 0.819764 0.662968
vt 0.726149 0.683755
vt 0.725755 0.605834
vt 0.738144 0.606478
vt 0.720044 0.687705
vt 0.667655 0.755624
vt 0.722711 0.692765
vt 0.627104 0.683485
vt 0.628660 0.673171
vt 0.822851 0.673034
vt 0.731562 0.688351
vt 0.727525 0.683974
vt 0.750337 0.608418
vt 0.762143 0.611622
vt 0.678136 0.761187
vt 0.719949 0.688877
vt 0.628660 0.704193
vt 0.627104 0.693881
vt 0.824407 0.683347
vt 0.689368 0.765605
vt 0.723985 0.693253
vt 0.728800 0.684463
vt 0.773375 0.616040
vt 0.783856 0.621603
vt 0.824407 0.693742
vt 0.731467 0.689522
vt 0.720192 0.690032
vt 0.636317 0.723922
vt 0.631747 0.714260
vt 0.701173 0.768810
vt 0.729897 0.685193
vt 0.793420 0.628223
vt 0.801918 0.635795
vt 0.642297 0.733028
vt 0.822851 0.704057
vt 0.713367 0.770749
vt 0.725362 0.693472
vt 0.819764 0.714128
vt 0.731040 0.690641
vt 0.725756 0.771393
vt 0.726762 0.693409
vt 0.815194 0.723797
vt 0.738144 0.770732
vt 0.809214 0.732911
vt 0.730306 0.691641
vt 0.750338 0.768775
vt 0.728103 0.693067
vt 0.722203 0.684761
vt 0.658090 0.628318
vt 0.667655 0.621685
vt 0.678136 0.616107
vt 0.801918 0.741326
vt 0.762143 0.765554
vt 0.793420 0.748910
vt 0.729308 0.692466
vt 0.689368 0.611673
vt 0.773375 0.761120
vt 0.783856 0.755543
vt 0.649593 0.635902
vt 0.713367 0.606496
vt 0.856830 0.704915
vt 0.856827 0.715291
vt 0.846247 0.709248
vt 0.846248 0.707239
vt 0.846249 0.705235
vt 0.846251 0.703237
vt 0.846252 0.701246
vt 0.846254 0.699264
vt 0.930083 0.658559
vt 0.940664 0.658559
vt 0.940664 0.660575
vt 0.940664 0.662590
vt 0.856840 0.694703
vt 0.940664 0.664605
vt 0.846256 0.697291
vt 0.846258 0.695328
vt 0.846261 0.693378
vt 0.846264 0.691440
vt 0.846267 0.689517
vt 0.856856 0.684815
vt 0.846270 0.687609
vt 0.846273 0.685717
vt 0.930085 0.668945
vt 0.940665 0.666616
vt 0.846277 0.683843
vt 0.940666 0.668624
vt 0.846281 0.681988
vt 0.940666 0.670626
vt 0.940668 0.672623
vt 0.846285 0.680152
vt 0.940669 0.674611
vt 0.856878 0.675408
vt 0.846289 0.678337
vt 0.846294 0.676544
vt 0.846299 0.674774
vt 0.930092 0.679190
vt 0.940670 0.676592
vt 0.846304 0.673028
vt 0.940672 0.678562
vt 0.846309 0.671307
vt 0.940674 0.680521
vt 0.940676 0.682469
vt 0.940678 0.684403
vt 0.856905 0.666630
vt 0.846314 0.669612
vt 0.846320 0.667944
vt 0.846326 0.666305
vt 0.846332 0.664694
vt 0.846338 0.663114
vt 0.930103 0.689134
vt 0.940680 0.686322
vt 0.940683 0.688226
vt 0.940686 0.690113
vt 0.940688 0.691983
vt 0.940692 0.693833
vt 0.856938 0.658620
vt 0.846344 0.661564
vt 0.846351 0.660046
vt 0.846358 0.658561
vt 0.846365 0.657110
vt 0.915040 0.721821
vt 0.904459 0.720367
vt 0.904458 0.718933
vt 0.904458 0.717465
vt 0.930120 0.698619
vt 0.940695 0.695664
vt 0.940698 0.697473
vt 0.940702 0.699260
vt 0.940705 0.701024
vt 0.940709 0.702763
vt 0.915038 0.714245
vt 0.904458 0.715965
vt 0.904457 0.714431
vt 0.904457 0.712867
vt 0.904457 0.711272
vt 0.904456 0.709647
vt 0.930140 0.707496
vt 0.940713 0.704478
vt 0.940718 0.706166
vt 0.940722 0.707826
vt 0.940726 0.709458
vt 0.940731 0.711061
vt 0.915037 0.705837
vt 0.904456 0.707994
vt 0.904456 0.706313
vt 0.904456 0.704605
vt 0.904455 0.702872
vt 0.904455 0.701115
vt 0.930165 0.715625
vt 0.940736 0.712634
vt 0.940741 0.714175
vt 0.940746 0.715685
vt 0.940751 0.717161
vt 0.940756 0.718604
vt 0.927851 0.721820
vt 0.917269 0.718930
vt 0.917269 0.717461
vt 0.915035 0.696729
vt 0.904455 0.699333
vt 0.904455 0.697530
vt 0.904454 0.695705
vt 0.904454 0.693859
vt 0.904454 0.691995
vt 0.927849 0.714239
vt 0.917268 0.715959
vt 0.915034 0.687065
vt 0.917268 0.714425
vt 0.917268 0.712859
vt 0.917267 0.711263
vt 0.904454 0.690112
vt 0.917267 0.709637
vt 0.904454 0.688212
vt 0.904454 0.686297
vt 0.904453 0.684366
vt 0.904453 0.682422
vt 0.927847 0.705825
vt 0.915034 0.676996
vt 0.917267 0.707983
vt 0.917267 0.706301
vt 0.917266 0.704592
vt 0.904453 0.680466
vt 0.917266 0.702858
vt 0.904453 0.678498
vt 0.917266 0.701100
vt 0.904453 0.676521
vt 0.904453 0.674534
vt 0.904453 0.672540
vt 0.915033 0.666682
vt 0.927846 0.696712
vt 0.904453 0.670539
vt 0.917266 0.699317
vt 0.904453 0.668532
vt 0.917265 0.697513
vt 0.904453 0.666521
vt 0.917265 0.695687
vt 0.904453 0.664508
vt 0.917265 0.693841
vt 0.904453 0.662492
vt 0.917265 0.691976
vt 0.915033 0.656286
vt 0.927845 0.687044
vt 0.904453 0.660476
vt 0.904453 0.658461
vt 0.917265 0.690092
vt 0.904453 0.656447
vt 0.917264 0.688192
vt 0.904453 0.654436
vt 0.917264 0.686276
vt 0.904453 0.652430
vt 0.917264 0.684345
vt 0.904453 0.650429
vt 0.917264 0.682401
vt 0.915034 0.645971
vt 0.904453 0.646447
vt 0.904453 0.644469
vt 0.904453 0.642501
vt 0.904453 0.640544
vt 0.904453 0.648434
vt 0.927844 0.676973
vt 0.917264 0.680444
vt 0.917264 0.678476
vt 0.917264 0.676498
vt 0.917264 0.674511
vt 0.917263 0.672516
vt 0.915034 0.635900
vt 0.904453 0.638599
vt 0.904454 0.636669
vt 0.904454 0.634752
vt 0.904454 0.632852
vt 0.904454 0.630969
vt 0.927844 0.666658
vt 0.917263 0.670515
vt 0.917263 0.668508
vt 0.917263 0.666497
vt 0.917263 0.664483
vt 0.917263 0.662468
vt 0.917263 0.660452
vt 0.915035 0.626232
vt 0.904454 0.629103
vt 0.904454 0.627257
vt 0.904455 0.625431
vt 0.904455 0.623627
vt 0.904455 0.621845
vt 0.927844 0.656262
vt 0.917263 0.658436
vt 0.917263 0.656423
vt 0.917263 0.654412
vt 0.917263 0.652406
vt 0.917263 0.650405
vt 0.915037 0.617119
vt 0.904455 0.620086
vt 0.904456 0.618352
vt 0.904456 0.616644
vt 0.904456 0.614962
vt 0.904456 0.613307
vt 0.927844 0.645948
vt 0.917264 0.648410
vt 0.917264 0.646424
vt 0.917264 0.644446
vt 0.917264 0.642478
vt 0.917264 0.640522
vt 0.915038 0.608706
vt 0.904457 0.611682
vt 0.904457 0.610085
vt 0.904457 0.608520
vt 0.904458 0.606985
vt 0.904458 0.605483
vt 0.915040 0.601124
vt 0.904458 0.604014
vt 0.904459 0.602579
vt 0.927845 0.635880
vt 0.917264 0.638578
vt 0.930170 0.602302
vt 0.940756 0.600818
vt 0.940751 0.602244
vt 0.917264 0.636648
vt 0.940746 0.603704
vt 0.917264 0.634732
vt 0.940741 0.605198
vt 0.917265 0.632832
vt 0.940736 0.606724
vt 0.917265 0.630950
vt 0.930145 0.610192
vt 0.940731 0.608282
vt 0.940726 0.609870
vt 0.940722 0.611488
vt 0.940718 0.613135
vt 0.940713 0.614810
vt 0.927846 0.626215
vt 0.917265 0.629085
vt 0.917265 0.627240
vt 0.917265 0.625415
vt 0.917266 0.623611
vt 0.917266 0.621830
vt 0.930123 0.618868
vt 0.940709 0.616512
vt 0.940705 0.618239
vt 0.940702 0.619992
vt 0.940698 0.621768
vt 0.940695 0.623567
vt 0.927847 0.617107
vt 0.917266 0.620072
vt 0.917266 0.618339
vt 0.917267 0.616632
vt 0.917267 0.614951
vt 0.917267 0.613297
vt 0.930106 0.628193
vt 0.940692 0.625387
vt 0.940688 0.627228
vt 0.940686 0.629088
vt 0.940683 0.630967
vt 0.940680 0.632863
vt 0.927849 0.608699
vt 0.917267 0.611673
vt 0.917268 0.610078
vt 0.917268 0.608513
vt 0.917268 0.606980
vt 0.930094 0.638021
vt 0.940678 0.634775
vt 0.917269 0.605479
vt 0.940676 0.636702
vt 0.940674 0.638643
vt 0.940672 0.640597
vt 0.940670 0.642562
vt 0.930086 0.648196
vt 0.940669 0.644538
vt 0.940668 0.646523
vt 0.940666 0.648516
vt 0.940666 0.650515
vt 0.940665 0.652521
vt 0.856938 0.771962
vt 0.846344 0.769018
vt 0.846338 0.767468
vt 0.940664 0.654530
vt 0.927851 0.601124
vt 0.940664 0.656543
vt 0.917269 0.604011
vt 0.917269 0.602578
vt 0.846365 0.773472
vt 0.846358 0.772020
vt 0.846351 0.770535
vt 0.856905 0.763951
vt 0.846332 0.765887
vt 0.846326 0.764277
vt 0.846320 0.762637
vt 0.846314 0.760969
vt 0.846309 0.759275
vt 0.856878 0.755173
vt 0.846304 0.757554
vt 0.846299 0.755808
vt 0.846294 0.754038
vt 0.846289 0.752245
vt 0.846285 0.750430
vt 0.856856 0.745766
vt 0.846281 0.748594
vt 0.846277 0.746739
vt 0.846273 0.744864
vt 0.846270 0.742973
vt 0.846267 0.741065
vt 0.856840 0.735879
vt 0.846264 0.739141
vt 0.846261 0.737204
vt 0.846258 0.735253
vt 0.846256 0.733291
vt 0.846254 0.731318
vt 0.856830 0.725667
vt 0.846252 0.729335
vt 0.846251 0.727345
vt 0.846249 0.725347
vt 0.846248 0.723343
vt 0.846247 0.721334
vt 0.846247 0.719321
vt 0.846246 0.717307
vt 0.846246 0.715291
vt 0.846246 0.713275
vt 0.846247 0.711260
vt 0.719971 0.506460
vt 0.721873 0.507700
vt 0.721648 0.507559
vt 0.657872 0.414324
vt 0.686338 0.419569
vt 0.685720 0.421515
vt 0.658596 0.412130
vt 0.865655 0.398377
vt 0.891058 0.386520
vt 0.866903 0.400102
vt 0.654843 0.456443
vt 0.683410 0.451492
vt 0.683723 0.453490
vt 0.717330 0.534334
vt 0.731892 0.513301
vt 0.719656 0.535441
vt 0.655240 0.458654
vt 0.889618 0.384584
vt 0.858253 0.494406
vt 0.859756 0.492834
vt 0.882586 0.507961
vt 0.880887 0.509738
vt 0.879143 0.511484
vt 0.729609 0.344031
vt 0.732110 0.343133
vt 0.743275 0.365617
vt 0.657203 0.416531
vt 0.685160 0.423473
vt 0.741066 0.366416
vt 0.718106 0.505182
vt 0.719777 0.506333
vt 0.654502 0.454226
vt 0.864357 0.396677
vt 0.656591 0.418749
vt 0.684656 0.425441
vt 0.888129 0.382674
vt 0.715033 0.533186
vt 0.729824 0.512263
vt 0.654216 0.452003
vt 0.683154 0.449489
vt 0.856706 0.495947
vt 0.877355 0.513199
vt 0.716278 0.503866
vt 0.717943 0.505070
vt 0.727132 0.344975
vt 0.656036 0.420977
vt 0.684210 0.427420
vt 0.738880 0.367261
vt 0.653986 0.449776
vt 0.682957 0.447481
vt 0.863010 0.395005
vt 0.886592 0.380791
vt 0.712764 0.531999
vt 0.727787 0.511183
vt 0.855114 0.497455
vt 0.875523 0.514881
vt 0.655538 0.423215
vt 0.714489 0.502513
vt 0.716145 0.503770
vt 0.653811 0.447546
vt 0.682819 0.445470
vt 0.724679 0.345962
vt 0.655096 0.425462
vt 0.683822 0.429407
vt 0.736721 0.368149
vt 0.653692 0.445313
vt 0.682739 0.443457
vt 0.712740 0.501125
vt 0.714384 0.502435
vt 0.861615 0.393360
vt 0.885007 0.378935
vt 0.853478 0.498931
vt 0.873649 0.516531
vt 0.710526 0.530773
vt 0.654712 0.427716
vt 0.683492 0.431401
vt 0.725782 0.510062
vt 0.653629 0.443078
vt 0.682718 0.441443
vt 0.722253 0.346992
vt 0.654386 0.429976
vt 0.683221 0.433402
vt 0.734588 0.369082
vt 0.860173 0.391744
vt 0.881698 0.375311
vt 0.883376 0.377108
vt 0.653622 0.440844
vt 0.682756 0.439429
vt 0.711032 0.499701
vt 0.712663 0.501065
vt 0.851800 0.500373
vt 0.871733 0.518146
vt 0.654117 0.432242
vt 0.683007 0.435408
vt 0.708319 0.529508
vt 0.723811 0.508901
vt 0.653671 0.438609
vt 0.682836 0.437635
vt 0.653775 0.436376
vt 0.858683 0.390158
vt 0.879976 0.373543
vt 0.653905 0.434512
vt 0.682937 0.436194
vt 0.775609 0.524454
vt 0.775034 0.524423
vt 0.775295 0.524435
vt 0.880475 0.446196
vt 0.880445 0.446676
vt 0.880459 0.446414
vt 0.787702 0.359376
vt 0.788277 0.359408
vt 0.788016 0.359396
vt 0.682866 0.437155
vt 0.682852 0.437417
vt 0.719853 0.348065
vt 0.732482 0.370058
vt 0.850080 0.501780
vt 0.869777 0.519727
vt 0.710981 0.499661
vt 0.704670 0.493720
vt 0.703201 0.492158
vt 0.704628 0.493673
vt 0.701777 0.490567
vt 0.703139 0.492087
vt 0.700399 0.488948
vt 0.701696 0.490471
vt 0.699067 0.487302
vt 0.700301 0.488826
vt 0.709366 0.498243
vt 0.697784 0.485630
vt 0.698954 0.487154
vt 0.696549 0.483933
vt 0.697656 0.485454
vt 0.709340 0.498223
vt 0.857149 0.388603
vt 0.706143 0.528205
vt 0.878208 0.371807
vt 0.848319 0.503152
vt 0.867781 0.521273
vt 0.865745 0.522783
vt 0.707742 0.496752
vt 0.707740 0.496754
vt 0.855569 0.387079
vt 0.876397 0.370102
vt 0.717481 0.349181
vt 0.730406 0.371076
vt 0.846519 0.504488
vt 0.863672 0.524257
vt 0.704001 0.526864
vt 0.706183 0.495252
vt 0.853945 0.385588
vt 0.874543 0.368430
vt 0.706163 0.495228
vt 0.844681 0.505786
vt 0.861562 0.525693
vt 0.715138 0.350339
vt 0.728361 0.372136
vt 0.852279 0.384130
vt 0.872647 0.366791
vt 0.842805 0.507046
vt 0.859415 0.527091
vt 0.712825 0.351539
vt 0.850571 0.382706
vt 0.868733 0.363616
vt 0.870710 0.365186
vt 0.840893 0.508268
vt 0.857233 0.528451
vt 0.710544 0.352779
vt 0.726347 0.373238
vt 0.848822 0.381318
vt 0.866716 0.362081
vt 0.838946 0.509451
vt 0.855017 0.529771
vt 0.708294 0.354060
vt 0.724365 0.374380
vt 0.847033 0.379965
vt 0.864660 0.360582
vt 0.836964 0.510593
vt 0.852767 0.531052
vt 0.706078 0.355380
vt 0.722418 0.375563
vt 0.845205 0.378649
vt 0.862567 0.359120
vt 0.696408 0.483729
vt 0.834950 0.511695
vt 0.850486 0.532292
vt 0.848173 0.533492
vt 0.843340 0.377371
vt 0.703896 0.356740
vt 0.860437 0.357696
vt 0.720506 0.376785
vt 0.832905 0.512755
vt 0.845830 0.534649
vt 0.701750 0.358138
vt 0.718630 0.378045
vt 0.841438 0.376131
vt 0.858272 0.356310
vt 0.909642 0.445179
vt 0.909536 0.447455
vt 0.830829 0.513773
vt 0.843458 0.535765
vt 0.880411 0.447157
vt 0.880374 0.447637
vt 0.880304 0.448423
vt 0.909406 0.449319
vt 0.909195 0.451589
vt 0.839501 0.374930
vt 0.699639 0.359574
vt 0.716792 0.379343
vt 0.856072 0.354963
vt 0.828724 0.514749
vt 0.841059 0.536839
vt 0.880555 0.444401
vt 0.837529 0.373769
vt 0.851572 0.352386
vt 0.853838 0.353655
vt 0.697566 0.361047
vt 0.826590 0.515681
vt 0.838632 0.537869
vt 0.909690 0.442902
vt 0.880091 0.450429
vt 0.908926 0.453855
vt 0.835524 0.372648
vt 0.849274 0.351159
vt 0.695530 0.362558
vt 0.824431 0.516570
vt 0.836179 0.538856
vt 0.880593 0.442388
vt 0.714992 0.380679
vt 0.833487 0.371568
vt 0.846945 0.349972
vt 0.822246 0.517415
vt 0.693534 0.364103
vt 0.909680 0.440625
vt 0.833702 0.539799
vt 0.879819 0.452430
vt 0.908599 0.456115
vt 0.831420 0.370530
vt 0.844587 0.348828
vt 0.713231 0.382051
vt 0.820036 0.518214
vt 0.831201 0.540698
vt 0.828678 0.541552
vt 0.829323 0.369534
vt 0.842200 0.347725
vt 0.880572 0.440374
vt 0.691578 0.365685
vt 0.817805 0.518969
vt 0.826133 0.542361
vt 0.711511 0.383458
vt 0.827197 0.368581
vt 0.839786 0.346665
vt 0.909612 0.438348
vt 0.879489 0.454424
vt 0.908215 0.458369
vt 0.815551 0.519677
vt 0.823569 0.543125
vt 0.825045 0.367672
vt 0.837346 0.345648
vt 0.689662 0.367300
vt 0.880492 0.438361
vt 0.813278 0.520340
vt 0.820985 0.543842
vt 0.709833 0.384900
vt 0.822867 0.366807
vt 0.832390 0.343745
vt 0.834880 0.344675
vt 0.909486 0.436073
vt 0.879101 0.456411
vt 0.810985 0.520956
vt 0.907773 0.460616
vt 0.818384 0.544514
vt 0.907275 0.462854
vt 0.820664 0.365986
vt 0.829877 0.342860
vt 0.808676 0.521525
vt 0.815766 0.545139
vt 0.880354 0.436350
vt 0.687788 0.368950
vt 0.818439 0.365210
vt 0.827343 0.342020
vt 0.806350 0.522047
vt 0.813132 0.545717
vt 0.708198 0.386375
vt 0.909302 0.433801
vt 0.816191 0.364480
vt 0.878655 0.458390
vt 0.906720 0.465082
vt 0.824788 0.341226
vt 0.804010 0.522522
vt 0.810484 0.546249
vt 0.807823 0.546733
vt 0.813923 0.363796
vt 0.822213 0.340476
vt 0.880157 0.434342
vt 0.682900 0.436674
vt 0.801656 0.522949
vt 0.805151 0.547170
vt 0.811636 0.363158
vt 0.819620 0.339773
vt 0.909060 0.431532
vt 0.799291 0.523327
vt 0.685957 0.370632
vt 0.706605 0.387884
vt 0.802468 0.547558
vt 0.878152 0.460358
vt 0.906108 0.467300
vt 0.809331 0.362567
vt 0.817009 0.339116
vt 0.684168 0.372347
vt 0.705058 0.389425
vt 0.796915 0.523657
vt 0.799775 0.547900
vt 0.879902 0.432339
vt 0.807010 0.362022
vt 0.811742 0.337942
vt 0.814383 0.338506
vt 0.682424 0.374093
vt 0.680725 0.375870
vt 0.794530 0.523939
vt 0.797074 0.548193
vt 0.908761 0.429268
vt 0.877591 0.462316
vt 0.905439 0.469507
vt 0.804674 0.361526
vt 0.809087 0.337426
vt 0.703556 0.390997
vt 0.792137 0.524173
vt 0.794366 0.548438
vt 0.802324 0.361077
vt 0.806420 0.336956
vt 0.879588 0.430341
vt 0.789739 0.524357
vt 0.791652 0.548635
vt 0.799962 0.360675
vt 0.803741 0.336535
vt 0.671520 0.496289
vt 0.679072 0.377677
vt 0.907990 0.424758
vt 0.908404 0.427009
vt 0.787335 0.524493
vt 0.788934 0.548783
vt 0.786213 0.548883
vt 0.876974 0.464262
vt 0.904715 0.471701
vt 0.797589 0.360322
vt 0.801053 0.336160
vt 0.702100 0.392599
vt 0.670181 0.494353
vt 0.695210 0.481979
vt 0.784928 0.524579
vt 0.783489 0.548935
vt 0.879217 0.428351
vt 0.795206 0.360018
vt 0.798356 0.335834
vt 0.782519 0.524617
vt 0.780765 0.548938
vt 0.677465 0.379513
vt 0.907519 0.422514
vt 0.792816 0.359762
vt 0.795651 0.335556
vt 0.876300 0.466194
vt 0.903935 0.473881
vt 0.780110 0.524605
vt 0.778041 0.548893
vt 0.700691 0.394230
vt 0.790418 0.359554
vt 0.792940 0.335326
vt 0.668890 0.492393
vt 0.777701 0.524545
vt 0.694064 0.480206
vt 0.878787 0.426368
vt 0.775318 0.548799
vt 0.776758 0.524510
vt 0.790224 0.335145
vt 0.675905 0.381377
vt 0.906990 0.420279
vt 0.875570 0.468112
vt 0.903099 0.476047
vt 0.787128 0.359347
vt 0.699330 0.395890
vt 0.776184 0.524484
vt 0.667648 0.490412
vt 0.692970 0.478409
vt 0.878300 0.424395
vt 0.786553 0.359321
vt 0.906405 0.418053
vt 0.674393 0.383269
vt 0.874784 0.470014
vt 0.902209 0.478198
vt 0.901264 0.480332
vt 0.785610 0.359286
vt 0.787993 0.335032
vt 0.772893 0.524277
vt 0.698018 0.397576
vt 0.770422 0.548508
vt 0.773087 0.548686
vt 0.666457 0.488409
vt 0.691928 0.476591
vt 0.785271 0.334938
vt 0.783201 0.359226
vt 0.877756 0.422432
vt 0.767761 0.548284
vt 0.770496 0.524069
vt 0.672930 0.385187
vt 0.905763 0.415839
vt 0.782547 0.334893
vt 0.873943 0.471900
vt 0.900265 0.482449
vt 0.780792 0.359214
vt 0.696756 0.399290
vt 0.665315 0.486386
vt 0.690940 0.474752
vt 0.765106 0.548013
vt 0.768105 0.523813
vt 0.779822 0.334896
vt 0.778383 0.359252
vt 0.877154 0.420480
vt 0.905066 0.413636
vt 0.873047 0.473768
vt 0.899212 0.484547
vt 0.762459 0.547696
vt 0.765723 0.523509
vt 0.777099 0.334948
vt 0.775976 0.359338
vt 0.671516 0.387131
vt 0.695544 0.401028
vt 0.759820 0.547333
vt 0.763349 0.523156
vt 0.774377 0.335048
vt 0.757191 0.546924
vt 0.760987 0.522754
vt 0.664224 0.484343
vt 0.876496 0.418541
vt 0.904312 0.411446
vt 0.670152 0.389100
vt 0.771659 0.335196
vt 0.773573 0.359474
vt 0.872097 0.475617
vt 0.898106 0.486626
vt 0.754572 0.546469
vt 0.758637 0.522305
vt 0.768945 0.335393
vt 0.771174 0.359658
vt 0.663184 0.482283
vt 0.690005 0.472894
vt 0.875782 0.416617
vt 0.902638 0.407109
vt 0.903503 0.409270
vt 0.751965 0.545969
vt 0.668838 0.391092
vt 0.871093 0.477446
vt 0.896947 0.488685
vt 0.766237 0.335638
vt 0.768781 0.359892
vt 0.694384 0.402791
vt 0.662196 0.480204
vt 0.689125 0.471018
vt 0.749371 0.545423
vt 0.756301 0.521808
vt 0.875012 0.414707
vt 0.763536 0.335931
vt 0.766396 0.360173
vt 0.667575 0.393108
vt 0.746791 0.544832
vt 0.901719 0.404963
vt 0.753980 0.521264
vt 0.870037 0.479254
vt 0.895736 0.490723
vt 0.693274 0.404577
vt 0.760844 0.336272
vt 0.661260 0.478109
vt 0.688299 0.469124
vt 0.764020 0.360504
vt 0.744226 0.544196
vt 0.751675 0.520673
vt 0.666364 0.395146
vt 0.874186 0.412813
vt 0.900746 0.402834
vt 0.758160 0.336661
vt 0.761655 0.360882
vt 0.868928 0.481040
vt 0.894473 0.492738
vt 0.692218 0.406385
vt 0.660376 0.475998
vt 0.687529 0.467214
vt 0.741677 0.543516
vt 0.749388 0.520035
vt 0.755488 0.337098
vt 0.759301 0.361309
vt 0.739146 0.542791
vt 0.747120 0.519351
vt 0.873306 0.410937
vt 0.899718 0.400723
vt 0.665205 0.397205
vt 0.691214 0.408214
vt 0.867767 0.482803
vt 0.752827 0.337582
vt 0.893160 0.494731
vt 0.891795 0.496700
vt 0.659546 0.473872
vt 0.686815 0.465289
vt 0.736634 0.542022
vt 0.744872 0.518621
vt 0.750179 0.338113
vt 0.756961 0.361784
vt 0.872371 0.409078
vt 0.898637 0.398631
vt 0.664099 0.399284
vt 0.690264 0.410063
vt 0.866555 0.484541
vt 0.890381 0.498644
vt 0.658768 0.471732
vt 0.686157 0.463351
vt 0.734141 0.541210
vt 0.747546 0.338692
vt 0.754635 0.362306
vt 0.663046 0.401382
vt 0.871383 0.407240
vt 0.731669 0.540354
vt 0.742647 0.517845
vt 0.689368 0.411931
vt 0.897503 0.396558
vt 0.865293 0.486255
vt 0.888918 0.500562
vt 0.658045 0.469580
vt 0.744927 0.339317
vt 0.752326 0.362875
vt 0.662047 0.403499
vt 0.870341 0.405422
vt 0.729218 0.539456
vt 0.740444 0.517024
vt 0.688527 0.413817
vt 0.657375 0.467415
vt 0.685556 0.461399
vt 0.742326 0.339988
vt 0.896317 0.394506
vt 0.750034 0.363491
vt 0.863981 0.487941
vt 0.661102 0.405633
vt 0.887406 0.502453
vt 0.726791 0.538515
vt 0.738266 0.516159
vt 0.869247 0.403625
vt 0.656759 0.465239
vt 0.685011 0.459436
vt 0.739742 0.340706
vt 0.747760 0.364154
vt 0.893789 0.390466
vt 0.895079 0.392475
vt 0.660212 0.407784
vt 0.862620 0.489601
vt 0.885846 0.504318
vt 0.724387 0.537532
vt 0.736114 0.515249
vt 0.687742 0.415719
vt 0.656198 0.463053
vt 0.684524 0.457463
vt 0.737178 0.341470
vt 0.868101 0.401852
vt 0.745507 0.364862
vt 0.722009 0.536507
vt 0.733989 0.514297
vt 0.892449 0.388481
vt 0.861211 0.491232
vt 0.659376 0.409950
vt 0.687011 0.417637
vt 0.884239 0.506154
vt 0.655691 0.460857
vt 0.684095 0.455480
vt 0.734633 0.342279
vt 0.889592 0.688675
vt 0.892199 0.689862
vt 0.889120 0.689052
vt 0.892371 0.689406
vt 0.883174 0.672102
vt 0.883782 0.672111
vt 0.883781 0.672109
vt 0.883782 0.672111
vt 0.891817 0.649165
vt 0.892371 0.649311
vt 0.918162 0.398363
vt 0.922799 0.410349
vt 0.680754 0.507613
vt 0.673539 0.522127
vt 0.667576 0.516140
vt 0.686001 0.512882
vt 0.675920 0.502075
vt 0.662083 0.509847
vt 0.925929 0.422669
vt 0.671518 0.496290
vt 0.657081 0.503274
vt 0.927520 0.435191
vt 0.650456 0.492789
vt 0.645081 0.481817
vt 0.927554 0.447780
vt 0.641007 0.470462
vt 0.909538 0.447455
vt 0.638273 0.458832
vt 0.909499 0.448076
vt 0.927509 0.448487
vt 0.927460 0.449193
vt 0.909456 0.448698
vt 0.927406 0.449899
vt 0.909408 0.449319
vt 0.636906 0.447038
vt 0.925622 0.462396
vt 0.922301 0.474669
vt 0.636917 0.435191
vt 0.917480 0.486586
vt 0.653773 0.436376
vt 0.653812 0.435754
vt 0.636961 0.434484
vt 0.637010 0.433778
vt 0.653856 0.435133
vt 0.637065 0.433072
vt 0.653903 0.434511
vt 0.911210 0.498020
vt 0.638849 0.420575
vt 0.903558 0.508849
vt 0.642169 0.408302
vt 0.894606 0.518956
vt 0.646990 0.396385
vt 0.653261 0.384950
vt 0.884450 0.528232
vt 0.660913 0.374122
vt 0.873199 0.536580
vt 0.860973 0.543908
vt 0.669865 0.364015
vt 0.680021 0.354738
vt 0.847904 0.550139
vt 0.691272 0.346391
vt 0.834131 0.555206
vt 0.703498 0.339063
vt 0.819802 0.559054
vt 0.716567 0.332832
vt 0.805070 0.561643
vt 0.730340 0.327765
vt 0.790094 0.562944
vt 0.744669 0.323916
vt 0.759400 0.321328
vt 0.775034 0.562944
vt 0.774376 0.320026
vt 0.775318 0.548801
vt 0.774188 0.562906
vt 0.774574 0.548767
vt 0.773831 0.548729
vt 0.773343 0.562863
vt 0.772499 0.562816
vt 0.773087 0.548688
vt 0.789437 0.320026
vt 0.758421 0.561422
vt 0.787993 0.335030
vt 0.788737 0.335064
vt 0.790282 0.320065
vt 0.789481 0.335101
vt 0.791127 0.320108
vt 0.744569 0.558890
vt 0.790224 0.335143
vt 0.791972 0.320155
vt 0.806926 0.321674
vt 0.731074 0.555243
vt 0.821616 0.324478
vt 0.718065 0.550518
vt 0.835884 0.328535
vt 0.705665 0.544758
vt 0.849577 0.333802
vt 0.693991 0.538018
vt 0.703999 0.526865
vt 0.686774 0.533089
vt 0.862548 0.340223
vt 0.697648 0.522528
vt 0.679947 0.527785
vt 0.691640 0.517860
vt 0.874659 0.347729
vt 0.885780 0.356239
vt 0.895791 0.365663
vt 0.904586 0.375899
vt 0.912070 0.386838
vt 0.865396 0.705698
vt 0.867924 0.704438
vt 0.868084 0.704759
vt 0.864946 0.705479
vt 0.859598 0.719012
vt 0.859599 0.719010
vt 0.859599 0.719010
vt 0.859013 0.719101
vt 0.867076 0.735212
vt 0.867613 0.735025
vt 0.867548 0.736155
vt 0.867390 0.735839
vt 0.868084 0.735968
vt 0.867926 0.735651
vt 0.867233 0.735524
vt 0.867769 0.735337
vt 0.878663 0.735673
vt 0.876151 0.734388
vt 0.878828 0.735348
vt 0.875696 0.734610
vt 0.870552 0.720846
vt 0.870552 0.720844
vt 0.870552 0.720846
vt 0.869967 0.720752
vt 0.878294 0.704392
vt 0.878828 0.704584
vt 0.028536 0.711597
vt 0.031048 0.710318
vt 0.031214 0.710636
vt 0.028082 0.711382
vt 0.022938 0.724945
vt 0.022939 0.724943
vt 0.022939 0.724943
vt 0.022354 0.725040
vt 0.030680 0.741065
vt 0.031214 0.740874
vt 0.123501 0.707846
vt 0.123501 0.707504
vt 0.124083 0.707844
vt 0.124083 0.707502
vt 0.123501 0.707163
vt 0.124083 0.707161
vt 0.125092 0.707140
vt 0.125092 0.707626
vt 0.124683 0.707140
vt 0.124683 0.707626
vt 0.020329 0.741127
vt 0.017821 0.739841
vt 0.020495 0.740808
vt 0.017367 0.740055
vt 0.012231 0.726460
vt 0.012230 0.726458
vt 0.012231 0.726460
vt 0.011647 0.726362
vt 0.019961 0.710323
vt 0.020495 0.710516
vt 0.007111 0.711601
vt 0.009622 0.710320
vt 0.009787 0.710639
vt 0.006657 0.711386
vt 0.001514 0.724962
vt 0.001515 0.724960
vt 0.001515 0.724960
vt 0.000930 0.725057
vt 0.009253 0.741094
vt 0.009787 0.740902
vt 0.124597 0.707140
vt 0.124597 0.707626
vt 0.124187 0.707140
vt 0.124187 0.707626
vt 0.123379 0.707846
vt 0.122798 0.707504
vt 0.123379 0.707506
vt 0.122798 0.707844
vt 0.122798 0.707161
vt 0.123379 0.707163
vt 0.041769 0.741065
vt 0.039257 0.739786
vt 0.041934 0.740747
vt 0.038803 0.740001
vt 0.033659 0.726440
vt 0.033659 0.726438
vt 0.033659 0.726440
vt 0.033074 0.726343
vt 0.041400 0.710318
vt 0.041934 0.710509
vt 0.060651 0.711572
vt 0.063152 0.710277
vt 0.063317 0.710590
vt 0.060199 0.711366
vt 0.055077 0.724824
vt 0.055078 0.724822
vt 0.055078 0.724822
vt 0.054495 0.724925
vt 0.062785 0.740642
vt 0.063317 0.740446
vt 0.121923 0.707198
vt 0.122505 0.707200
vt 0.121923 0.707547
vt 0.122505 0.707548
vt 0.122505 0.707895
vt 0.121923 0.707894
vt 0.122505 0.708240
vt 0.121923 0.708238
vt 0.052475 0.741101
vt 0.049967 0.739814
vt 0.052640 0.740783
vt 0.049513 0.740028
vt 0.044377 0.726441
vt 0.044377 0.726439
vt 0.044378 0.726440
vt 0.043793 0.726342
vt 0.052107 0.710321
vt 0.052640 0.710514
vt 0.892199 0.698408
vt 0.889592 0.699596
vt 0.889120 0.699218
vt 0.892371 0.698864
vt 0.883174 0.716169
vt 0.883782 0.716159
vt 0.883781 0.716161
vt 0.883782 0.716159
vt 0.891817 0.739105
vt 0.892371 0.738959
vt 0.879826 0.704425
vt 0.880407 0.704425
vt 0.879825 0.706373
vt 0.879824 0.708329
vt 0.880403 0.712265
vt 0.879823 0.710294
vt 0.879822 0.712265
vt 0.879821 0.714241
vt 0.879821 0.716222
vt 0.880402 0.720192
vt 0.879820 0.718206
vt 0.879820 0.720192
vt 0.879820 0.722178
vt 0.879821 0.724165
vt 0.880403 0.728132
vt 0.879821 0.726150
vt 0.879822 0.728132
vt 0.879823 0.730111
vt 0.879824 0.732085
vt 0.880407 0.736013
vt 0.879825 0.734052
vt 0.879826 0.736013
vt 0.640471 0.173826
vt 0.642795 0.181370
vt 0.639902 0.173932
vt 0.645692 0.188774
vt 0.643619 0.185242
vt 0.649150 0.196008
vt 0.648616 0.196203
vt 0.653153 0.203042
vt 0.654846 0.206713
vt 0.657688 0.209848
vt 0.662733 0.216398
vt 0.662253 0.216675
vt 0.064584 0.711987
vt 0.067820 0.723594
vt 0.064592 0.723594
vt 0.067811 0.711987
vt 0.067823 0.735310
vt 0.064595 0.735310
vt 0.067820 0.747025
vt 0.064592 0.747025
vt 0.067811 0.758632
vt 0.064584 0.758632
vt 0.869582 0.637142
vt 0.860120 0.633138
vt 0.867819 0.626954
vt 0.850847 0.628387
vt 0.852857 0.639994
vt 0.858860 0.622177
vt 0.867229 0.616671
vt 0.850175 0.616671
vt 0.858860 0.611165
vt 0.867819 0.606389
vt 0.850847 0.604956
vt 0.860120 0.600204
vt 0.869582 0.596201
vt 0.852857 0.593349
vt 0.898289 0.632468
vt 0.896928 0.624606
vt 0.896473 0.616671
vt 0.896928 0.608736
vt 0.898289 0.600874
vt 0.880113 0.652557
vt 0.878806 0.659325
vt 0.880113 0.652557
vt 0.878807 0.659325
vt 0.878020 0.666148
vt 0.878020 0.666148
vt 0.877758 0.673000
vt 0.877757 0.673000
vt 0.878020 0.679851
vt 0.878020 0.679852
vt 0.878807 0.686675
vt 0.878806 0.686675
vt 0.880113 0.693443
vt 0.880113 0.693443
vt 0.862833 0.649770
vt 0.860827 0.661331
vt 0.860156 0.673000
vt 0.860827 0.684669
vt 0.862833 0.696230
vt 0.606387 0.587646
vt 0.606387 0.587646
vt 0.606387 0.579979
vt 0.683310 0.530482
vt 0.861348 0.657460
vt 0.125135 0.716504
vt 0.125135 0.716504
vt 0.125136 0.724293
vt 0.125136 0.708724
vt 0.860455 0.665214
vt 0.664770 0.513030
vt 0.860455 0.680786
vt 0.606387 0.578364
vt 0.606387 0.570653
vt 0.606387 0.570653
vt 0.861348 0.688540
vt 0.896588 0.713515
vt 0.893674 0.713520
vt 0.893672 0.711847
vt 0.896572 0.701998
vt 0.893656 0.699726
vt 0.896562 0.690810
vt 0.893647 0.687997
vt 0.896559 0.680059
vt 0.893646 0.676785
vt 0.896562 0.669845
vt 0.893651 0.666209
vt 0.896572 0.660266
vt 0.893664 0.656380
vt 0.896588 0.651413
vt 0.893674 0.651418
vt 0.948790 0.777033
vt 0.945877 0.777033
vt 0.945876 0.774400
vt 0.948788 0.767604
vt 0.945874 0.764779
vt 0.948786 0.757361
vt 0.945872 0.754383
vt 0.948785 0.746414
vt 0.945871 0.743322
vt 0.948783 0.734880
vt 0.945869 0.731713
vt 0.948782 0.722884
vt 0.945869 0.719680
vt 0.948782 0.710553
vt 0.945868 0.707349
vt 0.948781 0.698019
vt 0.945868 0.694853
vt 0.948781 0.685417
vt 0.945868 0.682322
vt 0.948782 0.672882
vt 0.945868 0.669891
vt 0.948782 0.660549
vt 0.945869 0.657690
vt 0.948783 0.648549
vt 0.945870 0.645850
vt 0.948785 0.637010
vt 0.945871 0.634495
vt 0.948786 0.626057
vt 0.945873 0.623746
vt 0.918945 0.190210
vt 0.918730 0.190682
vt 0.918426 0.191343
vt 0.948788 0.615807
vt 0.945875 0.613717
vt 0.948790 0.606370
vt 0.945876 0.606370
vt 0.942328 0.606368
vt 0.945241 0.606367
vt 0.945240 0.606722
vt 0.942296 0.615649
vt 0.945209 0.615986
vt 0.942269 0.625761
vt 0.945181 0.626069
vt 0.942245 0.636597
vt 0.945158 0.636865
vt 0.942226 0.648039
vt 0.945139 0.648258
vt 0.942211 0.659966
vt 0.945125 0.660128
vt 0.942202 0.672250
vt 0.945115 0.672349
vt 0.942197 0.684758
vt 0.945110 0.684792
vt 0.945110 0.697324
vt 0.942197 0.697358
vt 0.945115 0.709814
vt 0.942202 0.709914
vt 0.945125 0.722127
vt 0.942211 0.722291
vt 0.945139 0.734135
vt 0.942226 0.734357
vt 0.945158 0.745709
vt 0.942245 0.745982
vt 0.945181 0.756727
vt 0.942269 0.757043
vt 0.945209 0.767072
vt 0.836166 0.034037
vt 0.836954 0.034299
vt 0.837514 0.034489
vt 0.942296 0.767420
vt 0.945240 0.776635
vt 0.942328 0.777003
vt 0.945241 0.777003
vt 0.952326 0.777033
vt 0.949413 0.777033
vt 0.949411 0.769687
vt 0.952324 0.767596
vt 0.949409 0.759658
vt 0.952322 0.757346
vt 0.949407 0.748909
vt 0.952321 0.746393
vt 0.949406 0.737554
vt 0.952319 0.734855
vt 0.949405 0.725713
vt 0.952318 0.722855
vt 0.949404 0.713513
vt 0.952318 0.710521
vt 0.949404 0.701081
vt 0.952317 0.697986
vt 0.949404 0.688551
vt 0.952317 0.685385
vt 0.949404 0.676054
vt 0.952318 0.672851
vt 0.949405 0.663724
vt 0.952318 0.660520
vt 0.949405 0.651691
vt 0.952319 0.648523
vt 0.949407 0.640082
vt 0.952321 0.636990
vt 0.949408 0.629021
vt 0.952322 0.626043
vt 0.949410 0.618624
vt 0.952324 0.615800
vt 0.949412 0.609003
vt 0.952326 0.606370
vt 0.949413 0.606370
vt 0.900148 0.713520
vt 0.897234 0.713515
vt 0.897224 0.708553
vt 0.900132 0.704667
vt 0.897212 0.698724
vt 0.900122 0.695088
vt 0.897206 0.688148
vt 0.900119 0.684874
vt 0.897207 0.676936
vt 0.900122 0.674123
vt 0.897216 0.665207
vt 0.900132 0.662935
vt 0.897232 0.653086
vt 0.900148 0.651418
vt 0.897234 0.651413
vt 0.122730 0.707907
vt 0.122730 0.715697
vt 0.122659 0.710948
vt 0.122644 0.707907
vt 0.122644 0.715697
vt 0.122573 0.712655
vt 0.649150 0.196008
vt 0.655855 0.207220
vt 0.663905 0.217796
vt 0.720880 0.257521
vt 0.734774 0.262243
vt 0.730682 0.260996
vt 0.729891 0.260741
vt 0.729102 0.260483
vt 0.728315 0.260221
vt 0.912939 0.201695
vt 0.918117 0.192003
vt 0.917803 0.192661
vt 0.823348 0.030370
vt 0.834586 0.033524
vt 0.835377 0.033779
vt 0.649150 0.098503
vt 0.643859 0.110231
vt 0.647465 0.101860
vt 0.647152 0.102518
vt 0.646842 0.103177
vt 0.646538 0.103838
vt 0.640039 0.172158
vt 0.643859 0.184279
vt 0.125136 0.708199
vt 0.125136 0.707695
vt 0.125136 0.708199
vt 0.125136 0.707695
vt 0.125136 0.707195
vt 0.125136 0.707195
vt 0.606387 0.565643
vt 0.606387 0.565643
vt 0.606387 0.566147
vt 0.606387 0.566147
vt 0.606387 0.566756
vt 0.606387 0.566756
vt 0.606387 0.566253
vt 0.606387 0.566253
vt 0.606387 0.569738
vt 0.606387 0.569237
vt 0.606387 0.569237
vt 0.606387 0.569738
vt 0.606387 0.568733
vt 0.606387 0.568733
vt 0.125136 0.707250
vt 0.125136 0.707250
vt 0.125136 0.707762
vt 0.125136 0.707762
vt 0.125136 0.708272
vt 0.125136 0.708272
vt 0.125136 0.708779
vt 0.125136 0.708779
vt 0.090790 0.723314
vt 0.090044 0.723310
vt 0.090790 0.723314
vt 0.090044 0.723310
vt 0.089298 0.723310
vt 0.089298 0.723310
vt 0.088552 0.723314
vt 0.088552 0.723314
vt 0.096941 0.723153
vt 0.096195 0.723149
vt 0.096941 0.723153
vt 0.096195 0.723150
vt 0.095449 0.723150
vt 0.095449 0.723149
vt 0.094703 0.723153
vt 0.094703 0.723153
vt 0.097779 0.708616
vt 0.098525 0.708620
vt 0.097779 0.708616
vt 0.098525 0.708619
vt 0.099271 0.708619
vt 0.099271 0.708620
vt 0.100017 0.708616
vt 0.100017 0.708616
vt 0.091629 0.708631
vt 0.092374 0.708634
vt 0.091629 0.708631
vt 0.092374 0.708635
vt 0.093120 0.708634
vt 0.093120 0.708635
vt 0.093866 0.708631
vt 0.093866 0.708631
vt 0.606387 0.568470
vt 0.606387 0.567966
vt 0.606387 0.568470
vt 0.606387 0.567966
vt 0.606387 0.567465
vt 0.606387 0.567465
vt 0.606387 0.566967
vt 0.606387 0.566967
vt 0.646925 0.101678
vt 0.646610 0.102339
vt 0.646299 0.103001
vt 0.645993 0.103664
vt 0.121088 0.707372
vt 0.120483 0.710070
vt 0.120483 0.707372
vt 0.121088 0.710070
vt 0.118354 0.710074
vt 0.118955 0.707375
vt 0.118955 0.710072
vt 0.118354 0.707377
vt 0.119561 0.707373
vt 0.119561 0.710070
vt 0.080052 0.735680
vt 0.079558 0.750140
vt 0.079306 0.735669
vt 0.080408 0.750152
vt 0.078708 0.750123
vt 0.078560 0.735655
vt 0.077859 0.750103
vt 0.077815 0.735637
vt 0.080408 0.711214
vt 0.079832 0.711206
vt 0.079257 0.711195
vt 0.078681 0.711181
vt 0.091562 0.723310
vt 0.092409 0.723314
vt 0.093257 0.723314
vt 0.094104 0.723310
vt 0.121796 0.708026
vt 0.121213 0.708024
vt 0.121801 0.707317
vt 0.121218 0.707313
vt 0.121796 0.708734
vt 0.121213 0.708735
vt 0.121801 0.709442
vt 0.121218 0.709446
vt 0.114389 0.707373
vt 0.113773 0.710072
vt 0.113773 0.707374
vt 0.114389 0.710070
vt 0.113160 0.710073
vt 0.113160 0.707376
vt 0.112551 0.710075
vt 0.112551 0.707377
vt 0.070671 0.735769
vt 0.070163 0.751168
vt 0.069925 0.735761
vt 0.071013 0.751176
vt 0.069313 0.751155
vt 0.069179 0.735750
vt 0.068463 0.751138
vt 0.068434 0.735735
vt 0.071013 0.711304
vt 0.070437 0.711299
vt 0.069861 0.711290
vt 0.069286 0.711278
vt 0.097715 0.723149
vt 0.098562 0.723154
vt 0.099410 0.723154
vt 0.100257 0.723149
vt 0.918344 0.192842
vt 0.918659 0.192182
vt 0.918969 0.191519
vt 0.919275 0.190856
vt 0.116577 0.707373
vt 0.115972 0.710070
vt 0.115972 0.707373
vt 0.116577 0.710070
vt 0.115370 0.710070
vt 0.115370 0.707372
vt 0.114771 0.710070
vt 0.114771 0.707372
vt 0.071554 0.726720
vt 0.072434 0.711300
vt 0.072300 0.726705
vt 0.071584 0.711317
vt 0.073284 0.711287
vt 0.073046 0.726693
vt 0.074134 0.711278
vt 0.073792 0.726686
vt 0.072407 0.751177
vt 0.072982 0.751165
vt 0.073558 0.751156
vt 0.074134 0.751150
vt 0.097181 0.708620
vt 0.096333 0.708616
vt 0.095486 0.708616
vt 0.094638 0.708620
vt 0.728097 0.260673
vt 0.728888 0.260936
vt 0.729891 0.260741
vt 0.729680 0.261195
vt 0.730474 0.261451
vt 0.116893 0.710070
vt 0.117499 0.707375
vt 0.117499 0.710072
vt 0.116893 0.707373
vt 0.118100 0.707377
vt 0.118100 0.710074
vt 0.119751 0.710070
vt 0.120356 0.707372
vt 0.120356 0.710070
vt 0.119751 0.707372
vt 0.074677 0.725696
vt 0.075570 0.711210
vt 0.075422 0.725678
vt 0.074721 0.711230
vt 0.076420 0.711193
vt 0.076168 0.725664
vt 0.077270 0.711181
vt 0.076914 0.725653
vt 0.076119 0.750138
vt 0.075543 0.750152
vt 0.076694 0.750127
vt 0.077270 0.750118
vt 0.091028 0.708635
vt 0.090181 0.708631
vt 0.089333 0.708631
vt 0.088485 0.708635
vt 0.655855 0.087291
vt 0.875953 0.053779
vt 0.851098 0.039803
vt 0.863956 0.046256
vt 0.778883 0.268963
vt 0.749174 0.265747
vt 0.763930 0.267995
vt 0.886960 0.062294
vt 0.793877 0.025881
vt 0.636959 0.147255
vt 0.637731 0.134737
vt 0.640039 0.122352
vt 0.683681 0.057911
vt 0.663905 0.076716
vt 0.673213 0.066887
vt 0.808751 0.267031
vt 0.793877 0.268640
vt 0.905551 0.081926
vt 0.896861 0.071709
vt 0.695198 0.049882
vt 0.912939 0.092834
vt 0.683681 0.236602
vt 0.707642 0.251629
vt 0.707642 0.042886
vt 0.837514 0.260035
vt 0.823348 0.264153
vt 0.637731 0.159773
vt 0.918945 0.104320
vt 0.863956 0.248270
vt 0.851098 0.254722
vt 0.734774 0.032274
vt 0.720880 0.036995
vt 0.926574 0.128530
vt 0.923506 0.116261
vt 0.928116 0.140998
vt 0.886960 0.232234
vt 0.875953 0.240747
vt 0.926574 0.166000
vt 0.928116 0.153532
vt 0.778883 0.025558
vt 0.749174 0.028771
vt 0.763930 0.026524
vt 0.905551 0.212603
vt 0.896861 0.222819
vt 0.673213 0.227625
vt 0.923506 0.178269
vt 0.695198 0.244632
vt 0.808751 0.027491
vn -1.0000 0.0000 0.0000
vn 0.0000 0.0000 1.0000
vn 0.0000 1.0000 0.0000
vn 0.0000 0.0000 -1.0000
vn 0.0000 -1.0000 -0.0003
vn 0.0000 -1.0000 0.0000
vn 0.0000 -1.0000 -0.0001
vn 0.0000 -1.0000 0.0004
vn 0.0000 -1.0000 -0.0004
vn 0.0000 -1.0000 0.0001
vn 0.0000 -1.0000 0.0008
vn 0.0000 -1.0000 -0.0011
vn 0.0000 -1.0000 0.0005
vn 0.0000 -1.0000 0.0003
vn 0.0000 -1.0000 0.0021
vn 0.0000 -1.0000 -0.0016
vn 0.0000 -1.0000 -0.0021
vn 0.0000 -1.0000 0.0016
vn 1.0000 0.0000 0.0000
vn 0.0792 0.7072 0.7025
vn 0.2336 0.7072 0.6674
vn 0.3299 0.7044 0.6285
vn -0.2507 0.7073 -0.6610
vn -0.3299 0.7044 -0.6285
vn 0.4707 0.7044 0.5313
vn 0.3762 0.7067 0.5992
vn 0.5841 0.7044 0.4032
vn -0.4707 0.7044 -0.5313
vn 0.5005 0.7067 0.5001
vn 0.5997 0.7062 0.3763
vn 0.6636 0.7044 0.2517
vn 0.7045 0.7045 0.0856
vn -0.4016 0.7073 -0.5818
vn 0.6690 0.7056 0.2335
vn 0.7049 0.7049 0.0787
vn -0.5842 0.7044 -0.4032
vn -0.5293 0.7074 -0.4685
vn -0.6259 0.7071 -0.3289
vn 0.7045 0.7045 -0.0856
vn -0.6637 0.7044 -0.2517
vn 0.7049 0.7049 -0.0787
vn -0.7046 0.7044 -0.0856
vn 0.6636 0.7044 -0.2517
vn 0.6690 0.7056 -0.2335
vn -0.6865 0.7073 -0.1686
vn -0.7046 0.7044 0.0856
vn 0.5841 0.7044 -0.4032
vn -0.7070 0.7072 0.0000
vn 0.5997 0.7062 -0.3763
vn -0.6637 0.7044 0.2517
vn 0.4707 0.7044 -0.5313
vn -0.6865 0.7073 0.1686
vn 0.5005 0.7067 -0.5001
vn -0.5842 0.7044 0.4032
vn 0.3299 0.7044 -0.6285
vn -0.6259 0.7071 0.3289
vn 0.3762 0.7067 -0.5992
vn -0.4707 0.7044 0.5313
vn 0.1699 0.7044 -0.6892
vn -0.5293 0.7074 0.4685
vn -0.3299 0.7044 0.6285
vn -0.4016 0.7073 0.5818
vn 0.2336 0.7072 -0.6674
vn 0.0000 0.7044 -0.7098
vn -0.1699 0.7044 0.6892
vn -0.2507 0.7073 0.6610
vn 0.0792 0.7072 -0.7025
vn 0.0000 0.7044 0.7098
vn -0.0852 0.7073 0.7018
vn -0.0852 0.7073 -0.7018
vn -0.1699 0.7044 -0.6892
vn 0.1699 0.7044 0.6892
vn -0.4647 0.0000 0.8855
vn -0.2393 0.0000 0.9709
vn 0.9927 0.0000 -0.1205
vn 0.9350 0.0000 -0.3546
vn 0.2393 0.0000 0.9709
vn 0.8230 0.0000 -0.5681
vn 0.4647 0.0000 0.8855
vn 0.6631 0.0000 -0.7485
vn 0.6631 0.0000 0.7485
vn 0.4647 0.0000 -0.8855
vn 0.8230 0.0000 0.5681
vn 0.9350 0.0000 0.3546
vn 0.2393 0.0000 -0.9709
vn 0.9927 0.0000 0.1205
vn -0.2393 0.0000 -0.9709
vn -0.4647 0.0000 -0.8855
vn -0.6631 0.0000 -0.7485
vn -0.8230 0.0000 -0.5681
vn -0.9350 0.0000 -0.3546
vn -0.9927 0.0000 -0.1205
vn -0.9927 0.0000 0.1205
vn -0.9350 0.0000 0.3546
vn -0.8230 0.0000 0.5681
vn -0.6631 0.0000 0.7485
vn -0.9979 0.0180 0.0628
vn -0.9963 0.0070 0.0851
vn -0.9940 0.0005 0.1094
vn -0.9910 -0.0004 0.1335
vn -0.9875 0.0043 0.1576
vn -0.9833 0.0145 0.1816
vn 0.9999 0.0000 -0.0122
vn 0.9993 0.0056 -0.0365
vn -0.9821 0.0183 0.1873
vn 0.9980 0.0167 -0.0608
vn -0.9786 0.0085 0.2055
vn -0.9734 0.0012 0.2293
vn -0.9675 -0.0006 0.2529
vn -0.9610 0.0032 0.2764
vn -0.9539 0.0125 0.2997
vn -0.9464 0.0102 0.3229
vn -0.9383 0.0020 0.3458
vn 0.9963 0.0070 -0.0851
vn -0.9296 -0.0007 0.3686
vn 0.9940 0.0005 -0.1094
vn -0.9203 0.0022 0.3911
vn 0.9910 -0.0004 -0.1335
vn -0.9509 0.0184 0.3090
vn 0.9875 0.0043 -0.1576
vn -0.9105 0.0106 0.4134
vn 0.9833 0.0145 -0.1816
vn 0.9979 0.0180 -0.0628
vn -0.9001 0.0120 0.4354
vn -0.8893 0.0029 0.4572
vn -0.8779 -0.0006 0.4788
vn 0.9786 0.0085 -0.2055
vn -0.8660 0.0014 0.5000
vn 0.9734 0.0012 -0.2293
vn -0.8536 0.0089 0.5209
vn 0.9675 -0.0006 -0.2529
vn 0.9610 0.0032 -0.2764
vn 0.9539 0.0125 -0.2997
vn -0.9047 0.0185 0.4257
vn 0.9821 0.0183 -0.1873
vn -0.8406 0.0140 0.5415
vn -0.8272 0.0040 0.5619
vn -0.8133 -0.0004 0.5819
vn -0.7989 0.0007 0.6015
vn -0.7840 0.0073 0.6207
vn 0.9464 0.0102 -0.3229
vn 0.9383 0.0020 -0.3458
vn 0.9296 -0.0007 -0.3686
vn 0.9203 0.0022 -0.3911
vn -0.8442 0.0183 0.5357
vn 0.9105 0.0106 -0.4134
vn 0.9509 0.0184 -0.3090
vn -0.7685 0.0161 0.6396
vn -0.7528 0.0052 0.6582
vn -0.7366 -0.0001 0.6763
vn -0.7199 0.0001 0.6941
vn -0.7028 0.0059 0.7114
vn -0.6852 0.0172 0.7282
vn -0.7704 0.0181 0.6373
vn 0.9001 0.0120 -0.4354
vn 0.8893 0.0029 -0.4572
vn 0.8779 -0.0006 -0.4788
vn 0.8660 0.0014 -0.5000
vn 0.8536 0.0089 -0.5209
vn 0.9047 0.0185 -0.4257
vn -0.6844 0.0179 0.7289
vn -0.6673 0.0066 0.7448
vn -0.6490 0.0004 0.7608
vn -0.6303 -0.0003 0.7764
vn -0.6112 0.0046 0.7915
vn -0.5917 0.0150 0.8061
vn 0.8406 0.0140 -0.5415
vn 0.8272 0.0040 -0.5619
vn 0.8133 -0.0004 -0.5819
vn 0.7989 0.0007 -0.6015
vn 0.7840 0.0073 -0.6207
vn 0.8442 0.0183 -0.5357
vn -0.5877 0.0182 0.8089
vn -0.5719 0.0081 0.8203
vn -0.5518 0.0010 0.8340
vn -0.5313 -0.0006 0.8472
vn -0.5105 0.0034 0.8599
vn -0.4894 0.0130 0.8720
vn 0.7685 0.0161 -0.6396
vn 0.7528 0.0052 -0.6582
vn 0.7366 -0.0001 -0.6763
vn 0.7199 0.0001 -0.6941
vn 0.7028 0.0059 -0.7114
vn 0.6852 0.0172 -0.7282
vn -0.4817 0.0184 0.8762
vn 0.7704 0.0181 -0.6373
vn -0.4680 0.0098 0.8837
vn -0.4464 0.0018 0.8948
vn -0.4245 -0.0007 0.9054
vn -0.4023 0.0024 0.9155
vn -0.3798 0.0111 0.9250
vn 0.6673 0.0066 -0.7448
vn -0.3681 0.0185 0.9296
vn 0.6490 0.0004 -0.7608
vn 0.6303 -0.0003 -0.7764
vn 0.6112 0.0046 -0.7915
vn -0.3572 0.0115 0.9340
vn 0.5917 0.0150 -0.8061
vn -0.3344 0.0027 0.9424
vn -0.3113 -0.0007 0.9503
vn -0.2881 0.0016 0.9576
vn -0.2647 0.0093 0.9643
vn 0.6844 0.0179 -0.7289
vn 0.5877 0.0182 -0.8089
vn -0.2486 0.0184 0.9684
vn 0.5719 0.0081 -0.8203
vn 0.5518 0.0010 -0.8340
vn 0.5313 -0.0006 -0.8472
vn -0.2411 0.0135 0.9704
vn 0.5105 0.0034 -0.8599
vn -0.2174 0.0037 0.9761
vn 0.4894 0.0130 -0.8720
vn -0.1936 -0.0005 0.9811
vn -0.1696 0.0008 0.9855
vn -0.1456 0.0077 0.9893
vn -0.1253 0.0182 0.9920
vn 0.4817 0.0184 -0.8762
vn -0.1215 0.0156 0.9925
vn 0.4680 0.0098 -0.8837
vn -0.0973 0.0049 0.9952
vn 0.4464 0.0018 -0.8948
vn -0.0730 -0.0002 0.9973
vn 0.4245 -0.0007 -0.9054
vn -0.0487 0.0002 0.9988
vn 0.4023 0.0024 -0.9155
vn -0.0244 0.0062 0.9997
vn 0.3798 0.0111 -0.9250
vn 0.0000 0.0178 0.9998
vn 0.3681 0.0185 -0.9296
vn 0.0244 0.0062 0.9997
vn 0.3572 0.0115 -0.9340
vn 0.0487 0.0002 0.9988
vn 0.3344 0.0027 -0.9424
vn 0.0730 -0.0002 0.9973
vn 0.3113 -0.0007 -0.9503
vn 0.0973 0.0049 0.9952
vn 0.2881 0.0016 -0.9576
vn 0.1215 0.0156 0.9925
vn 0.2647 0.0093 -0.9643
vn 0.1936 -0.0005 0.9811
vn 0.2174 0.0037 0.9761
vn 0.2411 0.0135 0.9704
vn 0.1253 0.0182 0.9920
vn 0.1456 0.0077 0.9893
vn 0.1696 0.0008 0.9855
vn 0.2486 0.0184 -0.9684
vn 0.2411 0.0135 -0.9704
vn 0.2174 0.0037 -0.9761
vn 0.1936 -0.0005 -0.9811
vn 0.1696 0.0008 -0.9855
vn 0.1456 0.0077 -0.9893
vn 0.2647 0.0093 0.9643
vn 0.2881 0.0016 0.9576
vn 0.3113 -0.0007 0.9503
vn 0.3344 0.0027 0.9424
vn 0.3572 0.0115 0.9340
vn 0.2486 0.0184 0.9684
vn 0.1253 0.0182 -0.9920
vn 0.1215 0.0156 -0.9925
vn 0.0973 0.0049 -0.9952
vn 0.0730 -0.0002 -0.9973
vn 0.0487 0.0002 -0.9988
vn 0.0244 0.0062 -0.9997
vn 0.0000 0.0178 -0.9998
vn 0.3681 0.0185 0.9296
vn 0.3798 0.0111 0.9250
vn 0.4023 0.0024 0.9155
vn 0.4245 -0.0007 0.9054
vn 0.4464 0.0018 0.8948
vn 0.4680 0.0098 0.8837
vn -0.0244 0.0062 -0.9997
vn -0.0487 0.0002 -0.9988
vn -0.0730 -0.0002 -0.9973
vn -0.0973 0.0049 -0.9952
vn -0.1215 0.0156 -0.9925
vn 0.4894 0.0130 0.8720
vn 0.5105 0.0034 0.8599
vn 0.5313 -0.0006 0.8472
vn 0.5518 0.0010 0.8340
vn 0.5719 0.0081 0.8203
vn 0.4817 0.0184 0.8762
vn -0.1456 0.0077 -0.9893
vn -0.1696 0.0008 -0.9855
vn -0.1936 -0.0005 -0.9811
vn -0.2174 0.0037 -0.9761
vn -0.2411 0.0135 -0.9704
vn 0.5917 0.0150 0.8061
vn 0.6112 0.0046 0.7915
vn -0.1253 0.0182 -0.9920
vn 0.6303 -0.0003 0.7764
vn 0.6490 0.0004 0.7608
vn 0.6673 0.0066 0.7448
vn 0.5877 0.0182 0.8089
vn 0.6852 0.0172 0.7282
vn 0.7028 0.0059 0.7114
vn -0.2647 0.0093 -0.9643
vn 0.7199 0.0001 0.6941
vn -0.2881 0.0016 -0.9576
vn 0.7366 -0.0001 0.6763
vn -0.3113 -0.0007 -0.9503
vn 0.7528 0.0052 0.6582
vn -0.3344 0.0027 -0.9424
vn 0.7685 0.0161 0.6396
vn -0.3572 0.0115 -0.9340
vn 0.6844 0.0179 0.7289
vn -0.2486 0.0184 -0.9684
vn 0.7704 0.0181 0.6373
vn 0.7840 0.0073 0.6207
vn 0.7989 0.0007 0.6015
vn 0.8133 -0.0004 0.5819
vn 0.8272 0.0040 0.5619
vn 0.8406 0.0140 0.5415
vn -0.3681 0.0185 -0.9296
vn -0.3798 0.0111 -0.9250
vn -0.4023 0.0024 -0.9155
vn -0.4245 -0.0007 -0.9054
vn -0.4464 0.0018 -0.8948
vn -0.4680 0.0098 -0.8837
vn 0.8536 0.0089 0.5209
vn 0.8660 0.0014 0.5000
vn 0.8779 -0.0006 0.4788
vn 0.8893 0.0029 0.4572
vn 0.9001 0.0120 0.4354
vn 0.8442 0.0183 0.5357
vn -0.4817 0.0184 -0.8762
vn -0.4894 0.0130 -0.8720
vn -0.5105 0.0034 -0.8599
vn -0.5313 -0.0006 -0.8472
vn -0.5518 0.0010 -0.8340
vn -0.5719 0.0081 -0.8203
vn 0.9105 0.0106 0.4134
vn 0.9203 0.0022 0.3911
vn 0.9296 -0.0007 0.3686
vn 0.9383 0.0020 0.3458
vn 0.9464 0.0102 0.3229
vn 0.9047 0.0185 0.4257
vn -0.5877 0.0182 -0.8089
vn -0.5917 0.0150 -0.8061
vn -0.6112 0.0046 -0.7915
vn -0.6303 -0.0003 -0.7764
vn -0.6490 0.0004 -0.7608
vn 0.9539 0.0125 0.2997
vn -0.6673 0.0066 -0.7448
vn 0.9610 0.0032 0.2764
vn 0.9675 -0.0006 0.2529
vn 0.9734 0.0012 0.2293
vn 0.9786 0.0085 0.2055
vn 0.9509 0.0184 0.3090
vn 0.9821 0.0183 0.1873
vn 0.9833 0.0145 0.1816
vn 0.9875 0.0043 0.1576
vn 0.9910 -0.0004 0.1335
vn 0.9940 0.0005 0.1094
vn 0.9963 0.0070 0.0851
vn -0.7685 0.0161 -0.6396
vn 0.9980 0.0167 0.0608
vn -0.6844 0.0179 -0.7289
vn 0.9993 0.0056 0.0365
vn 0.9999 0.0000 0.0122
vn 0.9979 0.0180 0.0628
vn -0.6852 0.0172 -0.7282
vn -0.7028 0.0059 -0.7114
vn -0.7199 0.0001 -0.6941
vn -0.7366 -0.0001 -0.6763
vn -0.7528 0.0052 -0.6582
vn -0.7840 0.0073 -0.6207
vn -0.7989 0.0007 -0.6015
vn -0.8133 -0.0004 -0.5819
vn -0.8272 0.0040 -0.5619
vn -0.8406 0.0140 -0.5415
vn -0.7704 0.0181 -0.6373
vn -0.8536 0.0089 -0.5209
vn -0.8660 0.0014 -0.5000
vn -0.8779 -0.0006 -0.4788
vn -0.8893 0.0029 -0.4572
vn -0.9001 0.0120 -0.4354
vn -0.8442 0.0183 -0.5357
vn -0.9105 0.0106 -0.4134
vn -0.9203 0.0022 -0.3911
vn -0.9296 -0.0007 -0.3686
vn -0.9383 0.0020 -0.3458
vn -0.9464 0.0102 -0.3229
vn -0.9047 0.0185 -0.4257
vn -0.9539 0.0125 -0.2997
vn -0.9610 0.0032 -0.2764
vn -0.9675 -0.0006 -0.2529
vn -0.9734 0.0012 -0.2293
vn -0.9786 0.0085 -0.2055
vn -0.9509 0.0184 -0.3090
vn -0.9833 0.0145 -0.1816
vn -0.9875 0.0043 -0.1576
vn -0.9910 -0.0004 -0.1335
vn -0.9940 0.0005 -0.1094
vn -0.9963 0.0070 -0.0851
vn -0.9821 0.0183 -0.1873
vn -0.9979 0.0180 -0.0628
vn -0.9980 0.0167 -0.0608
vn -0.9993 0.0056 -0.0365
vn -0.9999 0.0000 -0.0122
vn -0.9999 0.0000 0.0122
vn -0.9993 0.0056 0.0365
vn -0.9980 0.0167 0.0608
vn 0.0000 1.0000 -0.0001
vn 0.0000 1.0000 -0.0003
vn 0.0000 1.0000 0.0003
vn 0.0000 1.0000 0.0002
vn 0.0000 1.0000 0.0001
vn 0.1908 0.0000 -0.9816
vn 0.1818 0.0000 -0.9833
vn 0.1888 -0.0001 -0.9820
vn 0.5069 0.8327 -0.2229
vn 0.5027 0.8339 -0.2279
vn 0.4959 0.8352 -0.2376
vn 0.4902 0.8356 -0.2479
vn 0.4856 0.8351 -0.2586
vn -0.5494 0.8354 0.0176
vn 0.4820 0.8335 -0.2700
vn -0.5471 0.8354 0.0527
vn 0.4812 0.8327 -0.2741
vn 0.4753 0.8341 -0.2798
vn 0.4677 0.8354 -0.2888
vn -0.5426 0.8354 0.0876
vn 0.4611 0.8356 -0.2985
vn 0.4556 0.8349 -0.3089
vn -0.5426 0.8326 0.1114
vn -0.5382 0.8355 0.1105
vn 0.4509 0.8332 -0.3199
vn 0.4502 0.8327 -0.3223
vn -0.5372 0.8331 0.1319
vn -0.5372 0.8346 0.1220
vn -0.5362 0.8335 0.1336
vn -0.5310 0.8350 0.1442
vn -0.5270 0.8356 0.1549
vn 0.4427 0.8344 -0.3285
vn -0.5241 0.8353 0.1661
vn 0.4343 0.8354 -0.3368
vn -0.5223 0.8341 0.1776
vn -0.5219 0.8330 0.1835
vn -0.5185 0.8341 0.1884
vn 0.4269 0.8356 -0.3458
vn -0.5127 0.8353 0.1985
vn 0.4204 0.8347 -0.3557
vn -0.5080 0.8356 0.2090
vn -0.5044 0.8350 0.2200
vn 0.4144 0.8328 -0.3671
vn 0.4148 0.8329 -0.3663
vn -0.5018 0.8335 0.2314
vn -0.5015 0.8331 0.2334
vn -0.4953 0.8346 0.2411
vn 0.4051 0.8346 -0.3734
vn -0.4889 0.8355 0.2507
vn -0.4836 0.8355 0.2609
vn 0.3960 0.8355 -0.3809
vn -0.4792 0.8346 0.2716
vn 0.3948 0.8364 -0.3803
vn -0.4764 0.8331 0.2811
vn 0.3908 0.8355 -0.3863
vn 0.3885 0.8355 -0.3885
vn -0.4749 0.8335 0.2825
vn -0.4670 0.8350 0.2911
vn 0.3862 0.8355 -0.3908
vn -0.4600 0.8356 0.3003
vn -0.4540 0.8353 0.3101
vn 0.3863 0.8355 -0.3908
vn -0.4490 0.8341 0.3205
vn 0.3809 0.8355 -0.3960
vn 0.3816 0.8352 -0.3961
vn -0.4469 0.8330 0.3262
vn 0.3671 0.8328 -0.4144
vn 0.3734 0.8346 -0.4051
vn 0.3663 0.8329 -0.4147
vn -0.4422 0.8341 0.3299
vn 0.3557 0.8347 -0.4204
vn 0.3458 0.8356 -0.4269
vn -0.4337 0.8353 0.3379
vn 0.3368 0.8354 -0.4343
vn 0.3223 0.8327 -0.4502
vn -0.4262 0.8356 0.3466
vn 0.3285 0.8344 -0.4427
vn -0.4196 0.8350 0.3560
vn 0.3199 0.8332 -0.4509
vn -0.4130 0.8331 0.3681
vn -0.4138 0.8335 0.3662
vn 0.3089 0.8349 -0.4556
vn 0.2985 0.8356 -0.4611
vn -0.4048 0.8346 0.3736
vn 0.2888 0.8354 -0.4677
vn 0.2741 0.8327 -0.4812
vn 0.2798 0.8341 -0.4753
vn -0.3959 0.8355 0.3810
vn -0.3966 0.8347 0.3821
vn 0.2700 0.8335 -0.4820
vn -0.3908 0.8355 0.3863
vn -0.3885 0.8355 0.3885
vn 0.2586 0.8351 -0.4856
vn -0.3862 0.8355 0.3908
vn 0.2479 0.8356 -0.4902
vn 0.2376 0.8352 -0.4959
vn -0.3863 0.8355 0.3908
vn 0.2229 0.8327 -0.5069
vn 0.2279 0.8339 -0.5027
vn -0.3816 0.8352 0.3961
vn -0.3809 0.8355 0.3960
vn 0.2172 0.8338 -0.5076
vn -0.3671 0.8328 0.4144
vn -0.3734 0.8346 0.4051
vn 0.2055 0.8352 -0.5101
vn 0.1944 0.8356 -0.5137
vn -0.3663 0.8329 0.4147
vn 0.1837 0.8351 -0.5185
vn -0.3557 0.8347 0.4204
vn -0.3458 0.8356 0.4269
vn 0.1693 0.8327 -0.5272
vn -0.3368 0.8354 0.4343
vn 0.1733 0.8337 -0.5244
vn -0.3223 0.8327 0.4502
vn -0.3285 0.8344 0.4427
vn 0.1619 0.8340 -0.5274
vn 0.1501 0.8353 -0.5289
vn -0.3199 0.8332 0.4509
vn 0.1387 0.8356 -0.5315
vn -0.3089 0.8349 0.4556
vn 0.1276 0.8350 -0.5353
vn -0.2985 0.8356 0.4611
vn -0.2888 0.8354 0.4677
vn 0.1139 0.8327 -0.5419
vn -0.2798 0.8341 0.4753
vn 0.1167 0.8334 -0.5402
vn -0.2741 0.8327 0.4812
vn 0.1049 0.8343 -0.5413
vn -0.2700 0.8335 0.4820
vn -0.2586 0.8351 0.4856
vn 0.0931 0.8354 -0.5417
vn -0.2479 0.8356 0.4902
vn 0.0815 0.8356 -0.5433
vn -0.2376 0.8352 0.4959
vn 0.0701 0.8348 -0.5460
vn -0.2279 0.8339 0.5027
vn -0.2229 0.8327 0.5069
vn 0.0572 0.8327 -0.5507
vn 0.0587 0.8331 -0.5500
vn -0.2172 0.8338 0.5076
vn 0.0468 0.8345 -0.5491
vn -0.2055 0.8352 0.5101
vn 0.0351 0.8355 -0.5484
vn -0.1944 0.8356 0.5137
vn -0.1837 0.8351 0.5185
vn 0.0234 0.8355 -0.5489
vn 0.0117 0.8347 -0.5507
vn -0.1733 0.8337 0.5244
vn -0.1693 0.8327 0.5272
vn 0.0000 0.8328 -0.5536
vn -0.1619 0.8340 0.5274
vn -0.1501 0.8353 0.5289
vn -0.0117 0.8347 -0.5507
vn -0.1387 0.8356 0.5315
vn -0.0234 0.8355 -0.5489
vn -0.1276 0.8350 0.5353
vn -0.0351 0.8355 -0.5484
vn -0.0572 0.8327 -0.5507
vn -0.1139 0.8327 0.5419
vn -0.0468 0.8345 -0.5491
vn -0.1167 0.8334 0.5402
vn -0.1049 0.8343 0.5413
vn -0.0587 0.8331 -0.5500
vn -0.0931 0.8354 0.5417
vn -0.0701 0.8348 -0.5460
vn -0.0815 0.8356 0.5433
vn -0.0701 0.8348 0.5460
vn -0.0815 0.8356 -0.5433
vn -0.0931 0.8354 -0.5417
vn -0.0572 0.8327 0.5507
vn -0.1139 0.8327 -0.5419
vn -0.0587 0.8331 0.5500
vn -0.1049 0.8343 -0.5413
vn -0.0468 0.8345 0.5491
vn -0.1167 0.8334 -0.5402
vn -0.0351 0.8355 0.5484
vn -0.0234 0.8355 0.5489
vn -0.1276 0.8350 -0.5353
vn 0.0000 0.8328 0.5536
vn -0.0117 0.8347 0.5507
vn -0.1387 0.8356 -0.5315
vn -0.1501 0.8353 -0.5289
vn -0.1693 0.8327 -0.5272
vn 0.0117 0.8347 0.5507
vn -0.1619 0.8340 -0.5274
vn 0.0234 0.8355 0.5489
vn -0.1733 0.8337 -0.5244
vn 0.0351 0.8355 0.5484
vn 0.0572 0.8327 0.5507
vn 0.0468 0.8345 0.5491
vn -0.1837 0.8351 -0.5185
vn -0.1944 0.8356 -0.5137
vn 0.0587 0.8331 0.5500
vn -0.2055 0.8352 -0.5101
vn 0.0701 0.8348 0.5460
vn -0.2229 0.8327 -0.5069
vn -0.2172 0.8338 -0.5076
vn 0.0815 0.8356 0.5433
vn 0.0931 0.8354 0.5417
vn 0.1139 0.8327 0.5419
vn -0.2279 0.8339 -0.5027
vn 0.1049 0.8343 0.5413
vn -0.2376 0.8352 -0.4959
vn -0.2479 0.8356 -0.4902
vn 0.1167 0.8334 0.5402
vn -0.2586 0.8351 -0.4856
vn 0.1276 0.8350 0.5353
vn 0.1387 0.8356 0.5315
vn -0.2700 0.8335 -0.4820
vn -0.2741 0.8327 -0.4812
vn 0.1501 0.8353 0.5289
vn 0.1619 0.8340 0.5274
vn 0.1693 0.8327 0.5272
vn -0.2798 0.8341 -0.4753
vn -0.2888 0.8354 -0.4677
vn 0.1733 0.8337 0.5244
vn -0.2985 0.8356 -0.4611
vn 0.1837 0.8351 0.5185
vn -0.3089 0.8349 -0.4556
vn 0.1944 0.8356 0.5137
vn 0.2055 0.8352 0.5101
vn -0.3223 0.8327 -0.4502
vn -0.3199 0.8332 -0.4509
vn 0.2172 0.8338 0.5076
vn 0.2229 0.8327 0.5069
vn 0.2279 0.8339 0.5027
vn -0.3285 0.8344 -0.4427
vn 0.2376 0.8352 0.4959
vn 0.2479 0.8356 0.4902
vn -0.3368 0.8354 -0.4343
vn 0.2586 0.8351 0.4856
vn -0.3458 0.8356 -0.4269
vn 0.2700 0.8335 0.4820
vn 0.2741 0.8327 0.4812
vn 0.2798 0.8341 0.4753
vn -0.3557 0.8347 -0.4204
vn 0.2888 0.8354 0.4677
vn -0.3671 0.8328 -0.4144
vn 0.2985 0.8356 0.4611
vn -0.3663 0.8329 -0.4147
vn 0.3089 0.8349 0.4556
vn -0.3734 0.8346 -0.4051
vn 0.3199 0.8332 0.4509
vn 0.3223 0.8327 0.4502
vn -0.3809 0.8355 -0.3960
vn -0.3862 0.8355 -0.3908
vn -0.3822 0.8345 -0.3968
vn -0.3863 0.8355 -0.3908
vn 0.3285 0.8344 0.4427
vn -0.3885 0.8355 -0.3885
vn 0.3368 0.8354 0.4343
vn -0.3908 0.8355 -0.3863
vn 0.3458 0.8356 0.4269
vn 0.3557 0.8347 0.4204
vn -0.3968 0.8346 -0.3820
vn -0.3959 0.8355 -0.3810
vn 0.3671 0.8328 0.4144
vn 0.3663 0.8329 0.4147
vn -0.4048 0.8346 -0.3736
vn -0.4130 0.8331 -0.3681
vn -0.4138 0.8335 -0.3662
vn 0.3734 0.8346 0.4051
vn -0.4196 0.8350 -0.3560
vn 0.3809 0.8355 0.3960
vn -0.4262 0.8356 -0.3466
vn 0.3822 0.8345 0.3968
vn -0.4337 0.8353 -0.3379
vn 0.3862 0.8355 0.3908
vn 0.3863 0.8355 0.3908
vn -0.4422 0.8341 -0.3299
vn 0.3885 0.8355 0.3885
vn -0.4469 0.8330 -0.3262
vn -0.4490 0.8341 -0.3205
vn 0.3908 0.8355 0.3862
vn 0.3908 0.8355 0.3863
vn -0.4540 0.8353 -0.3101
vn -0.4600 0.8356 -0.3003
vn 0.3960 0.8355 0.3809
vn -0.4670 0.8350 -0.2911
vn 0.3950 0.8363 0.3801
vn 0.4144 0.8328 0.3671
vn 0.4051 0.8346 0.3734
vn -0.4764 0.8331 -0.2811
vn -0.4749 0.8335 -0.2825
vn 0.4148 0.8329 0.3663
vn -0.4792 0.8346 -0.2716
vn 0.4204 0.8347 0.3557
vn -0.4836 0.8355 -0.2609
vn 0.4269 0.8356 0.3458
vn -0.4889 0.8355 -0.2507
vn 0.4343 0.8354 0.3368
vn 0.4502 0.8327 0.3223
vn -0.5015 0.8331 -0.2334
vn 0.4427 0.8344 0.3285
vn -0.4953 0.8346 -0.2411
vn -0.5018 0.8335 -0.2314
vn 0.4509 0.8332 0.3199
vn 0.4556 0.8349 0.3089
vn -0.5044 0.8350 -0.2200
vn 0.4611 0.8356 0.2985
vn -0.5080 0.8356 -0.2090
vn 0.4677 0.8354 0.2888
vn -0.5127 0.8353 -0.1985
vn 0.4812 0.8327 0.2741
vn 0.4753 0.8341 0.2798
vn -0.5219 0.8330 -0.1835
vn -0.5185 0.8341 -0.1884
vn -0.5223 0.8341 -0.1776
vn 0.4820 0.8335 0.2700
vn -0.5241 0.8353 -0.1661
vn 0.4856 0.8351 0.2586
vn 0.4902 0.8356 0.2479
vn -0.5270 0.8356 -0.1549
vn 0.4959 0.8352 0.2376
vn -0.5310 0.8350 -0.1442
vn 0.5027 0.8339 0.2279
vn 0.5069 0.8327 0.2229
vn -0.5362 0.8335 -0.1336
vn 0.5076 0.8338 0.2172
vn -0.5372 0.8331 -0.1319
vn 0.5101 0.8352 0.2055
vn -0.5372 0.8346 -0.1220
vn 0.5137 0.8356 0.1944
vn 0.5185 0.8351 0.1837
vn -0.5382 0.8355 -0.1105
vn -0.5426 0.8354 -0.0876
vn -0.5442 0.8315 -0.1117
vn 0.5272 0.8327 0.1693
vn 0.5244 0.8337 0.1733
vn 0.5274 0.8340 0.1619
vn -0.5471 0.8354 -0.0527
vn 0.5289 0.8353 0.1502
vn -0.5494 0.8354 -0.0176
vn 0.5315 0.8356 0.1387
vn 0.5353 0.8350 0.1276
vn 0.5419 0.8327 0.1139
vn 0.5402 0.8334 0.1167
vn 0.5413 0.8343 0.1050
vn 0.5417 0.8354 0.0931
vn 0.5433 0.8356 0.0815
vn 0.5460 0.8348 0.0701
vn 0.5507 0.8327 0.0572
vn 0.5500 0.8331 0.0587
vn 0.5491 0.8345 0.0468
vn 0.5484 0.8355 0.0351
vn 0.5489 0.8355 0.0234
vn 0.5507 0.8347 0.0117
vn 0.5536 0.8328 0.0000
vn 0.5507 0.8347 -0.0117
vn 0.5489 0.8355 -0.0234
vn 0.5484 0.8355 -0.0351
vn 0.5507 0.8327 -0.0572
vn 0.5491 0.8345 -0.0468
vn 0.5500 0.8331 -0.0587
vn 0.5460 0.8348 -0.0701
vn 0.5433 0.8356 -0.0815
vn 0.5417 0.8354 -0.0931
vn 0.5419 0.8327 -0.1139
vn 0.5413 0.8343 -0.1050
vn 0.5402 0.8334 -0.1167
vn 0.5353 0.8350 -0.1276
vn 0.5315 0.8356 -0.1387
vn 0.5289 0.8353 -0.1502
vn 0.5272 0.8327 -0.1693
vn 0.5274 0.8340 -0.1619
vn 0.5244 0.8337 -0.1733
vn 0.5185 0.8351 -0.1837
vn 0.5137 0.8356 -0.1944
vn 0.5101 0.8352 -0.2055
vn 0.5076 0.8338 -0.2172
vn -0.7009 0.0000 0.7132
vn -0.7009 0.0000 0.7133
vn -0.7020 0.0135 0.7121
vn -0.6995 0.0000 0.7146
vn 0.7030 0.0000 0.7112
vn 0.7071 0.0000 0.7071
vn 0.7112 0.0000 0.7030
vn 0.7133 0.0000 -0.7009
vn 0.7071 0.0000 -0.7071
vn 0.7132 0.0000 -0.7009
vn 0.7134 0.0000 -0.7007
vn -0.7133 0.0000 -0.7009
vn -0.7071 0.0068 -0.7071
vn -0.7132 0.0000 -0.7009
vn -0.7119 0.0002 -0.7022
vn -0.7112 0.0000 0.7030
vn -0.7071 0.0000 0.7071
vn -0.7030 0.0000 0.7112
vn 0.7009 0.0000 0.7132
vn 0.7009 0.0000 0.7133
vn 0.7018 0.0270 0.7119
vn 0.6989 0.0000 0.7152
vn 0.7009 0.0000 -0.7132
vn 0.7009 0.0000 -0.7133
vn 0.7020 0.0135 -0.7121
vn 0.6995 0.0000 -0.7146
vn -0.7030 0.0000 -0.7112
vn -0.7071 0.0000 -0.7071
vn -0.7112 0.0000 -0.7030
vn -0.7133 0.0000 0.7009
vn -0.7132 0.0000 0.7009
vn -0.7134 0.0000 0.7007
vn 0.7133 0.0000 0.7009
vn 0.7071 0.0068 0.7071
vn 0.7132 0.0000 0.7009
vn 0.7119 0.0002 0.7022
vn 0.7112 0.0000 -0.7030
vn 0.7030 0.0000 -0.7112
vn -0.7009 0.0000 -0.7132
vn -0.7009 0.0000 -0.7133
vn -0.7018 0.0270 -0.7119
vn -0.6989 0.0000 -0.7152
vn 0.1908 0.0000 0.9816
vn 0.1821 0.0034 0.9833
vn 0.1890 0.0000 0.9820
vn 0.9838 0.0000 0.1790
vn 0.9831 -0.0977 0.1546
vn 0.9866 -0.0976 0.1310
vn 0.9942 0.0000 0.1078
vn 0.9965 0.0000 0.0839
vn 0.9934 -0.0976 0.0597
vn 0.9711 -0.1926 0.1408
vn 0.9946 -0.0977 0.0358
vn 0.9999 0.0000 0.0120
vn 0.9999 0.0000 -0.0120
vn 0.9946 -0.0977 -0.0358
vn 0.9802 -0.1926 0.0471
vn 0.9934 -0.0976 -0.0597
vn 0.9965 0.0000 -0.0839
vn 0.9942 0.0000 -0.1078
vn 0.9866 -0.0976 -0.1310
vn 0.9802 -0.1926 -0.0471
vn 0.9831 -0.0977 -0.1546
vn 0.9838 0.0000 -0.1790
vn 0.9711 -0.1926 -0.1408
vn -0.9897 0.0000 -0.1435
vn -0.9988 0.0000 -0.0480
vn -0.9988 0.0000 0.0480
vn -0.9897 0.0000 0.1435
vn -0.5376 0.8396 -0.0779
vn -0.5510 0.8307 -0.0799
vn -0.5418 0.8354 -0.0919
vn -0.5426 0.8396 -0.0261
vn -0.5561 0.8307 -0.0267
vn -0.5537 0.8310 -0.0533
vn -0.5402 0.8399 -0.0520
vn -0.5426 0.8396 0.0261
vn -0.5561 0.8307 0.0267
vn -0.5563 0.8310 0.0000
vn -0.5427 0.8399 0.0000
vn -0.5376 0.8396 0.0779
vn -0.5510 0.8307 0.0799
vn -0.5418 0.8354 0.0919
vn -0.5537 0.8310 0.0533
vn -0.5402 0.8399 0.0520
vn 0.5471 -0.8333 0.0793
vn 0.5426 -0.8354 0.0876
vn 0.5522 -0.8333 0.0265
vn 0.5455 -0.8365 0.0525
vn 0.5494 -0.8354 0.0176
vn 0.5522 -0.8333 -0.0265
vn 0.5494 -0.8354 -0.0176
vn 0.5471 -0.8333 -0.0793
vn 0.5455 -0.8365 -0.0525
vn 0.5426 -0.8354 -0.0876
vn 0.9894 0.0000 0.1450
vn 0.0001 1.0000 0.0000
vn 0.9996 0.0000 -0.0289
vn 0.9996 0.0000 0.0289
vn 0.9894 0.0000 -0.1450
vn -0.9803 0.0000 0.1977
vn -0.9708 0.0292 0.2383
vn -0.9662 -0.0408 0.2545
vn -0.9427 0.0381 0.3315
vn -0.9346 -0.0489 0.3523
vn -0.9057 0.0454 0.4215
vn -0.8931 -0.0554 0.4464
vn -0.8601 0.0511 0.5075
vn -0.8422 -0.0604 0.5357
vn -0.8065 0.0554 0.5886
vn -0.7825 -0.0638 0.6193
vn -0.7325 0.0000 0.6808
vn -0.7453 0.0580 0.6642
vn -0.6902 0.0000 0.7236
vn -0.6621 0.0550 0.7474
vn -0.6397 -0.0539 0.7668
vn -0.5813 0.0543 0.8119
vn -0.5574 -0.0533 0.8285
vn -0.4942 0.0537 0.8677
vn -0.4693 -0.0527 0.8815
vn -0.4019 0.0531 0.9141
vn -0.3762 -0.0520 0.9251
vn -0.3053 0.0524 0.9508
vn -0.2791 -0.0514 0.9589
vn -0.1791 -0.0507 0.9825
vn -0.2054 0.0518 0.9773
vn -0.0771 -0.0500 0.9958
vn -0.1032 0.0511 0.9933
vn 0.0257 -0.0493 0.9985
vn 0.0000 0.0504 0.9987
vn 0.1282 -0.0486 0.9906
vn 0.1032 0.0497 0.9934
vn 0.2294 -0.0478 0.9722
vn 0.2054 0.0489 0.9775
vn 0.3282 -0.0471 0.9434
vn 0.3053 0.0482 0.9510
vn 0.4235 -0.0463 0.9047
vn 0.4020 0.0474 0.9144
vn 0.5143 -0.0455 0.8564
vn 0.4944 0.0466 0.8680
vn 0.0014 -1.0000 0.0014
vn 0.5996 -0.0447 0.7990
vn 0.5815 0.0458 0.8122
vn 0.6713 0.0000 0.7412
vn 0.6624 0.0450 0.7478
vn 0.7147 0.0000 0.6994
vn 0.7511 -0.0089 0.6601
vn 0.7485 0.0103 0.6630
vn 0.8150 -0.0076 0.5794
vn 0.8131 0.0090 0.5821
vn 0.8703 -0.0063 0.4925
vn 0.8689 0.0076 0.4949
vn 0.9163 -0.0049 0.4004
vn 0.9154 0.0063 0.4025
vn 0.9526 -0.0035 0.3041
vn 0.9521 0.0049 0.3057
vn 0.9789 -0.0021 0.2046
vn 0.9786 0.0035 0.2056
vn 0.9947 -0.0007 0.1028
vn 1.0000 0.0007 0.0000
vn 0.9946 0.0021 0.1034
vn 0.9947 -0.0007 -0.1028
vn 0.9946 0.0021 -0.1034
vn 0.9789 -0.0021 -0.2046
vn 0.9786 0.0035 -0.2056
vn 0.9526 -0.0035 -0.3041
vn 0.9521 0.0049 -0.3057
vn 0.9163 -0.0049 -0.4004
vn 0.9154 0.0063 -0.4025
vn 0.8703 -0.0063 -0.4925
vn 0.8689 0.0076 -0.4949
vn 0.8150 -0.0076 -0.5794
vn 0.0014 -1.0000 -0.0014
vn 0.8131 0.0090 -0.5821
vn 0.7511 -0.0089 -0.6601
vn 0.7147 0.0000 -0.6994
vn 0.7485 0.0103 -0.6630
vn 0.6713 0.0000 -0.7412
vn 0.5996 -0.0447 -0.7990
vn 0.6624 0.0450 -0.7478
vn 0.5143 -0.0455 -0.8564
vn 0.5815 0.0458 -0.8122
vn 0.4235 -0.0463 -0.9047
vn 0.4944 0.0466 -0.8680
vn 0.3282 -0.0471 -0.9434
vn 0.4020 0.0474 -0.9144
vn 0.2294 -0.0478 -0.9722
vn 0.3053 0.0482 -0.9510
vn 0.1282 -0.0486 -0.9906
vn 0.2054 0.0489 -0.9775
vn 0.0257 -0.0493 -0.9985
vn 0.1032 0.0497 -0.9934
vn -0.0771 -0.0500 -0.9958
vn 0.0000 0.0504 -0.9987
vn -0.1791 -0.0507 -0.9825
vn -0.1032 0.0511 -0.9933
vn -0.2791 -0.0514 -0.9589
vn -0.2054 0.0518 -0.9773
vn -0.3762 -0.0520 -0.9251
vn -0.3053 0.0524 -0.9508
vn -0.4693 -0.0527 -0.8815
vn -0.4019 0.0531 -0.9141
vn -0.5574 -0.0533 -0.8285
vn -0.4942 0.0537 -0.8677
vn -0.6397 -0.0539 -0.7668
vn -0.5813 0.0543 -0.8119
vn -0.6902 0.0000 -0.7236
vn -0.6621 0.0550 -0.7474
vn -0.7325 0.0000 -0.6808
vn -0.7453 0.0580 -0.6642
vn -0.7825 -0.0638 -0.6193
vn -0.8065 0.0554 -0.5886
vn -0.8422 -0.0604 -0.5357
vn -0.8601 0.0511 -0.5075
vn -0.8931 -0.0554 -0.4464
vn -0.9057 0.0454 -0.4215
vn -0.9346 -0.0489 -0.3523
vn -0.9427 0.0381 -0.3315
vn -0.9662 -0.0408 -0.2545
vn -0.9803 0.0000 -0.1977
vn -0.9708 0.0292 -0.2383
vn -0.0001 1.0000 0.0000
vn -0.0001 -1.0000 0.0000
vn 0.0001 -1.0000 0.0001
vn 0.0002 -1.0000 -0.0002
vn 0.0004 -1.0000 -0.0004
vn -0.7046 0.0000 0.7096
vn -0.7432 0.0000 0.6691
vn -0.7005 0.0000 0.7137
vn -0.6642 0.0000 0.7475
vn -0.7005 0.0000 -0.7137
vn -0.7432 0.0000 -0.6691
vn -0.6642 0.0000 -0.7475
vn -0.7046 0.0000 -0.7096
vn 0.7046 0.0000 -0.7096
vn 0.7432 0.0000 -0.6691
vn 0.6642 0.0000 -0.7475
vn 0.7005 0.0000 -0.7137
vn 0.7005 0.0000 0.7137
vn 0.7432 0.0000 0.6691
vn 0.7046 0.0000 0.7096
vn 0.6642 0.0000 0.7475
vn 0.3863 -0.8355 0.3908
vn 0.3885 -0.8355 0.3885
vn 0.3908 -0.8355 0.3863
vn -0.3908 -0.8355 0.3863
vn -0.3885 -0.8355 0.3885
vn -0.3863 -0.8355 0.3908
vn -0.3863 -0.8355 -0.3908
vn -0.3885 -0.8355 -0.3885
vn -0.3908 -0.8355 -0.3863
vn 0.3908 -0.8355 -0.3863
vn 0.3885 -0.8355 -0.3885
vn 0.3863 -0.8355 -0.3908
usemtl color_cccccc
s off
f 1/1/1 2/2/1 3/3/1
f 4/4/1 2/2/1 1/1/1
f 4/5/2 5/6/2 2/7/2
f 6/8/2 7/9/2 5/6/2
f 5/6/2 7/9/2 2/7/2
f 7/10/3 3/11/3 2/12/3
f 8/13/3 3/14/3 7/15/3
f 9/16/4 1/17/4 3/18/4
f 8/19/4 10/20/4 9/16/4
f 8/19/4 9/16/4 3/18/4
f 4/21/5 11/22/5 12/23/5
f 12/23/6 13/24/6 4/21/6
f 4/21/7 14/25/7 11/22/7
f 13/24/6 15/26/6 4/21/6
f 4/21/8 16/27/8 14/25/8
f 15/26/6 5/28/6 4/21/6
f 1/29/6 17/30/6 4/21/6
f 4/21/6 17/30/6 16/27/6
f 1/29/9 18/31/9 17/30/9
f 1/29/10 19/32/10 18/31/10
f 1/29/11 9/33/11 20/34/11
f 1/29/12 20/34/12 21/35/12
f 1/29/13 21/35/13 22/36/13
f 1/29/14 22/36/14 19/32/14
f 23/37/6 6/38/6 5/39/6
f 24/40/6 6/38/6 23/37/6
f 25/41/15 6/38/15 24/40/15
f 26/42/16 6/38/16 25/41/16
f 27/43/6 6/38/6 26/42/6
f 28/44/6 6/38/6 27/43/6
f 29/45/6 6/38/6 28/44/6
f 30/46/6 10/47/6 29/45/6
f 31/48/6 10/47/6 30/46/6
f 32/49/6 10/47/6 31/48/6
f 29/45/6 10/47/6 6/38/6
f 9/50/6 10/47/6 33/51/6
f 33/51/6 10/47/6 34/52/6
f 34/52/17 10/47/17 35/53/17
f 35/53/18 10/47/18 32/49/18
f 7/54/19 10/55/19 8/56/19
f 7/54/19 6/57/19 10/55/19
f 23/58/20 5/59/20 36/60/20
f 24/61/21 23/58/21 37/62/21
f 24/61/22 37/62/22 38/63/22
f 21/64/23 20/65/23 39/66/23
f 21/64/24 39/66/24 40/67/24
f 25/68/25 38/63/25 41/69/25
f 25/68/26 24/61/26 38/63/26
f 26/70/27 41/69/27 42/71/27
f 22/72/28 40/67/28 43/73/28
f 26/70/29 25/68/29 41/69/29
f 27/74/30 26/70/30 42/71/30
f 27/74/31 42/71/31 44/75/31
f 28/76/32 44/75/32 45/77/32
f 22/72/33 21/64/33 40/67/33
f 28/76/34 27/74/34 44/75/34
f 29/78/35 28/76/35 45/77/35
f 19/79/36 43/73/36 46/80/36
f 19/79/37 22/72/37 43/73/37
f 18/81/38 19/79/38 46/80/38
f 30/82/39 45/77/39 47/83/39
f 18/84/40 46/85/40 48/86/40
f 30/82/41 29/78/41 45/77/41
f 17/87/42 48/86/42 49/88/42
f 31/89/43 47/83/43 50/90/43
f 31/89/44 30/82/44 47/83/44
f 17/87/45 18/84/45 48/86/45
f 16/91/46 49/88/46 51/92/46
f 32/93/47 50/90/47 52/94/47
f 16/91/48 17/87/48 49/88/48
f 32/93/49 31/89/49 50/90/49
f 14/95/50 51/92/50 53/96/50
f 35/97/51 52/94/51 54/98/51
f 14/95/52 16/91/52 51/92/52
f 35/97/53 32/93/53 52/94/53
f 11/99/54 53/100/54 55/101/54
f 34/102/55 54/98/55 56/103/55
f 11/99/56 14/104/56 53/100/56
f 34/102/57 35/97/57 54/98/57
f 12/105/58 55/101/58 57/106/58
f 33/107/59 56/103/59 58/108/59
f 12/105/60 11/99/60 55/101/60
f 13/109/61 57/106/61 59/110/61
f 13/109/62 12/105/62 57/106/62
f 33/107/63 34/102/63 56/103/63
f 9/111/64 58/112/64 60/113/64
f 15/114/65 59/110/65 61/115/65
f 15/114/66 13/109/66 59/110/66
f 9/116/67 33/107/67 58/108/67
f 5/117/68 61/118/68 36/119/68
f 5/117/69 15/120/69 61/118/69
f 20/121/70 9/111/70 60/113/70
f 20/65/71 60/122/71 39/66/71
f 23/58/72 36/60/72 37/62/72
f 59/123/73 57/124/73 62/125/73
f 59/123/73 62/125/73 63/126/73
f 61/118/74 59/123/74 63/126/74
f 61/118/74 63/126/74 64/127/74
f 47/128/75 65/129/75 66/130/75
f 36/119/2 61/118/2 64/127/2
f 47/128/75 45/131/75 65/129/75
f 36/119/2 64/127/2 67/132/2
f 50/133/76 66/130/76 68/134/76
f 37/135/77 36/119/77 67/132/77
f 50/133/76 47/128/76 66/130/76
f 37/135/77 67/132/77 69/136/77
f 52/137/78 68/134/78 70/138/78
f 38/139/79 37/135/79 69/136/79
f 38/139/79 69/136/79 71/140/79
f 52/137/78 50/133/78 68/134/78
f 54/141/80 70/142/80 72/143/80
f 41/144/81 38/139/81 71/140/81
f 41/144/81 71/140/81 73/145/81
f 54/141/80 52/146/80 70/142/80
f 56/147/82 72/143/82 74/148/82
f 42/149/83 73/150/83 75/151/83
f 56/147/82 54/141/82 72/143/82
f 42/149/83 41/152/83 73/150/83
f 44/153/84 75/151/84 76/154/84
f 58/112/85 74/148/85 77/155/85
f 44/153/84 42/149/84 75/151/84
f 45/131/86 76/154/86 65/129/86
f 58/112/85 56/147/85 74/148/85
f 45/131/86 44/153/86 76/154/86
f 60/113/4 77/155/4 78/156/4
f 60/113/4 58/112/4 77/155/4
f 39/157/87 78/156/87 79/158/87
f 39/157/87 60/113/87 78/156/87
f 40/159/88 79/158/88 80/160/88
f 40/159/88 39/157/88 79/158/88
f 43/161/89 80/160/89 81/162/89
f 43/161/89 40/159/89 80/160/89
f 46/85/90 81/163/90 82/164/90
f 46/85/90 43/165/90 81/163/90
f 48/86/91 46/85/91 82/164/91
f 48/86/91 82/164/91 83/166/91
f 49/88/92 48/86/92 83/166/92
f 49/88/92 83/166/92 84/167/92
f 51/92/93 49/88/93 84/167/93
f 51/92/93 84/167/93 85/168/93
f 53/96/94 51/92/94 85/168/94
f 53/96/94 85/168/94 86/169/94
f 55/170/95 53/96/95 86/169/95
f 55/170/95 86/169/95 87/171/95
f 57/124/96 55/172/96 87/173/96
f 57/124/96 87/173/96 62/125/96
f 88/174/3 73/175/3 71/176/3
f 89/177/3 81/178/3 90/179/3
f 89/177/3 82/180/3 81/178/3
f 74/181/3 72/182/3 91/183/3
f 66/184/3 92/185/3 68/186/3
f 66/184/3 93/187/3 94/188/3
f 66/184/3 94/188/3 92/185/3
f 95/189/3 88/174/3 71/176/3
f 96/190/3 82/180/3 89/177/3
f 77/191/3 97/192/3 98/193/3
f 77/191/3 74/181/3 97/192/3
f 65/194/3 93/187/3 66/184/3
f 99/195/3 71/176/3 69/196/3
f 99/195/3 95/189/3 71/176/3
f 65/194/3 100/197/3 101/198/3
f 65/194/3 101/198/3 93/187/3
f 102/199/3 83/200/3 82/180/3
f 102/199/3 82/180/3 96/190/3
f 78/201/3 98/193/3 103/202/3
f 78/201/3 103/202/3 104/203/3
f 78/201/3 77/191/3 98/193/3
f 105/204/3 99/195/3 69/196/3
f 76/205/3 100/197/3 65/194/3
f 76/205/3 106/206/3 107/207/3
f 108/208/3 83/200/3 102/199/3
f 76/205/3 107/207/3 100/197/3
f 109/209/3 69/196/3 67/210/3
f 109/209/3 105/204/3 69/196/3
f 79/211/3 104/203/3 110/212/3
f 79/211/3 110/212/3 111/213/3
f 112/214/3 84/215/3 83/200/3
f 79/211/3 78/201/3 104/203/3
f 75/216/3 113/217/3 114/218/3
f 75/216/3 114/218/3 106/206/3
f 112/214/3 83/200/3 108/208/3
f 75/216/3 106/206/3 76/205/3
f 115/219/3 109/209/3 67/210/3
f 80/220/3 79/211/3 111/213/3
f 80/220/3 111/213/3 116/221/3
f 80/220/3 116/221/3 117/222/3
f 73/175/3 118/223/3 113/217/3
f 119/224/3 84/215/3 112/214/3
f 73/175/3 113/217/3 75/216/3
f 120/225/3 115/219/3 67/210/3
f 81/178/3 80/220/3 117/222/3
f 120/225/3 67/210/3 64/226/3
f 121/227/3 85/228/3 84/215/3
f 121/227/3 84/215/3 119/224/3
f 122/229/3 120/225/3 64/226/3
f 122/229/3 64/226/3 63/230/3
f 123/231/3 85/228/3 121/227/3
f 124/232/3 122/229/3 63/230/3
f 125/233/3 85/228/3 123/231/3
f 125/233/3 86/234/3 85/228/3
f 90/179/3 81/178/3 117/222/3
f 126/235/3 124/232/3 63/230/3
f 126/235/3 63/230/3 62/236/3
f 70/237/3 127/238/3 128/239/3
f 70/237/3 128/239/3 129/240/3
f 130/241/3 86/234/3 125/233/3
f 131/242/3 126/235/3 62/236/3
f 132/243/3 86/234/3 130/241/3
f 72/182/3 70/237/3 129/240/3
f 132/243/3 87/244/3 86/234/3
f 72/182/3 129/240/3 133/245/3
f 72/182/3 133/245/3 91/183/3
f 134/246/3 131/242/3 62/236/3
f 134/246/3 62/236/3 87/244/3
f 135/247/3 134/246/3 87/244/3
f 135/247/3 87/244/3 132/243/3
f 68/186/3 92/185/3 136/248/3
f 68/186/3 136/248/3 127/238/3
f 68/186/3 127/238/3 70/237/3
f 74/181/3 91/183/3 137/249/3
f 88/174/3 118/223/3 73/175/3
f 74/181/3 137/249/3 97/192/3
f 93/250/97 101/251/97 138/252/97
f 93/250/98 138/252/98 139/253/98
f 93/250/99 139/253/99 140/254/99
f 93/250/100 140/254/100 141/255/100
f 93/250/101 141/255/101 142/256/101
f 93/250/102 142/256/102 143/257/102
f 119/258/103 144/259/103 145/260/103
f 119/258/104 145/260/104 146/261/104
f 94/262/105 93/250/105 143/257/105
f 119/258/106 146/261/106 147/263/106
f 94/262/107 143/257/107 148/264/107
f 94/262/108 148/264/108 149/265/108
f 94/262/109 149/265/109 150/266/109
f 94/262/110 150/266/110 151/267/110
f 94/262/111 151/267/111 152/268/111
f 92/269/112 152/268/112 153/270/112
f 92/269/113 153/270/113 154/271/113
f 121/272/114 147/263/114 155/273/114
f 92/269/115 154/271/115 156/274/115
f 121/272/116 155/273/116 157/275/116
f 92/269/117 156/274/117 158/276/117
f 121/272/118 157/275/118 159/277/118
f 92/269/119 94/262/119 152/268/119
f 121/272/120 159/277/120 160/278/120
f 92/269/121 158/276/121 161/279/121
f 121/272/122 160/278/122 162/280/122
f 121/272/123 119/258/123 147/263/123
f 136/281/124 161/279/124 163/282/124
f 136/281/125 163/282/125 164/283/125
f 136/281/126 164/283/126 165/284/126
f 123/285/127 162/280/127 166/286/127
f 136/281/128 165/284/128 167/287/128
f 123/285/129 166/286/129 168/288/129
f 136/281/130 167/287/130 169/289/130
f 123/285/131 168/288/131 170/290/131
f 123/285/132 170/290/132 171/291/132
f 123/285/133 171/291/133 172/292/133
f 136/281/134 92/269/134 161/279/134
f 123/285/135 121/272/135 162/280/135
f 127/293/136 169/289/136 173/294/136
f 127/293/137 173/294/137 174/295/137
f 127/293/138 174/295/138 175/296/138
f 127/293/139 175/296/139 176/297/139
f 127/293/140 176/297/140 177/298/140
f 125/299/141 172/292/141 178/300/141
f 125/299/142 178/300/142 179/301/142
f 125/299/143 179/301/143 180/302/143
f 125/299/144 180/302/144 181/303/144
f 127/293/145 136/281/145 169/289/145
f 125/299/146 181/303/146 182/304/146
f 125/299/147 123/285/147 172/292/147
f 128/305/148 177/298/148 183/306/148
f 128/305/149 183/306/149 184/307/149
f 128/305/150 184/307/150 185/308/150
f 128/305/151 185/308/151 186/309/151
f 128/310/152 186/311/152 187/312/152
f 128/310/153 187/312/153 188/313/153
f 128/305/154 127/293/154 177/298/154
f 130/314/155 182/304/155 189/315/155
f 130/314/156 189/315/156 190/316/156
f 130/314/157 190/316/157 191/317/157
f 130/314/158 191/317/158 192/318/158
f 130/314/159 192/318/159 193/319/159
f 130/314/160 125/299/160 182/304/160
f 129/320/161 128/310/161 188/313/161
f 129/320/162 188/313/162 194/321/162
f 129/320/163 194/321/163 195/322/163
f 129/320/164 195/322/164 196/323/164
f 129/320/165 196/323/165 197/324/165
f 129/320/166 197/324/166 198/325/166
f 132/326/167 193/319/167 199/327/167
f 132/326/168 199/327/168 200/328/168
f 132/326/169 200/328/169 201/329/169
f 132/326/170 201/329/170 202/330/170
f 132/326/171 202/330/171 203/331/171
f 132/326/172 130/314/172 193/319/172
f 133/332/173 129/320/173 198/325/173
f 133/332/174 198/325/174 204/333/174
f 133/332/175 204/333/175 205/334/175
f 133/332/176 205/334/176 206/335/176
f 133/332/177 206/335/177 207/336/177
f 133/332/178 207/336/178 208/337/178
f 135/338/179 203/331/179 209/339/179
f 135/338/180 209/339/180 210/340/180
f 135/338/181 210/340/181 211/341/181
f 135/338/182 211/341/182 212/342/182
f 135/338/183 212/342/183 213/343/183
f 135/344/184 213/345/184 214/346/184
f 91/347/185 133/332/185 208/337/185
f 135/338/186 132/326/186 203/331/186
f 91/347/187 208/337/187 215/348/187
f 91/347/188 215/348/188 216/349/188
f 91/347/189 216/349/189 217/350/189
f 91/347/190 217/350/190 218/351/190
f 91/347/191 218/351/191 219/352/191
f 134/353/192 214/346/192 220/354/192
f 137/355/193 91/347/193 219/352/193
f 134/353/194 220/354/194 221/356/194
f 134/353/195 221/356/195 222/357/195
f 134/353/196 222/357/196 223/358/196
f 137/355/197 219/352/197 224/359/197
f 134/353/198 223/358/198 225/360/198
f 137/355/199 224/359/199 226/361/199
f 137/355/200 226/361/200 227/362/200
f 137/355/201 227/362/201 228/363/201
f 137/355/202 228/363/202 229/364/202
f 134/353/203 135/344/203 214/346/203
f 131/365/204 134/353/204 225/360/204
f 97/366/205 137/355/205 229/364/205
f 131/365/206 225/360/206 230/367/206
f 131/365/207 230/367/207 231/368/207
f 131/365/208 231/368/208 232/369/208
f 97/366/209 229/364/209 233/370/209
f 131/365/210 232/369/210 234/371/210
f 97/366/211 233/370/211 235/372/211
f 131/365/212 234/371/212 236/373/212
f 97/366/213 235/372/213 237/374/213
f 97/366/214 237/374/214 238/375/214
f 97/366/215 238/375/215 239/376/215
f 98/377/216 97/366/216 239/376/216
f 126/378/217 131/365/217 236/373/217
f 98/377/218 239/376/218 240/379/218
f 126/378/219 236/373/219 241/380/219
f 98/377/220 240/379/220 242/381/220
f 126/378/221 241/380/221 243/382/221
f 98/377/222 242/381/222 244/383/222
f 126/378/223 243/382/223 245/384/223
f 98/377/224 244/383/224 246/385/224
f 126/378/225 245/384/225 247/386/225
f 98/377/226 246/385/226 248/387/226
f 126/378/227 247/386/227 249/388/227
f 103/389/228 98/377/228 248/387/228
f 124/390/229 126/378/229 249/388/229
f 103/389/228 248/387/228 250/391/228
f 103/389/230 250/391/230 251/392/230
f 124/390/231 249/388/231 252/393/231
f 103/389/232 251/392/232 253/394/232
f 124/390/233 252/393/233 254/395/233
f 103/389/234 253/394/234 255/396/234
f 124/390/235 254/395/235 256/397/235
f 103/389/236 255/396/236 257/398/236
f 124/390/237 256/397/237 258/399/237
f 103/389/238 257/398/238 259/400/238
f 124/390/239 258/399/239 260/401/239
f 104/402/240 261/403/240 262/404/240
f 104/402/241 262/404/241 263/405/241
f 104/402/242 263/405/242 264/406/242
f 104/402/243 103/389/243 259/400/243
f 104/402/244 259/400/244 265/407/244
f 104/402/245 265/407/245 261/403/245
f 122/408/246 124/390/246 260/401/246
f 122/408/247 260/401/247 266/409/247
f 122/408/248 266/409/248 267/410/248
f 122/408/249 267/410/249 268/411/249
f 122/408/250 268/411/250 269/412/250
f 122/408/251 269/412/251 270/413/251
f 110/414/252 264/406/252 271/415/252
f 110/414/253 271/415/253 272/416/253
f 110/414/254 272/416/254 273/417/254
f 110/414/255 273/417/255 274/418/255
f 110/414/256 274/418/256 275/419/256
f 110/414/257 104/402/257 264/406/257
f 120/420/258 122/408/258 270/413/258
f 120/420/259 270/413/259 276/421/259
f 120/420/260 276/421/260 277/422/260
f 120/420/261 277/422/261 278/423/261
f 120/420/262 278/423/262 279/424/262
f 120/420/263 279/424/263 280/425/263
f 120/420/264 280/425/264 281/426/264
f 111/427/265 110/414/265 275/419/265
f 111/427/266 275/419/266 282/428/266
f 111/427/267 282/428/267 283/429/267
f 111/427/268 283/429/268 284/430/268
f 111/427/269 284/430/269 285/431/269
f 111/427/270 285/431/270 286/432/270
f 115/433/264 120/420/264 281/426/264
f 115/433/271 281/426/271 287/434/271
f 115/433/272 287/434/272 288/435/272
f 115/433/273 288/435/273 289/436/273
f 115/433/274 289/436/274 290/437/274
f 115/433/275 290/437/275 291/438/275
f 116/439/276 286/432/276 292/440/276
f 116/439/277 292/440/277 293/441/277
f 116/439/278 293/441/278 294/442/278
f 116/439/279 294/442/279 295/443/279
f 116/439/280 295/443/280 296/444/280
f 116/439/281 111/427/281 286/432/281
f 109/445/282 291/438/282 297/446/282
f 109/445/283 297/446/283 298/447/283
f 109/445/284 298/447/284 299/448/284
f 109/445/285 299/448/285 300/449/285
f 109/445/286 300/449/286 301/450/286
f 117/451/287 296/444/287 302/452/287
f 117/451/288 302/452/288 303/453/288
f 109/445/289 115/433/289 291/438/289
f 117/451/290 303/453/290 304/454/290
f 117/451/291 304/454/291 305/455/291
f 117/451/292 305/455/292 306/456/292
f 117/451/293 116/439/293 296/444/293
f 90/457/294 306/456/294 307/458/294
f 90/457/295 307/458/295 308/459/295
f 105/460/296 301/450/296 309/461/296
f 90/462/297 308/463/297 310/464/297
f 105/460/298 309/461/298 311/465/298
f 90/462/299 310/464/299 312/466/299
f 105/460/300 311/465/300 313/467/300
f 90/462/301 312/466/301 314/468/301
f 105/460/302 313/467/302 315/469/302
f 90/462/303 314/468/303 316/470/303
f 105/460/304 315/469/304 317/471/304
f 90/457/305 117/451/305 306/456/305
f 105/460/306 109/445/306 301/450/306
f 89/472/307 90/462/307 316/470/307
f 89/472/308 316/470/308 318/473/308
f 89/472/309 318/473/309 319/474/309
f 89/472/310 319/474/310 320/475/310
f 89/472/311 320/475/311 321/476/311
f 89/472/312 321/476/312 322/477/312
f 99/478/313 105/460/313 317/471/313
f 99/478/314 317/471/314 323/479/314
f 99/478/315 323/479/315 324/480/315
f 99/478/316 324/480/316 325/481/316
f 99/478/317 325/481/317 326/482/317
f 99/478/318 326/482/318 327/483/318
f 96/484/319 322/477/319 328/485/319
f 96/484/320 328/485/320 329/486/320
f 96/484/321 329/486/321 330/487/321
f 96/484/322 330/487/322 331/488/322
f 96/484/323 331/488/323 332/489/323
f 96/484/324 89/472/324 322/477/324
f 95/490/325 99/478/325 327/483/325
f 95/490/326 327/483/326 333/491/326
f 95/490/327 333/491/327 334/492/327
f 95/490/328 334/492/328 335/493/328
f 95/490/329 335/493/329 336/494/329
f 95/490/330 336/494/330 337/495/330
f 102/496/331 332/489/331 338/497/331
f 102/496/332 338/497/332 339/498/332
f 102/496/333 339/498/333 340/499/333
f 102/496/334 340/499/334 341/500/334
f 102/496/335 341/500/335 342/501/335
f 102/496/336 96/484/336 332/489/336
f 88/502/337 95/490/337 337/495/337
f 88/502/338 337/495/338 343/503/338
f 88/502/339 343/503/339 344/504/339
f 88/502/340 344/504/340 345/505/340
f 88/502/341 345/505/341 346/506/341
f 108/507/342 342/501/342 347/508/342
f 88/502/343 346/506/343 348/509/343
f 108/507/344 347/508/344 349/510/344
f 108/507/345 349/510/345 350/511/345
f 108/507/346 350/511/346 351/512/346
f 108/507/347 351/512/347 352/513/347
f 108/507/348 102/496/348 342/501/348
f 112/514/349 108/507/349 352/513/349
f 112/514/350 352/513/350 353/515/350
f 112/514/351 353/515/351 354/516/351
f 112/514/352 354/516/352 355/517/352
f 112/514/353 355/517/353 356/518/353
f 112/514/354 356/518/354 357/519/354
f 118/520/355 358/521/355 359/522/355
f 119/258/356 357/519/356 360/523/356
f 118/524/357 88/502/357 348/509/357
f 119/258/358 360/523/358 361/525/358
f 119/258/359 361/525/359 144/259/359
f 119/258/360 112/514/360 357/519/360
f 118/524/361 348/509/361 362/526/361
f 118/524/362 362/526/362 363/527/362
f 118/520/363 363/528/363 364/529/363
f 118/520/364 364/529/364 365/530/364
f 118/520/365 365/530/365 358/521/365
f 113/531/366 359/522/366 366/532/366
f 113/531/367 366/532/367 367/533/367
f 113/531/368 367/533/368 368/534/368
f 113/531/369 368/534/369 369/535/369
f 113/531/370 369/535/370 370/536/370
f 113/531/371 118/520/371 359/522/371
f 114/537/372 370/536/372 371/538/372
f 114/537/373 371/538/373 372/539/373
f 114/537/374 372/539/374 373/540/374
f 114/537/375 373/540/375 374/541/375
f 114/537/376 374/541/376 375/542/376
f 114/537/377 113/531/377 370/536/377
f 106/543/378 375/542/378 376/544/378
f 106/543/379 376/544/379 377/545/379
f 106/543/380 377/545/380 378/546/380
f 106/543/381 378/546/381 379/547/381
f 106/543/382 379/547/382 380/548/382
f 106/543/383 114/537/383 375/542/383
f 107/549/384 380/548/384 381/550/384
f 107/549/385 381/550/385 382/551/385
f 107/549/386 382/551/386 383/552/386
f 107/549/387 383/552/387 384/553/387
f 107/549/388 384/553/388 385/554/388
f 107/549/389 106/543/389 380/548/389
f 100/555/390 385/554/390 386/556/390
f 100/555/391 386/556/391 387/557/391
f 100/555/392 387/557/392 388/558/392
f 100/555/393 388/558/393 389/559/393
f 100/555/394 389/559/394 390/560/394
f 100/555/395 107/549/395 385/554/395
f 101/251/396 100/555/396 390/560/396
f 101/251/397 390/560/397 391/561/397
f 101/251/398 391/561/398 392/562/398
f 101/251/399 392/562/399 393/563/399
f 101/251/400 393/563/400 394/564/400
f 101/251/401 394/564/401 395/565/401
f 101/251/402 395/565/402 138/252/402
f 353/566/3 352/567/3 396/568/3
f 397/569/3 231/570/3 230/571/3
f 397/569/3 398/572/3 231/570/3
f 142/573/3 399/574/3 143/575/3
f 400/576/3 200/577/3 199/578/3
f 401/579/3 342/580/3 402/581/3
f 400/576/3 199/578/3 403/582/3
f 142/573/3 404/583/3 399/574/3
f 238/584/3 237/585/3 405/586/3
f 238/584/3 405/586/3 406/587/3
f 238/584/3 406/587/3 407/588/3
f 408/589/3 409/590/3 313/591/3
f 410/592/3 397/569/3 230/571/3
f 410/592/3 230/571/3 225/593/3
f 408/589/3 313/591/3 311/594/3
f 354/595/403 353/566/403 411/596/403
f 412/597/3 200/577/3 400/576/3
f 141/598/3 404/583/3 142/573/3
f 413/599/3 225/593/3 223/600/3
f 413/599/3 410/592/3 225/593/3
f 141/598/3 414/601/3 404/583/3
f 415/602/3 342/580/3 401/579/3
f 415/602/3 347/603/3 342/580/3
f 416/604/3 201/605/3 200/577/3
f 239/606/3 238/584/3 407/588/3
f 239/606/3 407/588/3 417/607/3
f 355/608/3 354/595/3 418/609/3
f 416/604/3 200/577/3 412/597/3
f 419/610/3 408/589/3 311/594/3
f 420/611/3 223/600/3 222/612/3
f 420/611/3 413/599/3 223/600/3
f 419/610/3 311/594/3 309/613/3
f 421/614/3 202/615/3 201/605/3
f 140/616/3 414/601/3 141/598/3
f 421/614/3 201/605/3 416/604/3
f 140/616/3 422/617/3 414/601/3
f 423/618/3 349/619/3 347/603/3
f 240/620/3 417/607/3 424/621/3
f 425/622/3 420/611/3 222/612/3
f 423/618/3 347/603/3 415/602/3
f 356/623/3 355/608/3 426/624/3
f 427/625/3 203/626/3 202/615/3
f 240/620/3 239/606/3 417/607/3
f 427/625/3 202/615/3 421/614/3
f 428/627/3 419/610/3 309/613/3
f 429/628/3 222/612/3 221/629/3
f 428/627/3 309/613/3 301/630/3
f 429/628/3 425/622/3 222/612/3
f 430/631/3 209/632/3 203/626/3
f 357/633/3 356/623/3 431/634/3
f 139/635/3 432/636/3 422/617/3
f 139/635/3 422/617/3 140/616/3
f 430/631/3 203/626/3 427/625/3
f 242/637/3 240/620/3 424/621/3
f 242/637/3 424/621/3 433/638/3
f 434/639/3 349/619/3 423/618/3
f 435/640/3 429/628/3 221/629/3
f 435/640/3 221/629/3 220/641/3
f 434/639/3 350/642/3 349/619/3
f 436/643/3 210/644/3 209/632/3
f 436/643/3 209/632/3 430/631/3
f 437/645/3 428/627/3 301/630/3
f 438/646/3 220/641/3 214/647/3
f 438/646/3 435/640/3 220/641/3
f 437/645/3 301/630/3 300/648/3
f 138/649/3 439/650/3 440/651/3
f 138/649/3 440/651/3 432/636/3
f 441/652/3 211/653/3 210/644/3
f 138/649/3 432/636/3 139/635/3
f 441/652/3 210/644/3 436/643/3
f 360/654/3 357/633/3 442/655/3
f 244/656/3 242/637/3 433/638/3
f 244/656/3 433/638/3 443/657/3
f 444/658/3 438/646/3 214/647/3
f 444/658/3 214/647/3 213/659/3
f 445/660/3 350/642/3 434/639/3
f 445/660/3 351/661/3 350/642/3
f 446/662/3 211/653/3 441/652/3
f 446/662/3 447/663/3 211/653/3
f 448/664/3 447/663/3 446/662/3
f 395/665/3 449/666/3 439/650/3
f 395/665/3 439/650/3 138/649/3
f 450/667/3 444/658/3 213/659/3
f 450/667/3 213/659/3 451/668/3
f 452/669/404 453/670/404 308/671/404
f 454/672/404 455/673/404 186/674/404
f 456/675/405 457/676/405 363/677/405
f 447/663/405 458/678/405 212/679/405
f 459/680/3 300/648/3 299/681/3
f 396/568/404 411/596/404 353/566/404
f 459/680/3 437/645/3 300/648/3
f 411/596/3 418/609/3 354/595/3
f 418/609/3 426/624/3 355/608/3
f 246/682/3 244/656/3 443/657/3
f 426/624/406 431/634/406 356/623/406
f 246/682/3 443/657/3 460/683/3
f 431/634/3 442/655/3 357/633/3
f 442/655/3 461/684/3 360/654/3
f 462/685/3 463/686/3 146/687/3
f 463/686/3 464/688/3 147/689/3
f 464/688/404 465/690/404 155/691/404
f 465/690/3 466/692/3 157/693/3
f 361/694/3 360/654/3 461/684/3
f 466/692/3 467/695/3 159/696/3
f 467/695/3 468/697/3 160/698/3
f 469/699/3 361/694/3 461/684/3
f 394/700/3 449/666/3 395/665/3
f 470/701/3 351/661/3 445/660/3
f 394/700/3 471/702/3 449/666/3
f 248/703/3 246/682/3 460/683/3
f 248/703/3 460/683/3 472/704/3
f 248/703/3 472/704/3 473/705/3
f 470/701/3 352/567/3 351/661/3
f 144/706/3 361/694/3 469/699/3
f 474/707/3 144/706/3 469/699/3
f 393/708/3 475/709/3 471/702/3
f 476/710/3 299/681/3 298/711/3
f 476/710/3 459/680/3 299/681/3
f 393/708/3 471/702/3 394/700/3
f 250/712/3 248/703/3 473/705/3
f 250/712/3 473/705/3 477/713/3
f 478/714/3 396/568/3 352/567/3
f 478/714/3 352/567/3 470/701/3
f 479/715/3 144/706/3 474/707/3
f 392/716/3 480/717/3 475/709/3
f 145/718/3 144/706/3 479/715/3
f 392/716/3 475/709/3 393/708/3
f 251/719/3 250/712/3 477/713/3
f 251/719/3 477/713/3 481/720/3
f 482/721/3 476/710/3 298/711/3
f 482/721/3 298/711/3 297/722/3
f 462/685/3 145/718/3 479/715/3
f 391/723/3 483/724/3 480/717/3
f 146/687/3 145/718/3 462/685/3
f 391/723/3 480/717/3 392/716/3
f 253/725/3 481/720/3 484/726/3
f 147/689/3 146/687/3 463/686/3
f 253/725/3 251/719/3 481/720/3
f 485/727/3 482/721/3 297/722/3
f 390/728/3 486/729/3 487/730/3
f 390/728/3 487/730/3 483/724/3
f 390/728/3 483/724/3 391/723/3
f 255/731/3 253/725/3 484/726/3
f 255/731/3 484/726/3 488/732/3
f 155/691/3 147/689/3 464/688/3
f 489/733/3 485/727/3 297/722/3
f 489/733/3 297/722/3 291/734/3
f 389/735/3 490/736/3 486/729/3
f 389/735/3 486/729/3 390/728/3
f 157/693/3 155/691/3 465/690/3
f 257/737/3 488/732/3 491/738/3
f 492/739/3 489/733/3 291/734/3
f 257/737/3 255/731/3 488/732/3
f 492/739/3 291/734/3 290/740/3
f 159/696/3 157/693/3 466/692/3
f 388/741/3 493/742/3 490/736/3
f 388/741/3 490/736/3 389/735/3
f 160/698/407 159/696/407 467/695/407
f 259/743/3 257/737/3 491/738/3
f 259/743/3 491/738/3 494/744/3
f 495/745/3 492/739/3 290/740/3
f 495/745/3 290/740/3 289/746/3
f 387/747/3 496/748/3 493/742/3
f 387/747/3 493/742/3 388/741/3
f 162/749/3 160/698/3 468/697/3
f 265/750/3 259/743/3 494/744/3
f 265/750/3 494/744/3 497/751/3
f 265/750/3 497/751/3 498/752/3
f 386/753/3 496/748/3 387/747/3
f 499/754/3 495/745/3 289/746/3
f 386/753/3 500/755/3 496/748/3
f 499/754/3 289/746/3 288/756/3
f 261/757/3 265/750/3 498/752/3
f 261/757/3 498/752/3 501/758/3
f 502/759/3 288/756/3 287/760/3
f 502/759/3 499/754/3 288/756/3
f 385/761/3 503/762/3 500/755/3
f 385/761/3 500/755/3 386/753/3
f 454/672/3 504/763/3 505/764/3
f 262/765/3 501/758/3 506/766/3
f 186/674/3 455/673/3 507/767/3
f 186/674/407 507/767/407 508/768/407
f 187/769/3 186/674/3 508/768/3
f 262/765/3 261/757/3 501/758/3
f 187/769/3 508/768/3 509/770/3
f 187/769/3 509/770/3 510/771/3
f 384/772/3 503/762/3 385/761/3
f 511/773/3 287/760/3 281/774/3
f 511/773/3 502/759/3 287/760/3
f 384/772/3 512/775/3 503/762/3
f 263/776/3 262/765/3 506/766/3
f 263/776/3 506/766/3 513/777/3
f 185/778/3 504/763/3 454/672/3
f 383/779/3 512/775/3 384/772/3
f 185/778/403 454/672/403 186/674/403
f 383/779/3 514/780/3 515/781/3
f 383/779/3 515/781/3 512/775/3
f 516/782/3 511/773/3 281/774/3
f 264/783/3 263/776/3 513/777/3
f 264/783/3 513/777/3 517/784/3
f 185/778/3 518/785/3 504/763/3
f 188/786/3 187/769/3 510/771/3
f 188/786/3 510/771/3 519/787/3
f 382/788/3 520/789/3 514/780/3
f 382/788/3 514/780/3 383/779/3
f 521/790/3 516/782/3 281/774/3
f 271/791/3 517/784/3 522/792/3
f 184/793/3 518/785/3 185/778/3
f 521/790/3 281/774/3 280/794/3
f 271/791/3 264/783/3 517/784/3
f 381/795/3 523/796/3 520/789/3
f 381/795/3 520/789/3 382/788/3
f 272/797/3 271/791/3 522/792/3
f 524/798/3 521/790/3 280/794/3
f 184/793/3 525/799/3 518/785/3
f 272/797/3 522/792/3 526/800/3
f 194/801/3 519/787/3 527/802/3
f 380/803/3 528/804/3 523/796/3
f 380/803/3 523/796/3 381/795/3
f 524/798/3 280/794/3 279/805/3
f 273/806/3 272/797/3 526/800/3
f 273/806/3 526/800/3 529/807/3
f 273/806/3 529/807/3 530/808/3
f 379/809/3 531/810/3 528/804/3
f 194/801/3 188/786/3 519/787/3
f 379/809/3 528/804/3 380/803/3
f 183/811/3 525/799/3 184/793/3
f 532/812/3 524/798/3 279/805/3
f 274/813/3 273/806/3 530/808/3
f 274/813/3 530/808/3 533/814/3
f 532/812/3 279/805/3 278/815/3
f 378/816/3 534/817/3 531/810/3
f 183/811/3 535/818/3 525/799/3
f 195/819/3 194/801/3 527/802/3
f 378/816/3 531/810/3 379/809/3
f 195/819/3 527/802/3 536/820/3
f 275/821/3 533/814/3 537/822/3
f 275/821/3 274/813/3 533/814/3
f 377/823/3 538/824/3 534/817/3
f 539/825/3 532/812/3 278/815/3
f 377/823/3 534/817/3 378/816/3
f 177/826/3 535/818/3 183/811/3
f 282/827/3 537/822/3 540/828/3
f 282/827/3 275/821/3 537/822/3
f 539/825/3 278/815/3 277/829/3
f 376/830/3 541/831/3 542/832/3
f 376/830/3 542/832/3 538/824/3
f 376/830/3 538/824/3 377/823/3
f 177/826/3 543/833/3 535/818/3
f 196/834/3 195/819/3 536/820/3
f 283/835/3 282/827/3 540/828/3
f 196/834/3 536/820/3 544/836/3
f 283/835/3 540/828/3 545/837/3
f 196/834/3 544/836/3 546/838/3
f 375/839/3 547/840/3 541/831/3
f 375/839/3 541/831/3 376/830/3
f 284/841/3 283/835/3 545/837/3
f 284/841/3 545/837/3 548/842/3
f 176/843/3 543/833/3 177/826/3
f 549/844/3 539/825/3 277/829/3
f 374/845/3 550/846/3 547/840/3
f 374/845/3 547/840/3 375/839/3
f 285/847/3 284/841/3 548/842/3
f 285/847/3 548/842/3 551/848/3
f 549/844/3 277/829/3 276/849/3
f 176/843/3 552/850/3 543/833/3
f 373/851/3 550/846/3 374/845/3
f 197/852/3 196/834/3 546/838/3
f 197/852/3 546/838/3 553/853/3
f 373/851/3 554/854/3 550/846/3
f 286/855/3 285/847/3 551/848/3
f 286/855/3 551/848/3 555/856/3
f 286/855/3 555/856/3 556/857/3
f 451/668/3 213/659/3 212/679/3
f 447/663/3 212/679/3 211/653/3
f 372/858/3 557/859/3 554/854/3
f 372/858/3 554/854/3 373/851/3
f 175/860/3 552/850/3 176/843/3
f 558/861/3 451/668/3 212/679/3
f 558/861/3 212/679/3 458/678/3
f 292/862/3 286/855/3 556/857/3
f 292/862/3 556/857/3 559/863/3
f 371/864/3 560/865/3 557/859/3
f 371/864/3 557/859/3 372/858/3
f 175/860/3 561/866/3 552/850/3
f 293/867/3 292/862/3 559/863/3
f 562/868/3 276/849/3 270/869/3
f 562/868/3 549/844/3 276/849/3
f 293/867/3 559/863/3 563/870/3
f 198/871/3 553/853/3 564/872/3
f 370/873/3 560/865/3 371/864/3
f 370/873/3 565/874/3 560/865/3
f 566/875/3 270/869/3 269/876/3
f 566/875/3 562/868/3 270/869/3
f 198/871/3 197/852/3 553/853/3
f 294/877/3 293/867/3 563/870/3
f 294/877/3 563/870/3 567/878/3
f 174/879/3 561/866/3 175/860/3
f 369/880/3 568/881/3 569/882/3
f 369/880/3 569/882/3 565/874/3
f 369/880/3 565/874/3 370/873/3
f 570/883/3 566/875/3 269/876/3
f 571/884/3 570/883/3 269/876/3
f 295/885/3 294/877/3 567/878/3
f 295/885/3 567/878/3 572/886/3
f 174/879/3 573/887/3 561/866/3
f 204/888/3 198/871/3 564/872/3
f 204/888/3 564/872/3 574/889/3
f 368/890/3 575/891/3 568/881/3
f 368/890/3 568/881/3 369/880/3
f 571/884/3 269/876/3 268/892/3
f 296/893/3 295/885/3 572/886/3
f 296/893/3 572/886/3 576/894/3
f 367/895/3 577/896/3 575/891/3
f 367/895/3 575/891/3 368/890/3
f 173/897/3 573/887/3 174/879/3
f 302/898/3 576/894/3 578/899/3
f 302/898/3 296/893/3 576/894/3
f 366/900/3 579/901/3 577/896/3
f 580/902/3 162/749/3 468/697/3
f 366/900/3 577/896/3 367/895/3
f 581/903/3 571/884/3 268/892/3
f 173/897/3 582/904/3 583/905/3
f 303/906/3 578/899/3 584/907/3
f 173/897/3 583/905/3 573/887/3
f 303/906/3 584/907/3 585/908/3
f 205/909/3 574/889/3 586/910/3
f 303/906/3 302/898/3 578/899/3
f 359/911/3 587/912/3 579/901/3
f 359/911/3 579/901/3 366/900/3
f 581/903/3 268/892/3 267/913/3
f 588/914/3 166/915/3 162/749/3
f 304/916/3 585/908/3 589/917/3
f 304/916/3 303/906/3 585/908/3
f 205/909/3 204/888/3 574/889/3
f 169/918/3 582/904/3 173/897/3
f 358/919/3 590/920/3 587/912/3
f 358/919/3 587/912/3 359/911/3
f 588/914/3 162/749/3 580/902/3
f 305/921/3 304/916/3 589/917/3
f 591/922/3 305/921/3 589/917/3
f 592/923/3 581/903/3 267/913/3
f 169/918/3 593/924/3 582/904/3
f 365/925/3 594/926/3 590/920/3
f 206/927/3 205/909/3 586/910/3
f 206/927/3 586/910/3 595/928/3
f 365/925/3 590/920/3 358/919/3
f 306/929/3 305/921/3 591/922/3
f 596/930/3 306/929/3 591/922/3
f 592/923/3 267/913/3 266/931/3
f 364/932/3 597/933/3 594/926/3
f 598/934/3 166/915/3 588/914/3
f 364/932/3 594/926/3 365/925/3
f 307/935/3 306/929/3 596/930/3
f 598/934/3 168/936/3 166/915/3
f 167/937/3 593/924/3 169/918/3
f 599/938/3 307/935/3 596/930/3
f 600/939/3 307/935/3 599/938/3
f 457/676/3 601/940/3 597/933/3
f 457/676/3 597/933/3 364/932/3
f 602/941/3 592/923/3 266/931/3
f 167/937/3 603/942/3 593/924/3
f 363/677/3 457/676/3 364/932/3
f 207/943/3 595/928/3 604/944/3
f 207/943/3 206/927/3 595/928/3
f 605/945/3 456/675/3 363/677/3
f 602/941/3 266/931/3 260/946/3
f 308/671/403 307/935/403 600/939/403
f 308/671/407 600/939/407 606/947/407
f 607/948/3 170/949/3 168/936/3
f 308/671/3 606/947/3 452/669/3
f 165/950/3 603/942/3 167/937/3
f 608/951/3 605/945/3 363/677/3
f 165/950/3 609/952/3 603/942/3
f 607/948/3 168/936/3 598/934/3
f 610/953/3 602/941/3 260/946/3
f 208/954/3 604/944/3 611/955/3
f 208/954/3 611/955/3 612/956/3
f 362/957/3 608/951/3 363/677/3
f 362/957/3 613/958/3 608/951/3
f 208/954/3 207/943/3 604/944/3
f 310/959/403 308/671/403 453/670/403
f 610/953/3 260/946/3 258/960/3
f 614/961/3 453/670/3 615/962/3
f 616/963/3 170/949/3 607/948/3
f 614/961/3 310/959/3 453/670/3
f 616/963/3 171/964/3 170/949/3
f 617/965/3 613/958/3 362/957/3
f 348/966/3 617/965/3 362/957/3
f 164/967/3 609/952/3 165/950/3
f 618/968/3 310/959/3 614/961/3
f 618/968/3 312/969/3 310/959/3
f 619/970/3 610/953/3 258/960/3
f 164/967/3 620/971/3 609/952/3
f 621/972/3 617/965/3 348/966/3
f 215/973/3 612/956/3 622/974/3
f 346/975/3 621/972/3 348/966/3
f 619/970/3 258/960/3 256/976/3
f 215/973/3 208/954/3 612/956/3
f 623/977/3 172/978/3 171/964/3
f 624/979/3 312/969/3 618/968/3
f 624/979/3 314/980/3 312/969/3
f 625/981/3 346/975/3 345/982/3
f 625/981/3 621/972/3 346/975/3
f 163/983/3 620/971/3 164/967/3
f 623/977/3 171/964/3 616/963/3
f 163/983/3 626/984/3 620/971/3
f 216/985/3 215/973/3 622/974/3
f 216/985/3 622/974/3 627/986/3
f 628/987/3 316/988/3 314/980/3
f 628/987/3 314/980/3 624/979/3
f 629/989/3 345/982/3 344/990/3
f 629/989/3 625/981/3 345/982/3
f 630/991/3 256/976/3 254/992/3
f 630/991/3 619/970/3 256/976/3
f 631/993/3 318/994/3 316/988/3
f 631/993/3 316/988/3 628/987/3
f 632/995/3 629/989/3 344/990/3
f 633/996/3 319/997/3 318/994/3
f 633/996/3 318/994/3 631/993/3
f 634/998/3 172/978/3 623/977/3
f 161/999/3 635/1000/3 626/984/3
f 636/1001/3 630/991/3 254/992/3
f 161/999/3 626/984/3 163/983/3
f 637/1002/3 344/990/3 343/1003/3
f 637/1002/3 632/995/3 344/990/3
f 217/1004/3 627/986/3 638/1005/3
f 639/1006/3 320/1007/3 319/997/3
f 639/1006/3 319/997/3 633/996/3
f 640/1008/3 343/1003/3 337/1009/3
f 641/1010/3 178/1011/3 172/978/3
f 217/1004/3 216/985/3 627/986/3
f 640/1008/3 637/1002/3 343/1003/3
f 158/1012/3 642/1013/3 643/1014/3
f 158/1012/3 643/1014/3 635/1000/3
f 644/1015/3 320/1007/3 639/1006/3
f 158/1012/3 635/1000/3 161/999/3
f 641/1010/3 172/978/3 634/998/3
f 645/1016/3 636/1001/3 254/992/3
f 218/1017/3 217/1004/3 638/1005/3
f 218/1017/3 638/1005/3 646/1018/3
f 647/1019/3 640/1008/3 337/1009/3
f 647/1019/3 337/1009/3 336/1020/3
f 645/1016/3 254/992/3 252/1021/3
f 648/1022/3 179/1023/3 178/1011/3
f 649/1024/3 321/1025/3 320/1007/3
f 649/1024/3 320/1007/3 644/1015/3
f 156/1026/3 642/1013/3 158/1012/3
f 650/1027/3 647/1019/3 336/1020/3
f 650/1027/3 336/1020/3 335/1028/3
f 648/1022/3 178/1011/3 641/1010/3
f 651/1029/3 645/1016/3 252/1021/3
f 652/1030/3 321/1025/3 649/1024/3
f 156/1026/3 653/1031/3 642/1013/3
f 652/1030/3 322/1032/3 321/1025/3
f 219/1033/3 646/1018/3 654/1034/3
f 651/1029/3 252/1021/3 249/1035/3
f 655/1036/3 650/1027/3 335/1028/3
f 656/1037/3 180/1038/3 179/1023/3
f 655/1036/3 335/1028/3 334/1039/3
f 219/1033/3 218/1017/3 646/1018/3
f 657/1040/3 322/1032/3 652/1030/3
f 657/1040/3 328/1041/3 322/1032/3
f 656/1037/3 179/1023/3 648/1022/3
f 658/1042/3 651/1029/3 249/1035/3
f 154/1043/3 659/1044/3 653/1031/3
f 154/1043/3 653/1031/3 156/1026/3
f 660/1045/3 655/1036/3 334/1039/3
f 660/1045/3 334/1039/3 333/1046/3
f 224/1047/3 654/1034/3 661/1048/3
f 658/1042/3 249/1035/3 247/1049/3
f 662/1050/3 181/1051/3 180/1038/3
f 663/1052/3 328/1041/3 657/1040/3
f 663/1052/3 329/1053/3 328/1041/3
f 224/1047/3 219/1033/3 654/1034/3
f 664/1054/3 660/1045/3 333/1046/3
f 664/1054/3 333/1046/3 327/1055/3
f 662/1050/3 180/1038/3 656/1037/3
f 665/1056/3 330/1057/3 329/1053/3
f 665/1056/3 329/1053/3 663/1052/3
f 153/1058/3 666/1059/3 659/1044/3
f 153/1058/3 659/1044/3 154/1043/3
f 667/1060/3 247/1049/3 245/1061/3
f 226/1062/3 224/1047/3 661/1048/3
f 668/1063/3 664/1054/3 327/1055/3
f 667/1060/3 658/1042/3 247/1049/3
f 226/1062/3 661/1048/3 669/1064/3
f 226/1062/3 669/1064/3 670/1065/3
f 671/1066/3 182/1067/3 181/1051/3
f 672/1068/3 331/1069/3 330/1057/3
f 672/1068/3 330/1057/3 665/1056/3
f 671/1066/3 181/1051/3 662/1050/3
f 673/1070/3 668/1063/3 327/1055/3
f 673/1070/3 327/1055/3 326/1071/3
f 152/1072/3 674/1073/3 666/1059/3
f 152/1072/3 666/1059/3 153/1058/3
f 675/1074/3 245/1061/3 243/1075/3
f 227/1076/3 670/1065/3 676/1077/3
f 675/1074/3 667/1060/3 245/1061/3
f 677/1078/3 189/1079/3 182/1067/3
f 678/1080/3 331/1069/3 672/1068/3
f 679/1081/3 673/1070/3 326/1071/3
f 227/1076/3 226/1062/3 670/1065/3
f 679/1081/3 326/1071/3 325/1082/3
f 677/1078/3 182/1067/3 671/1066/3
f 680/1083/3 675/1074/3 243/1075/3
f 151/1084/3 674/1073/3 152/1072/3
f 681/1085/3 332/1086/3 331/1069/3
f 680/1083/3 243/1075/3 241/1087/3
f 681/1085/3 331/1069/3 678/1080/3
f 151/1084/3 682/1088/3 674/1073/3
f 228/1089/3 227/1076/3 676/1077/3
f 228/1089/3 676/1077/3 683/1090/3
f 684/1091/3 189/1079/3 677/1078/3
f 685/1092/3 679/1081/3 325/1082/3
f 685/1092/3 325/1082/3 324/1093/3
f 686/1094/3 680/1083/3 241/1087/3
f 150/1095/3 682/1088/3 151/1084/3
f 687/1096/3 338/1097/3 332/1086/3
f 687/1096/3 332/1086/3 681/1085/3
f 686/1094/3 241/1087/3 236/1098/3
f 688/1099/3 189/1079/3 684/1091/3
f 688/1099/3 190/1100/3 189/1079/3
f 689/1101/3 685/1092/3 324/1093/3
f 150/1095/3 690/1102/3 682/1088/3
f 689/1101/3 324/1093/3 323/1103/3
f 229/1104/3 228/1089/3 683/1090/3
f 691/1105/3 686/1094/3 236/1098/3
f 229/1104/3 683/1090/3 692/1106/3
f 693/1107/3 339/1108/3 338/1097/3
f 693/1107/3 338/1097/3 687/1096/3
f 149/1109/3 690/1102/3 150/1095/3
f 694/1110/3 191/1111/3 190/1100/3
f 695/1112/3 323/1103/3 317/1113/3
f 695/1112/3 689/1101/3 323/1103/3
f 694/1110/3 190/1100/3 688/1099/3
f 149/1109/3 696/1114/3 697/1115/3
f 149/1109/3 697/1115/3 690/1102/3
f 698/1116/3 691/1105/3 236/1098/3
f 233/1117/3 692/1106/3 699/1118/3
f 700/1119/3 340/1120/3 339/1108/3
f 233/1117/3 229/1104/3 692/1106/3
f 698/1116/3 236/1098/3 234/1121/3
f 700/1119/3 339/1108/3 693/1107/3
f 701/1122/3 191/1111/3 694/1110/3
f 701/1122/3 192/1123/3 191/1111/3
f 702/1124/3 695/1112/3 317/1113/3
f 148/1125/3 696/1114/3 149/1109/3
f 702/1124/3 317/1113/3 315/1126/3
f 703/1127/3 341/1128/3 340/1120/3
f 148/1125/3 704/1129/3 696/1114/3
f 235/1130/3 233/1117/3 699/1118/3
f 705/1131/3 234/1121/3 232/1132/3
f 703/1127/3 340/1120/3 700/1119/3
f 705/1131/3 698/1116/3 234/1121/3
f 235/1130/3 699/1118/3 706/1133/3
f 707/1134/3 193/1135/3 192/1123/3
f 708/1136/3 702/1124/3 315/1126/3
f 708/1136/3 315/1126/3 313/591/3
f 707/1134/3 192/1123/3 701/1122/3
f 143/575/3 704/1129/3 148/1125/3
f 398/572/3 232/1132/3 231/570/3
f 398/572/3 705/1131/3 232/1132/3
f 143/575/3 399/574/3 704/1129/3
f 402/581/3 341/1128/3 703/1127/3
f 402/581/3 342/580/3 341/1128/3
f 237/585/3 235/1130/3 706/1133/3
f 403/582/3 193/1135/3 707/1134/3
f 403/582/3 199/578/3 193/1135/3
f 237/585/3 706/1133/3 405/586/3
f 409/590/3 708/1136/3 313/591/3
f 709/1137/408 710/1138/408 711/1139/408
f 709/1137/408 712/1140/408 710/1138/408
f 711/1139/408 713/1141/408 709/1137/408
f 713/1141/408 714/1142/408 709/1137/408
f 714/1142/409 478/1143/409 715/1144/409
f 713/1141/410 478/1143/410 714/1142/410
f 713/1141/408 716/1145/408 478/1143/408
f 716/1145/408 396/1146/408 478/1143/408
f 643/1014/411 717/1147/411 718/1148/411
f 635/1000/412 643/1014/412 718/1148/412
f 626/984/413 635/1000/413 718/1148/413
f 620/971/414 626/984/414 718/1148/414
f 609/952/415 620/971/415 718/1148/415
f 719/1149/416 720/1150/416 721/1151/416
f 719/1149/416 722/1152/416 720/1150/416
f 603/942/417 609/952/417 718/1148/417
f 723/1153/418 721/1151/418 724/1154/418
f 603/942/419 718/1148/419 725/1155/419
f 723/1153/418 719/1149/418 721/1151/418
f 593/924/420 603/942/420 725/1155/420
f 582/904/421 593/924/421 725/1155/421
f 726/1156/422 724/1154/422 727/1157/422
f 726/1156/422 723/1153/422 724/1154/422
f 583/905/423 582/904/423 725/1155/423
f 573/887/424 583/905/424 725/1155/424
f 588/914/425 580/902/425 726/1156/425
f 588/914/426 726/1156/426 727/1157/426
f 561/866/427 573/887/427 725/1155/427
f 561/866/428 725/1155/428 728/1158/428
f 598/934/429 727/1157/429 729/1159/429
f 598/934/430 588/914/430 727/1157/430
f 607/948/431 598/934/431 729/1159/431
f 616/963/432 607/948/432 729/1159/432
f 623/977/433 616/963/433 729/1159/433
f 552/850/434 561/866/434 728/1158/434
f 634/998/435 623/977/435 729/1159/435
f 543/833/436 552/850/436 728/1158/436
f 641/1010/437 634/998/437 729/1159/437
f 641/1010/438 729/1159/438 730/1160/438
f 648/1022/439 641/1010/439 730/1160/439
f 535/818/440 543/833/440 728/1158/440
f 656/1037/441 648/1022/441 730/1160/441
f 525/799/442 535/818/442 728/1158/442
f 662/1050/443 656/1037/443 730/1160/443
f 671/1066/444 662/1050/444 730/1160/444
f 518/785/445 728/1158/445 731/1161/445
f 518/785/446 525/799/446 728/1158/446
f 677/1078/447 671/1066/447 730/1160/447
f 677/1078/448 730/1160/448 732/1162/448
f 684/1091/449 677/1078/449 732/1162/449
f 504/763/450 518/785/450 731/1161/450
f 688/1099/451 684/1091/451 732/1162/451
f 694/1110/452 688/1099/452 732/1162/452
f 733/1163/453 504/763/453 731/1161/453
f 701/1122/454 694/1110/454 732/1162/454
f 505/764/455 504/763/455 733/1163/455
f 701/1122/456 732/1162/456 734/1164/456
f 735/1165/457 731/1161/457 736/1166/457
f 735/1165/458 736/1166/458 737/1167/458
f 707/1134/459 701/1122/459 734/1164/459
f 735/1165/457 733/1163/457 731/1161/457
f 403/582/460 707/1134/460 734/1164/460
f 738/1168/461 737/1167/461 739/1169/461
f 400/576/462 403/582/462 734/1164/462
f 738/1168/458 735/1165/458 737/1167/458
f 412/597/463 400/576/463 734/1164/463
f 740/1170/464 738/1168/464 739/1169/464
f 416/604/465 412/597/465 734/1164/465
f 510/771/466 740/1170/466 739/1169/466
f 510/771/467 509/770/467 740/1170/467
f 416/604/468 734/1164/468 741/1171/468
f 519/787/469 739/1169/469 742/1172/469
f 519/787/470 510/771/470 739/1169/470
f 527/802/471 519/787/471 742/1172/471
f 421/614/472 416/604/472 741/1171/472
f 536/820/473 527/802/473 742/1172/473
f 544/836/474 536/820/474 742/1172/474
f 427/625/475 421/614/475 741/1171/475
f 546/838/476 544/836/476 742/1172/476
f 553/853/477 742/1172/477 743/1173/477
f 430/631/478 427/625/478 741/1171/478
f 553/853/479 546/838/479 742/1172/479
f 436/643/480 430/631/480 741/1171/480
f 564/872/481 553/853/481 743/1173/481
f 441/652/482 741/1171/482 744/1174/482
f 441/652/483 436/643/483 741/1171/483
f 574/889/484 564/872/484 743/1173/484
f 586/910/485 574/889/485 743/1173/485
f 446/662/486 441/652/486 744/1174/486
f 595/928/487 586/910/487 743/1173/487
f 604/944/488 743/1173/488 745/1175/488
f 604/944/489 595/928/489 743/1173/489
f 746/1176/490 446/662/490 744/1174/490
f 448/664/491 446/662/491 746/1176/491
f 611/955/492 604/944/492 745/1175/492
f 747/1177/493 744/1174/493 748/1178/493
f 747/1177/494 748/1178/494 749/1179/494
f 747/1177/493 746/1176/493 744/1174/493
f 612/956/495 611/955/495 745/1175/495
f 750/1180/494 747/1177/494 749/1179/494
f 750/1180/496 749/1179/496 751/1181/496
f 622/974/497 612/956/497 745/1175/497
f 627/986/498 622/974/498 745/1175/498
f 752/1182/499 750/1180/499 751/1181/499
f 638/1005/500 745/1175/500 753/1183/500
f 638/1005/501 627/986/501 745/1175/501
f 444/658/502 450/667/502 752/1182/502
f 444/658/503 752/1182/503 751/1181/503
f 646/1018/504 638/1005/504 753/1183/504
f 438/646/505 751/1181/505 754/1184/505
f 438/646/506 444/658/506 751/1181/506
f 654/1034/507 646/1018/507 753/1183/507
f 661/1048/508 654/1034/508 753/1183/508
f 435/640/509 438/646/509 754/1184/509
f 669/1064/510 661/1048/510 753/1183/510
f 429/628/511 435/640/511 754/1184/511
f 425/622/512 429/628/512 754/1184/512
f 670/1065/513 753/1183/513 755/1185/513
f 420/611/514 425/622/514 754/1184/514
f 670/1065/515 669/1064/515 753/1183/515
f 413/599/516 754/1184/516 756/1186/516
f 413/599/517 420/611/517 754/1184/517
f 676/1077/518 670/1065/518 755/1185/518
f 683/1090/519 676/1077/519 755/1185/519
f 410/592/520 413/599/520 756/1186/520
f 692/1106/521 683/1090/521 755/1185/521
f 397/569/522 410/592/522 756/1186/522
f 699/1118/523 692/1106/523 755/1185/523
f 398/572/524 397/569/524 756/1186/524
f 705/1131/525 398/572/525 756/1186/525
f 706/1133/526 755/1185/526 757/1187/526
f 698/1116/527 705/1131/527 756/1186/527
f 706/1133/528 699/1118/528 755/1185/528
f 698/1116/529 756/1186/529 758/1188/529
f 405/586/530 706/1133/530 757/1187/530
f 691/1105/531 698/1116/531 758/1188/531
f 686/1094/532 691/1105/532 758/1188/532
f 406/587/533 405/586/533 757/1187/533
f 680/1083/534 686/1094/534 758/1188/534
f 407/588/535 406/587/535 757/1187/535
f 675/1074/536 680/1083/536 758/1188/536
f 417/607/537 407/588/537 757/1187/537
f 667/1060/538 675/1074/538 758/1188/538
f 667/1060/539 758/1188/539 759/1189/539
f 424/621/540 757/1187/540 760/1190/540
f 424/621/541 417/607/541 757/1187/541
f 658/1042/542 667/1060/542 759/1189/542
f 433/638/543 424/621/543 760/1190/543
f 651/1029/544 658/1042/544 759/1189/544
f 443/657/545 433/638/545 760/1190/545
f 645/1016/546 651/1029/546 759/1189/546
f 636/1001/547 645/1016/547 759/1189/547
f 460/683/548 443/657/548 760/1190/548
f 472/704/549 460/683/549 760/1190/549
f 630/991/550 636/1001/550 759/1189/550
f 630/991/551 759/1189/551 761/1191/551
f 473/705/552 760/1190/552 762/1192/552
f 473/705/552 472/704/552 760/1190/552
f 619/970/553 630/991/553 761/1191/553
f 610/953/554 619/970/554 761/1191/554
f 477/713/555 473/705/555 762/1192/555
f 602/941/556 610/953/556 761/1191/556
f 481/720/557 477/713/557 762/1192/557
f 592/923/558 602/941/558 761/1191/558
f 484/726/559 481/720/559 762/1192/559
f 488/732/560 762/1192/560 763/1193/560
f 581/903/561 761/1191/561 764/1194/561
f 488/732/562 484/726/562 762/1192/562
f 581/903/563 592/923/563 761/1191/563
f 571/884/564 581/903/564 764/1194/564
f 491/738/565 488/732/565 763/1193/565
f 570/883/566 571/884/566 764/1194/566
f 494/744/567 491/738/567 763/1193/567
f 566/875/568 570/883/568 764/1194/568
f 562/868/569 566/875/569 764/1194/569
f 497/751/570 494/744/570 763/1193/570
f 498/752/571 497/751/571 763/1193/571
f 549/844/572 764/1194/572 765/1195/572
f 501/758/573 763/1193/573 766/1196/573
f 549/844/574 562/868/574 764/1194/574
f 501/758/575 498/752/575 763/1193/575
f 539/825/576 549/844/576 765/1195/576
f 506/766/577 501/758/577 766/1196/577
f 532/812/578 539/825/578 765/1195/578
f 524/798/579 532/812/579 765/1195/579
f 513/777/580 506/766/580 766/1196/580
f 521/790/581 765/1195/581 767/1197/581
f 521/790/582 524/798/582 765/1195/582
f 517/784/583 513/777/583 766/1196/583
f 522/792/584 517/784/584 766/1196/584
f 516/782/581 521/790/581 767/1197/581
f 526/800/585 766/1196/585 768/1198/585
f 511/773/586 516/782/586 767/1197/586
f 526/800/587 522/792/587 766/1196/587
f 502/759/588 511/773/588 767/1197/588
f 529/807/589 526/800/589 768/1198/589
f 499/754/590 502/759/590 767/1197/590
f 495/745/591 767/1197/591 769/1199/591
f 495/745/592 499/754/592 767/1197/592
f 530/808/593 529/807/593 768/1198/593
f 533/814/594 530/808/594 768/1198/594
f 492/739/595 495/745/595 769/1199/595
f 537/822/596 533/814/596 768/1198/596
f 489/733/597 492/739/597 769/1199/597
f 540/828/598 768/1198/598 770/1200/598
f 540/828/599 537/822/599 768/1198/599
f 485/727/600 489/733/600 769/1199/600
f 482/721/601 485/727/601 769/1199/601
f 476/710/602 769/1199/602 771/1201/602
f 545/837/603 540/828/603 770/1200/603
f 476/710/604 482/721/604 769/1199/604
f 548/842/605 545/837/605 770/1200/605
f 551/848/606 548/842/606 770/1200/606
f 459/680/607 476/710/607 771/1201/607
f 555/856/608 551/848/608 770/1200/608
f 437/645/609 459/680/609 771/1201/609
f 428/627/610 437/645/610 771/1201/610
f 556/857/611 555/856/611 770/1200/611
f 556/857/612 770/1200/612 772/1202/612
f 419/610/613 428/627/613 771/1201/613
f 408/589/614 419/610/614 771/1201/614
f 408/589/615 771/1201/615 773/1203/615
f 559/863/616 556/857/616 772/1202/616
f 563/870/617 559/863/617 772/1202/617
f 409/590/618 408/589/618 773/1203/618
f 567/878/619 563/870/619 772/1202/619
f 708/1136/620 409/590/620 773/1203/620
f 572/886/621 567/878/621 772/1202/621
f 702/1124/622 708/1136/622 773/1203/622
f 695/1112/623 702/1124/623 773/1203/623
f 576/894/624 772/1202/624 774/1204/624
f 576/894/625 572/886/625 772/1202/625
f 689/1101/626 695/1112/626 773/1203/626
f 689/1101/627 773/1203/627 775/1205/627
f 685/1092/628 689/1101/628 775/1205/628
f 578/899/629 576/894/629 774/1204/629
f 679/1081/630 685/1092/630 775/1205/630
f 673/1070/631 679/1081/631 775/1205/631
f 584/907/632 578/899/632 774/1204/632
f 668/1063/633 673/1070/633 775/1205/633
f 585/908/634 584/907/634 774/1204/634
f 664/1054/635 668/1063/635 775/1205/635
f 664/1054/636 775/1205/636 776/1206/636
f 660/1045/637 664/1054/637 776/1206/637
f 589/917/638 585/908/638 774/1204/638
f 655/1036/639 660/1045/639 776/1206/639
f 591/922/640 774/1204/640 777/1207/640
f 650/1027/641 655/1036/641 776/1206/641
f 591/922/642 589/917/642 774/1204/642
f 647/1019/643 650/1027/643 776/1206/643
f 596/930/644 591/922/644 777/1207/644
f 640/1008/645 647/1019/645 776/1206/645
f 640/1008/646 776/1206/646 778/1208/646
f 779/1209/647 596/930/647 777/1207/647
f 779/1209/648 777/1207/648 780/1210/648
f 599/938/649 596/930/649 779/1209/649
f 781/1211/650 779/1209/650 780/1210/650
f 637/1002/651 640/1008/651 778/1208/651
f 782/1212/652 781/1211/652 780/1210/652
f 632/995/653 637/1002/653 778/1208/653
f 782/1212/652 780/1210/652 783/1213/652
f 782/1212/654 783/1213/654 784/1214/654
f 785/1215/654 782/1212/654 784/1214/654
f 629/989/655 632/995/655 778/1208/655
f 625/981/656 629/989/656 778/1208/656
f 614/961/657 615/962/657 785/1215/657
f 614/961/658 785/1215/658 784/1214/658
f 621/972/659 778/1208/659 786/1216/659
f 621/972/660 625/981/660 778/1208/660
f 618/968/661 614/961/661 784/1214/661
f 618/968/662 784/1214/662 787/1217/662
f 624/979/663 618/968/663 787/1217/663
f 617/965/664 621/972/664 786/1216/664
f 628/987/665 624/979/665 787/1217/665
f 788/1218/666 617/965/666 786/1216/666
f 631/993/667 628/987/667 787/1217/667
f 613/958/668 617/965/668 788/1218/668
f 633/996/669 631/993/669 787/1217/669
f 789/1219/670 786/1216/670 790/1220/670
f 789/1219/671 788/1218/671 786/1216/671
f 639/1006/672 633/996/672 787/1217/672
f 791/1221/673 790/1220/673 792/1222/673
f 639/1006/674 787/1217/674 793/1223/674
f 791/1221/673 789/1219/673 790/1220/673
f 644/1015/675 639/1006/675 793/1223/675
f 794/1224/676 792/1222/676 795/1225/676
f 794/1224/677 791/1221/677 792/1222/677
f 649/1024/678 644/1015/678 793/1223/678
f 652/1030/679 649/1024/679 793/1223/679
f 597/933/680 794/1224/680 795/1225/680
f 657/1040/681 652/1030/681 793/1223/681
f 597/933/682 601/940/682 794/1224/682
f 594/926/683 795/1225/683 796/1226/683
f 594/926/684 597/933/684 795/1225/684
f 663/1052/685 793/1223/685 797/1227/685
f 663/1052/686 657/1040/686 793/1223/686
f 590/920/687 594/926/687 796/1226/687
f 665/1056/688 663/1052/688 797/1227/688
f 587/912/689 590/920/689 796/1226/689
f 672/1068/690 665/1056/690 797/1227/690
f 579/901/691 587/912/691 796/1226/691
f 678/1080/692 672/1068/692 797/1227/692
f 577/896/693 579/901/693 796/1226/693
f 575/891/694 796/1226/694 798/1228/694
f 681/1085/695 797/1227/695 799/1229/695
f 575/891/696 577/896/696 796/1226/696
f 681/1085/697 678/1080/697 797/1227/697
f 687/1096/698 681/1085/698 799/1229/698
f 568/881/699 575/891/699 798/1228/699
f 569/882/700 568/881/700 798/1228/700
f 693/1107/701 687/1096/701 799/1229/701
f 565/874/702 569/882/702 798/1228/702
f 700/1119/703 693/1107/703 799/1229/703
f 560/865/704 565/874/704 798/1228/704
f 703/1127/705 700/1119/705 799/1229/705
f 557/859/706 798/1228/706 800/1230/706
f 557/859/707 560/865/707 798/1228/707
f 402/581/708 799/1229/708 801/1231/708
f 402/581/709 703/1127/709 799/1229/709
f 401/579/710 402/581/710 801/1231/710
f 554/854/711 557/859/711 800/1230/711
f 415/602/712 401/579/712 801/1231/712
f 550/846/713 554/854/713 800/1230/713
f 547/840/714 550/846/714 800/1230/714
f 423/618/715 415/602/715 801/1231/715
f 541/831/716 547/840/716 800/1230/716
f 434/639/717 423/618/717 801/1231/717
f 542/832/718 541/831/718 800/1230/718
f 542/832/719 800/1230/719 802/1232/719
f 445/660/720 434/639/720 801/1231/720
f 538/824/721 542/832/721 802/1232/721
f 445/660/722 801/1231/722 803/1233/722
f 534/817/723 538/824/723 802/1232/723
f 470/701/724 445/660/724 803/1233/724
f 531/810/725 534/817/725 802/1232/725
f 528/804/726 531/810/726 802/1232/726
f 715/1234/727 470/701/727 803/1233/727
f 715/1234/728 803/1233/728 804/1235/728
f 478/714/729 470/701/729 715/1234/729
f 523/796/730 802/1232/730 805/1236/730
f 523/796/731 528/804/731 802/1232/731
f 806/1237/728 715/1234/728 804/1235/728
f 520/789/732 523/796/732 805/1236/732
f 806/1237/733 804/1235/733 807/1238/733
f 514/780/734 520/789/734 805/1236/734
f 808/1239/733 806/1237/733 807/1238/733
f 808/1239/735 807/1238/735 720/1150/735
f 515/781/736 514/780/736 805/1236/736
f 722/1152/735 808/1239/735 720/1150/735
f 512/775/737 515/781/737 805/1236/737
f 503/762/738 805/1236/738 809/1240/738
f 503/762/739 512/775/739 805/1236/739
f 500/755/740 503/762/740 809/1240/740
f 496/748/741 500/755/741 809/1240/741
f 493/742/742 496/748/742 809/1240/742
f 490/736/743 493/742/743 809/1240/743
f 486/729/744 809/1240/744 810/1241/744
f 486/729/745 490/736/745 809/1240/745
f 487/730/746 486/729/746 810/1241/746
f 483/724/747 487/730/747 810/1241/747
f 480/717/748 483/724/748 810/1241/748
f 475/709/749 480/717/749 810/1241/749
f 471/702/750 810/1241/750 811/1242/750
f 471/702/750 475/709/750 810/1241/750
f 449/666/751 471/702/751 811/1242/751
f 439/650/752 449/666/752 811/1242/752
f 440/651/753 439/650/753 811/1242/753
f 432/636/754 811/1242/754 812/1243/754
f 432/636/755 440/651/755 811/1242/755
f 422/617/756 432/636/756 812/1243/756
f 414/601/757 422/617/757 812/1243/757
f 404/583/758 414/601/758 812/1243/758
f 399/574/759 404/583/759 812/1243/759
f 704/1129/760 812/1243/760 813/1244/760
f 704/1129/761 399/574/761 812/1243/761
f 696/1114/762 704/1129/762 813/1244/762
f 697/1115/763 696/1114/763 813/1244/763
f 690/1102/764 697/1115/764 813/1244/764
f 682/1088/765 690/1102/765 813/1244/765
f 674/1073/766 813/1244/766 717/1147/766
f 674/1073/767 682/1088/767 813/1244/767
f 666/1059/768 674/1073/768 717/1147/768
f 659/1044/769 666/1059/769 717/1147/769
f 653/1031/770 659/1044/770 717/1147/770
f 642/1013/771 653/1031/771 717/1147/771
f 643/1014/772 642/1013/772 717/1147/772
f 814/1245/773 815/1246/773 816/1247/773
f 814/1245/774 817/1248/774 815/1246/774
f 615/1249/775 818/1250/775 785/1251/775
f 819/1252/773 814/1245/773 818/1250/773
f 819/1252/774 817/1248/774 814/1245/774
f 819/1252/776 818/1250/776 615/1249/776
f 820/1253/773 615/1249/773 453/1254/773
f 820/1253/774 819/1252/774 615/1249/774
f 821/1255/777 822/1256/777 600/1257/777
f 600/1257/777 822/1256/777 606/1258/777
f 606/1258/778 823/1259/778 452/1260/778
f 452/1260/779 823/1259/779 453/1254/779
f 822/1256/778 823/1259/778 606/1258/778
f 823/1259/779 820/1253/779 453/1254/779
f 824/1261/780 825/1262/780 826/1263/780
f 827/1264/780 825/1262/780 824/1261/780
f 828/1265/781 599/1266/781 779/1267/781
f 825/1262/782 829/1268/782 828/1265/782
f 827/1264/780 829/1268/780 825/1262/780
f 828/1265/783 829/1268/783 599/1266/783
f 599/1266/780 821/1269/780 600/1270/780
f 829/1268/782 821/1269/782 599/1266/782
f 830/1271/784 831/1272/784 832/1273/784
f 830/1271/784 833/1274/784 831/1272/784
f 509/1275/785 834/1276/785 740/1277/785
f 835/1278/786 830/1271/786 834/1276/786
f 835/1278/784 833/1274/784 830/1271/784
f 835/1278/787 834/1276/787 509/1275/787
f 836/1279/784 509/1275/784 508/1280/784
f 836/1279/784 835/1278/784 509/1275/784
f 837/1281/788 838/1282/788 454/1283/788
f 454/1283/788 838/1282/788 455/1284/788
f 455/1284/789 839/1285/789 507/1286/789
f 507/1287/790 839/1288/790 508/1289/790
f 838/1282/789 839/1285/789 455/1284/789
f 839/1288/790 836/1290/790 508/1289/790
f 840/1291/791 841/1292/791 842/1293/791
f 843/1294/792 841/1292/792 840/1291/792
f 844/1295/793 505/1296/793 733/1297/793
f 841/1292/792 845/1298/792 844/1295/792
f 843/1294/792 845/1298/792 841/1292/792
f 844/1295/794 845/1298/794 505/1296/794
f 505/1296/791 837/1299/791 454/1300/791
f 845/1298/792 837/1299/792 505/1296/792
f 846/1301/795 847/1302/795 848/1303/795
f 846/1301/796 849/1304/796 847/1302/796
f 601/1305/797 850/1306/797 794/1307/797
f 851/1308/795 846/1301/795 850/1306/795
f 851/1308/796 849/1304/796 846/1301/796
f 851/1308/798 850/1306/798 601/1305/798
f 852/1309/795 601/1305/795 457/1310/795
f 852/1309/796 851/1308/796 601/1305/796
f 608/1311/799 853/1312/799 605/1313/799
f 853/1312/799 854/1314/799 605/1313/799
f 605/1315/800 855/1316/800 456/1317/800
f 854/1318/800 855/1316/800 605/1315/800
f 456/1317/801 852/1319/801 457/1320/801
f 855/1316/801 852/1319/801 456/1317/801
f 856/1321/802 857/1322/802 858/1323/802
f 859/1324/802 857/1322/802 856/1321/802
f 860/1325/789 613/1326/789 788/1327/789
f 857/1322/803 861/1328/803 860/1325/803
f 859/1324/802 861/1328/802 857/1322/802
f 860/1325/804 861/1328/804 613/1326/804
f 613/1326/802 853/1329/802 608/1330/802
f 861/1328/803 853/1329/803 613/1326/803
f 862/1331/805 863/1332/805 864/1333/805
f 862/1331/805 865/1334/805 863/1332/805
f 450/1335/806 866/1336/806 752/1337/806
f 867/1338/807 862/1331/807 866/1336/807
f 867/1338/805 865/1334/805 862/1331/805
f 867/1338/808 866/1336/808 450/1335/808
f 868/1339/805 450/1335/805 451/1340/805
f 868/1339/805 867/1338/805 450/1335/805
f 447/1341/809 869/1342/809 458/1343/809
f 869/1342/809 870/1344/809 458/1343/809
f 458/1343/781 871/1345/781 558/1346/781
f 870/1344/781 871/1345/781 458/1343/781
f 558/1346/810 868/1347/810 451/1348/810
f 871/1345/810 868/1347/810 558/1346/810
f 872/1349/811 873/1350/811 874/1351/811
f 875/1352/812 873/1350/812 872/1349/812
f 876/1353/813 448/1354/813 746/1355/813
f 873/1350/812 877/1356/812 876/1353/812
f 875/1352/812 877/1356/812 873/1350/812
f 876/1353/814 877/1356/814 448/1354/814
f 448/1354/811 869/1357/811 447/1358/811
f 877/1356/812 869/1357/812 448/1354/812
f 878/1359/815 879/1360/815 880/1361/815
f 881/1362/815 879/1360/815 878/1359/815
f 882/1363/815 880/1361/815 879/1360/815
f 883/1364/815 882/1363/815 879/1360/815
f 580/1365/816 883/1364/816 726/1366/816
f 580/1365/817 882/1363/817 883/1364/817
f 884/1367/815 882/1363/815 580/1365/815
f 468/1368/815 884/1367/815 580/1365/815
f 396/1369/818 716/1370/818 411/1371/818
f 411/1371/819 716/1370/819 418/1372/819
f 418/1372/820 885/1373/820 426/1374/820
f 426/1374/821 885/1373/821 431/1375/821
f 431/1375/822 885/1373/822 442/1376/822
f 442/1376/823 885/1373/823 461/1377/823
f 716/1370/824 885/1373/824 418/1372/824
f 461/1377/825 886/1378/825 469/1379/825
f 469/1379/826 886/1378/826 474/1380/826
f 474/1380/827 886/1378/827 479/1381/827
f 479/1381/828 886/1378/828 462/1382/828
f 885/1373/829 886/1378/829 461/1377/829
f 462/1382/830 887/1383/830 463/1384/830
f 463/1384/831 887/1383/831 464/1385/831
f 464/1385/832 887/1383/832 465/1386/832
f 465/1386/833 887/1383/833 466/1387/833
f 886/1378/834 887/1383/834 462/1382/834
f 466/1387/835 884/1388/835 467/1389/835
f 467/1389/836 884/1388/836 468/1390/836
f 887/1383/837 884/1388/837 466/1387/837
f 712/1391/6 888/1392/6 710/1393/6
f 888/1392/6 889/1394/6 890/1395/6
f 891/1396/6 892/1397/6 889/1394/6
f 891/1396/6 893/1398/6 892/1397/6
f 893/1398/6 894/1399/6 892/1397/6
f 893/1398/6 895/1400/6 894/1399/6
f 881/1401/6 878/1402/6 895/1400/6
f 895/1400/6 878/1402/6 894/1399/6
f 890/1395/6 710/1393/6 888/1392/6
f 892/1397/6 890/1395/6 889/1394/6
f 711/1403/838 890/1404/838 896/1405/838
f 710/1406/838 890/1404/838 711/1403/838
f 896/1405/839 892/1407/839 897/1408/839
f 890/1404/839 892/1407/839 896/1405/839
f 897/1408/840 894/1409/840 898/1410/840
f 892/1407/840 894/1409/840 897/1408/840
f 898/1410/841 878/1411/841 880/1412/841
f 894/1409/841 878/1411/841 898/1410/841
f 713/1413/842 899/1414/842 900/1415/842
f 896/1416/843 899/1414/843 711/1417/843
f 711/1417/844 899/1414/844 713/1413/844
f 900/1415/845 901/1418/845 902/1419/845
f 897/1420/846 901/1418/846 896/1416/846
f 899/1414/847 901/1418/847 900/1415/847
f 896/1416/848 901/1418/848 899/1414/848
f 902/1419/849 903/1421/849 904/1422/849
f 898/1423/850 903/1421/850 897/1420/850
f 901/1418/851 903/1421/851 902/1419/851
f 897/1420/852 903/1421/852 901/1418/852
f 904/1422/853 905/1424/853 882/1425/853
f 880/1426/854 905/1424/854 898/1423/854
f 882/1425/855 905/1424/855 880/1426/855
f 903/1421/856 905/1424/856 904/1422/856
f 898/1423/857 905/1424/857 903/1421/857
f 900/1415/3 716/1427/3 713/1413/3
f 900/1415/3 885/1428/3 716/1427/3
f 902/1419/3 886/1429/3 900/1415/3
f 900/1415/3 886/1429/3 885/1428/3
f 904/1422/3 887/1430/3 902/1419/3
f 902/1419/3 887/1430/3 886/1429/3
f 882/1425/3 884/1431/3 904/1422/3
f 904/1422/3 884/1431/3 887/1430/3
f 715/1432/6 906/1433/6 714/1434/6
f 806/1435/6 906/1433/6 715/1432/6
f 808/1436/6 907/1437/6 806/1435/6
f 806/1435/6 907/1437/6 906/1433/6
f 722/1438/6 908/1439/6 808/1436/6
f 808/1436/6 908/1439/6 907/1437/6
f 722/1438/6 719/1440/6 908/1439/6
f 719/1440/6 909/1441/6 908/1439/6
f 719/1440/6 723/1442/6 909/1441/6
f 723/1442/6 910/1443/6 909/1441/6
f 726/1444/6 883/1445/6 723/1442/6
f 723/1442/6 883/1445/6 910/1443/6
f 709/1446/858 906/1433/858 911/1447/858
f 714/1434/859 906/1433/859 709/1446/859
f 911/1447/860 907/1437/860 912/1448/860
f 906/1433/861 907/1437/861 911/1447/861
f 907/1437/862 908/1439/862 912/1448/862
f 912/1448/863 909/1441/863 913/1449/863
f 908/1439/864 909/1441/864 912/1448/864
f 913/1449/865 910/1443/865 879/1450/865
f 909/1441/866 910/1443/866 913/1449/866
f 910/1443/867 883/1445/867 879/1450/867
f 803/1451/868 709/1452/868 804/1453/868
f 804/1235/869 911/1454/869 807/1238/869
f 709/1446/6 911/1447/6 804/1455/6
f 720/1456/870 912/1457/870 721/1458/870
f 807/1459/871 912/1457/871 720/1456/871
f 911/1447/6 912/1448/6 807/1460/6
f 721/1151/869 913/1461/869 724/1154/869
f 912/1448/6 913/1449/6 721/1462/6
f 724/1463/872 879/1464/872 727/1465/872
f 913/1449/6 879/1450/6 724/1466/6
f 727/1467/873 881/1468/873 914/1469/873
f 729/1470/874 727/1467/874 914/1469/874
f 729/1470/875 914/1469/875 915/1471/875
f 730/1472/876 729/1470/876 915/1471/876
f 730/1472/877 915/1471/877 916/1473/877
f 732/1474/878 730/1472/878 916/1473/878
f 732/1474/879 916/1473/879 917/1475/879
f 734/1476/880 732/1474/880 917/1475/880
f 734/1476/881 917/1475/881 918/1477/881
f 741/1478/882 734/1476/882 918/1477/882
f 741/1478/883 918/1477/883 919/1479/883
f 744/1480/884 919/1479/884 874/1481/884
f 744/1480/885 741/1478/885 919/1479/885
f 751/1482/886 864/1483/886 920/1484/886
f 754/1485/887 751/1482/887 920/1484/887
f 754/1485/888 920/1484/888 921/1486/888
f 756/1487/889 754/1485/889 921/1486/889
f 756/1487/890 921/1486/890 922/1488/890
f 758/1489/891 756/1487/891 922/1488/891
f 758/1489/892 922/1488/892 923/1490/892
f 759/1491/893 758/1489/893 923/1490/893
f 759/1491/894 923/1490/894 924/1492/894
f 761/1493/895 759/1491/895 924/1492/895
f 761/1493/896 924/1492/896 925/1494/896
f 764/1495/897 925/1494/897 926/1496/897
f 764/1495/898 761/1493/898 925/1494/898
f 765/1497/899 926/1496/899 927/1498/899
f 765/1497/900 764/1495/900 926/1496/900
f 767/1499/901 927/1498/901 928/1500/901
f 767/1499/902 765/1497/902 927/1498/902
f 769/1501/903 928/1500/903 929/1502/903
f 769/1501/904 767/1499/904 928/1500/904
f 771/1503/905 929/1502/905 930/1504/905
f 771/1503/906 769/1501/906 929/1502/906
f 773/1505/907 930/1504/907 931/1506/907
f 773/1505/908 771/1503/908 930/1504/908
f 775/1507/909 931/1506/909 932/1508/909
f 775/1507/910 773/1505/910 931/1506/910
f 776/1509/911 932/1508/911 933/1510/911
f 776/1509/912 775/1507/912 932/1508/912
f 934/1511/913 848/1512/913 935/1513/913
f 778/1514/914 933/1510/914 936/1515/914
f 778/1514/915 776/1509/915 933/1510/915
f 786/1516/916 936/1515/916 858/1517/916
f 786/1516/917 778/1514/917 936/1515/917
f 795/1518/918 848/1519/918 934/1520/918
f 796/1521/919 934/1520/919 937/1522/919
f 796/1521/920 795/1518/920 934/1520/920
f 798/1523/921 937/1522/921 938/1524/921
f 798/1523/922 796/1521/922 937/1522/922
f 800/1525/923 938/1524/923 939/1526/923
f 800/1525/924 798/1523/924 938/1524/924
f 802/1527/925 939/1526/925 940/1528/925
f 802/1527/926 800/1525/926 939/1526/926
f 805/1529/927 940/1528/927 941/1530/927
f 805/1529/928 802/1527/928 940/1528/928
f 809/1531/929 941/1530/929 942/1532/929
f 809/1531/930 805/1529/930 941/1530/930
f 810/1533/931 942/1532/931 943/1534/931
f 810/1533/932 943/1534/932 944/1535/932
f 810/1533/933 809/1531/933 942/1532/933
f 811/1536/932 810/1533/932 944/1535/932
f 811/1536/934 944/1535/934 945/1537/934
f 812/1538/935 811/1536/935 945/1537/935
f 812/1538/936 945/1537/936 946/1539/936
f 813/1540/937 812/1538/937 946/1539/937
f 813/1540/938 946/1539/938 947/1541/938
f 717/1542/939 813/1540/939 947/1541/939
f 717/1542/940 947/1541/940 948/1543/940
f 718/1544/941 717/1542/941 948/1543/941
f 718/1544/942 948/1543/942 949/1545/942
f 725/1546/943 718/1544/943 949/1545/943
f 725/1546/944 949/1545/944 950/1547/944
f 951/1548/945 842/1549/945 952/1550/945
f 728/1551/946 725/1546/946 950/1547/946
f 728/1551/947 950/1547/947 952/1552/947
f 731/1553/948 952/1552/948 842/1554/948
f 731/1553/949 728/1551/949 952/1552/949
f 739/1555/950 832/1556/950 953/1557/950
f 742/1558/951 953/1557/951 954/1559/951
f 742/1558/952 739/1555/952 953/1557/952
f 743/1560/953 954/1559/953 955/1561/953
f 743/1560/954 742/1558/954 954/1559/954
f 745/1562/955 955/1561/955 956/1563/955
f 745/1562/956 743/1560/956 955/1561/956
f 753/1564/957 956/1563/957 957/1565/957
f 753/1564/958 745/1562/958 956/1563/958
f 755/1566/959 957/1565/959 958/1567/959
f 755/1566/960 753/1564/960 957/1565/960
f 757/1568/961 958/1567/961 959/1569/961
f 757/1568/962 755/1566/962 958/1567/962
f 760/1570/963 959/1569/963 960/1571/963
f 760/1570/964 757/1568/964 959/1569/964
f 762/1572/965 960/1571/965 961/1573/965
f 762/1572/966 760/1570/966 960/1571/966
f 763/1574/967 961/1573/967 962/1575/967
f 763/1574/968 762/1572/968 961/1573/968
f 766/1576/969 962/1575/969 963/1577/969
f 766/1576/970 763/1574/970 962/1575/970
f 768/1578/971 963/1577/971 964/1579/971
f 768/1578/972 766/1576/972 963/1577/972
f 770/1580/973 964/1579/973 965/1581/973
f 770/1580/974 768/1578/974 964/1579/974
f 772/1582/975 965/1581/975 966/1583/975
f 772/1582/976 770/1580/976 965/1581/976
f 774/1584/977 966/1583/977 967/1585/977
f 774/1584/978 772/1582/978 966/1583/978
f 777/1586/979 967/1585/979 826/1587/979
f 777/1586/980 774/1584/980 967/1585/980
f 784/1588/981 816/1589/981 968/1590/981
f 787/1591/982 784/1588/982 968/1590/982
f 787/1591/983 968/1590/983 969/1592/983
f 793/1593/984 787/1591/984 969/1592/984
f 793/1593/985 969/1592/985 970/1594/985
f 797/1595/986 793/1593/986 970/1594/986
f 797/1595/987 970/1594/987 971/1596/987
f 799/1597/988 797/1595/988 971/1596/988
f 799/1597/989 971/1596/989 972/1598/989
f 801/1599/990 799/1597/990 972/1598/990
f 801/1599/991 972/1598/991 973/1600/991
f 803/1601/992 973/1600/992 712/1602/992
f 803/1601/993 801/1599/993 973/1600/993
f 895/1603/994 893/1604/994 974/1605/994
f 889/1606/994 888/1607/994 975/1608/994
f 976/1609/6 974/1610/6 893/1398/6
f 974/1610/995 914/1611/995 881/1401/995
f 974/1610/6 881/1401/6 895/1400/6
f 919/1612/6 920/1613/6 864/1614/6
f 919/1612/6 864/1614/6 977/1615/6
f 919/1612/6 977/1615/6 978/1616/6
f 919/1612/6 978/1616/6 874/1617/6
f 936/1618/996 934/1511/996 935/1513/996
f 936/1618/6 935/1513/6 979/1619/6
f 936/1618/6 979/1619/6 858/1620/6
f 952/1550/6 953/1621/6 832/1622/6
f 952/1550/997 832/1622/997 980/1623/997
f 952/1550/998 980/1623/998 951/1548/998
f 967/1624/6 968/1625/6 826/1626/6
f 826/1626/6 968/1625/6 981/1627/6
f 981/1627/6 968/1625/6 982/1628/6
f 982/1628/6 968/1625/6 816/1629/6
f 973/1630/6 975/1631/6 888/1392/6
f 973/1630/995 888/1392/995 712/1391/995
f 975/1631/6 891/1396/6 889/1394/6
f 841/1632/999 983/1633/999 731/1634/999
f 731/1634/999 983/1633/999 736/1635/999
f 736/1635/1000 984/1636/1000 737/1637/1000
f 737/1638/1001 984/1639/1001 739/1640/1001
f 983/1633/1002 984/1636/1002 736/1635/1002
f 984/1639/1001 830/1641/1001 739/1640/1001
f 786/1642/1003 857/1643/1003 790/1644/1003
f 857/1643/1003 985/1645/1003 790/1644/1003
f 790/1646/1004 986/1647/1004 792/1648/1004
f 985/1649/1005 986/1647/1005 790/1646/1005
f 792/1648/1006 846/1650/1006 795/1651/1006
f 986/1647/1006 846/1650/1006 792/1648/1006
f 744/1652/1007 873/1653/1007 748/1654/1007
f 873/1653/1007 987/1655/1007 748/1654/1007
f 748/1654/1008 988/1656/1008 749/1657/1008
f 987/1655/1009 988/1656/1009 748/1654/1009
f 749/1657/1010 862/1658/1010 751/1659/1010
f 988/1656/1010 862/1658/1010 749/1657/1010
f 746/1660/6 747/1661/6 876/1662/6
f 747/1661/6 989/1663/6 876/1662/6
f 747/1661/6 750/1664/6 989/1663/6
f 750/1664/6 990/1665/6 989/1663/6
f 750/1664/6 752/1666/6 990/1665/6
f 752/1666/6 866/1667/6 990/1665/6
f 788/1668/6 991/1669/6 860/1670/6
f 789/1671/6 991/1669/6 788/1668/6
f 791/1672/6 992/1673/6 789/1671/6
f 789/1671/6 992/1673/6 991/1669/6
f 794/1674/6 850/1675/6 791/1672/6
f 791/1672/6 850/1675/6 992/1673/6
f 733/1676/6 993/1677/6 844/1678/6
f 735/1679/6 993/1677/6 733/1676/6
f 735/1679/6 738/1680/6 993/1677/6
f 738/1680/6 994/1681/6 993/1677/6
f 738/1680/6 740/1682/6 994/1681/6
f 740/1682/6 834/1683/6 994/1681/6
f 779/1684/6 781/1685/6 828/1686/6
f 781/1685/6 995/1687/6 828/1686/6
f 781/1685/6 782/1688/6 995/1687/6
f 782/1688/6 996/1689/6 995/1687/6
f 782/1688/6 785/1690/6 996/1689/6
f 785/1690/6 818/1691/6 996/1689/6
f 825/1692/1011 997/1693/1011 777/1694/1011
f 777/1694/1011 997/1693/1011 780/1695/1011
f 780/1695/1012 998/1696/1012 783/1697/1012
f 783/1697/1013 998/1696/1013 784/1698/1013
f 997/1693/1014 998/1696/1014 780/1695/1014
f 998/1696/1013 814/1699/1013 784/1698/1013
f 826/1626/6 981/1627/6 824/1700/6
f 981/1627/6 999/1701/6 824/1700/6
f 981/1627/6 982/1628/6 999/1701/6
f 982/1628/6 1000/1702/6 999/1701/6
f 982/1628/6 816/1629/6 1000/1702/6
f 816/1629/6 815/1703/6 1000/1702/6
f 827/1704/799 999/1705/799 1001/1706/799
f 824/1707/799 999/1705/799 827/1704/799
f 1001/1708/800 1000/1709/800 1002/1710/800
f 999/1711/800 1000/1709/800 1001/1708/800
f 1002/1710/801 815/1712/801 817/1713/801
f 1000/1709/801 815/1712/801 1002/1710/801
f 829/1714/650 1001/1715/650 1003/1716/650
f 827/1717/650 1001/1715/650 829/1714/650
f 1003/1716/652 1002/1718/652 1004/1719/652
f 1001/1715/652 1002/1718/652 1003/1716/652
f 1004/1719/654 817/1720/654 819/1721/654
f 1002/1718/654 817/1720/654 1004/1719/654
f 1003/1716/3 821/1722/3 829/1714/3
f 1004/1719/3 822/1723/3 1003/1716/3
f 1003/1716/3 822/1723/3 821/1722/3
f 1004/1719/3 823/1724/3 822/1723/3
f 819/1721/3 820/1725/3 1004/1719/3
f 1004/1719/3 820/1725/3 823/1724/3
f 825/1726/1015 995/1687/1015 997/1727/1015
f 828/1686/1015 995/1687/1015 825/1726/1015
f 997/1727/1016 996/1689/1016 998/1728/1016
f 995/1687/1016 996/1689/1016 997/1727/1016
f 998/1728/1017 818/1691/1017 814/1729/1017
f 996/1689/1017 818/1691/1017 998/1728/1017
f 1005/1730/6 1006/1731/6 842/1732/6
f 842/1732/6 1006/1731/6 1007/1733/6
f 1008/1734/6 1009/1735/6 1005/1730/6
f 1005/1730/6 1009/1735/6 1006/1731/6
f 1008/1734/6 1010/1736/6 1009/1735/6
f 1010/1736/6 831/1737/6 1009/1735/6
f 843/1738/809 1006/1739/809 1011/1740/809
f 1007/1741/809 1006/1739/809 843/1738/809
f 1011/1740/781 1009/1742/781 1012/1743/781
f 1006/1739/781 1009/1742/781 1011/1740/781
f 1012/1743/810 831/1744/810 1013/1745/810
f 1009/1742/810 831/1744/810 1012/1743/810
f 845/1746/457 1011/1747/457 1014/1748/457
f 843/1749/457 1011/1747/457 845/1746/457
f 1014/1748/458 1012/1750/458 1015/1751/458
f 1011/1747/458 1012/1750/458 1014/1748/458
f 1015/1751/464 1013/1752/464 835/1753/464
f 1012/1750/464 1013/1752/464 1015/1751/464
f 1014/1748/3 837/1754/3 845/1746/3
f 1015/1751/3 838/1755/3 1014/1748/3
f 1014/1748/3 838/1755/3 837/1754/3
f 1015/1751/3 839/1756/3 838/1755/3
f 835/1753/3 836/1757/3 1015/1751/3
f 1015/1751/3 836/1757/3 839/1756/3
f 841/1758/1018 993/1677/1018 983/1759/1018
f 844/1678/1018 993/1677/1018 841/1758/1018
f 983/1759/1019 994/1681/1019 984/1760/1019
f 993/1677/1019 994/1681/1019 983/1759/1019
f 984/1760/1020 834/1683/1020 1016/1761/1020
f 994/1681/1020 834/1683/1020 984/1760/1020
f 858/1620/6 979/1619/6 856/1762/6
f 979/1619/6 1017/1763/6 856/1762/6
f 935/1513/6 1018/1764/6 979/1619/6
f 979/1619/6 1018/1764/6 1017/1763/6
f 935/1513/6 848/1512/6 1018/1764/6
f 848/1512/6 847/1765/6 1018/1764/6
f 859/1766/777 1017/1767/777 1019/1768/777
f 856/1769/777 1017/1767/777 859/1766/777
f 1019/1768/778 1018/1770/778 1020/1771/778
f 1017/1767/778 1018/1770/778 1019/1768/778
f 1020/1771/779 847/1772/779 849/1773/779
f 1018/1770/779 847/1772/779 1020/1771/779
f 861/1774/671 1019/1775/671 1021/1776/671
f 859/1777/671 1019/1775/671 861/1774/671
f 1021/1776/673 1020/1778/673 1022/1779/673
f 1019/1775/673 1020/1778/673 1021/1776/673
f 1022/1779/677 849/1780/677 851/1781/677
f 1020/1778/677 849/1780/677 1022/1779/677
f 1021/1776/3 853/1782/3 861/1774/3
f 1022/1779/3 854/1783/3 1021/1776/3
f 1021/1776/3 854/1783/3 853/1782/3
f 1022/1779/3 855/1784/3 854/1783/3
f 851/1781/3 852/1785/3 1022/1779/3
f 1022/1779/3 852/1785/3 855/1784/3
f 857/1786/1021 991/1669/1021 985/1787/1021
f 860/1670/1021 991/1669/1021 857/1786/1021
f 985/1787/1022 992/1673/1022 986/1788/1022
f 991/1669/1022 992/1673/1022 985/1787/1022
f 986/1788/1023 850/1675/1023 846/1789/1023
f 992/1673/1023 850/1675/1023 986/1788/1023
f 874/1617/6 978/1616/6 872/1790/6
f 978/1616/6 1023/1791/6 872/1790/6
f 978/1616/6 1024/1792/6 1023/1791/6
f 1024/1792/6 1025/1793/6 1023/1791/6
f 1024/1792/6 864/1614/6 1025/1793/6
f 864/1614/6 1026/1794/6 1025/1793/6
f 875/1795/788 1023/1796/788 1027/1797/788
f 872/1798/788 1023/1796/788 875/1795/788
f 1027/1797/789 1025/1799/789 1028/1800/789
f 1023/1796/789 1025/1799/789 1027/1797/789
f 1028/1801/790 1026/1802/790 865/1803/790
f 1025/1804/790 1026/1802/790 1028/1801/790
f 877/1805/493 1027/1806/493 1029/1807/493
f 875/1808/493 1027/1806/493 877/1805/493
f 1029/1807/494 1028/1809/494 1030/1810/494
f 1027/1806/494 1028/1809/494 1029/1807/494
f 1030/1810/499 865/1811/499 867/1812/499
f 1028/1809/499 865/1811/499 1030/1810/499
f 1029/1807/3 870/1813/3 877/1805/3
f 1030/1810/3 870/1813/3 1029/1807/3
f 877/1805/3 870/1813/3 869/1814/3
f 867/1812/3 1031/1815/3 1030/1810/3
f 1030/1810/3 1031/1815/3 870/1813/3
f 867/1812/3 1032/1816/3 1031/1815/3
f 873/1817/1024 989/1663/1024 987/1818/1024
f 876/1662/1024 989/1663/1024 873/1817/1024
f 987/1818/1025 990/1665/1025 988/1819/1025
f 989/1663/1025 990/1665/1025 987/1818/1025
f 988/1819/1026 866/1667/1026 862/1820/1026
f 990/1665/1026 866/1667/1026 988/1819/1026
f 966/1821/6 968/1625/6 967/1624/6
f 948/1822/6 950/1823/6 949/1824/6
f 923/1825/6 920/1613/6 919/1612/6
f 923/1825/6 921/1826/6 920/1613/6
f 923/1825/6 922/1827/6 921/1826/6
f 947/1828/6 955/1829/6 953/1621/6
f 947/1828/6 950/1823/6 948/1822/6
f 947/1828/6 952/1550/6 950/1823/6
f 947/1828/6 953/1621/6 952/1550/6
f 971/1830/6 970/1831/6 969/1832/6
f 963/1833/6 965/1834/6 964/1835/6
f 963/1833/6 966/1821/6 965/1834/6
f 925/1836/6 924/1837/6 923/1825/6
f 945/1838/6 947/1828/6 946/1839/6
f 962/1840/6 966/1821/6 963/1833/6
f 944/1841/6 916/1842/6 955/1829/6
f 944/1841/6 919/1612/6 918/1843/6
f 944/1841/6 918/1843/6 916/1842/6
f 944/1841/6 923/1825/6 919/1612/6
f 961/1844/6 969/1832/6 968/1625/6
f 944/1841/6 947/1828/6 945/1838/6
f 944/1841/6 955/1829/6 947/1828/6
f 961/1844/6 968/1625/6 966/1821/6
f 927/1845/6 926/1846/6 925/1836/6
f 961/1844/6 971/1830/6 969/1832/6
f 961/1844/6 966/1821/6 962/1840/6
f 975/1631/6 973/1630/6 972/1847/6
f 943/1848/6 925/1836/6 923/1825/6
f 943/1848/6 923/1825/6 944/1841/6
f 929/1849/6 928/1850/6 927/1845/6
f 929/1849/6 927/1845/6 925/1836/6
f 959/1851/6 961/1844/6 960/1852/6
f 959/1851/6 972/1847/6 971/1830/6
f 941/1853/6 943/1848/6 942/1854/6
f 959/1851/6 971/1830/6 961/1844/6
f 940/1855/6 943/1848/6 941/1853/6
f 914/1611/6 974/1610/6 976/1609/6
f 931/1856/6 930/1857/6 929/1849/6
f 914/1611/6 976/1609/6 975/1631/6
f 931/1856/6 929/1849/6 925/1836/6
f 938/1858/6 940/1855/6 939/1859/6
f 956/1860/6 958/1861/6 957/1862/6
f 956/1860/6 959/1851/6 958/1861/6
f 933/1863/6 932/1864/6 931/1856/6
f 956/1860/6 975/1631/6 972/1847/6
f 956/1860/6 972/1847/6 959/1851/6
f 916/1842/6 915/1865/6 914/1611/6
f 936/1618/6 925/1836/6 943/1848/6
f 955/1829/6 916/1842/6 914/1611/6
f 936/1618/6 931/1856/6 925/1836/6
f 936/1618/6 943/1848/6 940/1855/6
f 955/1829/6 975/1631/6 956/1860/6
f 936/1618/6 933/1863/6 931/1856/6
f 955/1829/6 914/1611/6 975/1631/6
f 934/1511/6 938/1858/6 937/1866/6
f 934/1511/6 940/1855/6 938/1858/6
f 934/1511/6 936/1618/6 940/1855/6
f 918/1843/6 917/1867/6 916/1842/6
f 953/1621/6 955/1829/6 954/1868/6
