# Blender v2.82 (sub 7) OBJ File: ''
# www.blender.org
mtllib battleship.mtl
o Fusion001
v -12.000000 6.000000 -0.005000
v -12.000000 14.500000 0.005000
v -12.000000 14.500000 -0.005000
v -12.000000 6.000000 0.005000
v 0.000000 6.000000 0.005000
v 12.000000 6.000000 0.005000
v 12.000000 14.500000 0.005000
v 12.000000 14.500000 -0.005000
v 0.000000 6.000000 -0.005000
v 12.000000 6.000000 -0.005000
v -0.004115 6.000000 0.002840
v -0.003316 6.000000 0.003743
v -0.002324 6.000000 0.004427
v -0.004675 6.000000 0.001773
v -0.001197 6.000000 0.004855
v -0.004963 6.000000 0.000603
v -0.004963 6.000000 -0.000603
v -0.004675 6.000000 -0.001773
v -0.004115 6.000000 -0.002840
v -0.001197 6.000000 -0.004855
v -0.002324 6.000000 -0.004427
v -0.003316 6.000000 -0.003743
v 0.001113 6.000000 0.004875
v 0.002169 6.000000 0.004505
v 0.003117 6.000000 0.003909
v 0.003909 6.000000 0.003117
v 0.004505 6.000000 0.002169
v 0.004875 6.000000 0.001113
v 0.005000 6.000000 0.000000
v 0.004875 6.000000 -0.001113
v 0.004505 6.000000 -0.002169
v 0.003909 6.000000 -0.003117
v 0.001113 6.000000 -0.004875
v 0.002169 6.000000 -0.004505
v 0.003117 6.000000 -0.003909
v 0.012054 5.905000 0.099271
v 0.035460 5.905000 0.093502
v 0.056807 5.905000 0.082298
v -0.035460 5.905000 -0.093502
v -0.056807 5.905000 -0.082298
v 0.074851 5.905000 0.066312
v 0.088546 5.905000 0.046472
v -0.074851 5.905000 -0.066312
v 0.097094 5.905000 0.023932
v 0.100000 5.905000 0.000000
v -0.088546 5.905000 -0.046472
v 0.097094 5.905000 -0.023932
v -0.097094 5.905000 -0.023932
v -0.100000 5.905000 0.000000
v 0.088546 5.905000 -0.046472
v -0.097094 5.905000 0.023932
v 0.074851 5.905000 -0.066312
v -0.088546 5.905000 0.046472
v 0.056807 5.905000 -0.082298
v -0.074851 5.905000 0.066312
v 0.035460 5.905000 -0.093502
v -0.056807 5.905000 0.082298
v 0.012054 5.905000 -0.099271
v -0.035460 5.905000 0.093502
v -0.012054 5.905000 -0.099271
v -0.012054 5.905000 0.099271
v -0.056807 0.065708 0.082298
v -0.035460 0.065708 0.093502
v -0.012054 0.065708 0.099271
v 0.100000 0.065708 0.000000
v 0.097094 0.065708 -0.023932
v 0.012054 0.065708 0.099271
v 0.088546 0.065708 -0.046472
v 0.035460 0.065708 0.093502
v 0.074851 0.065708 -0.066312
v 0.056807 0.065708 0.082298
v 0.056807 0.065708 -0.082298
v 0.074851 0.065708 0.066312
v 0.035460 0.065708 -0.093502
v 0.088546 0.065708 0.046472
v 0.097094 0.065708 0.023932
v 0.012054 0.065708 -0.099271
v -0.012054 0.065708 -0.099271
v -0.035460 0.065708 -0.093502
v -0.056807 0.065708 -0.082298
v -0.074851 0.065708 -0.066312
v -0.088546 0.065708 -0.046472
v -0.097094 0.065708 -0.023932
v -0.100000 0.065708 0.000000
v -0.097094 0.065708 0.023932
v -0.088546 0.065708 0.046472
v -0.074851 0.065708 0.066312
v -1.679070 0.065708 -0.265939
v -1.616796 0.065708 -0.525329
v 1.679070 0.065708 0.265939
v 1.700000 0.065708 0.000000
v 1.679070 0.065708 -0.265939
v 0.000000 0.065708 -1.700000
v -0.265939 0.065708 -1.679070
v -0.525329 0.065708 -1.616796
v 0.265939 0.065708 1.679070
v 0.525329 0.065708 1.616796
v 1.616796 0.065708 0.525329
v 0.000000 0.065708 1.700000
v -1.700000 0.065708 0.000000
v -0.771784 0.065708 -1.514711
v -1.679070 0.065708 0.265939
v 1.375329 0.065708 0.999235
v 1.514711 0.065708 0.771784
v -0.999235 0.065708 -1.375329
v -0.265939 0.065708 1.679070
v -0.525329 0.065708 1.616796
v -1.202082 0.065708 -1.202082
v -1.616796 0.065708 0.525329
v 1.202082 0.065708 1.202082
v -1.514711 0.065708 0.771784
v -0.771784 0.065708 1.514711
v -1.375329 0.065708 0.999235
v -0.999235 0.065708 1.375329
v -1.202082 0.065708 1.202082
v 1.375329 0.065708 -0.999235
v 1.202082 0.065708 -1.202082
v 0.999235 0.065708 -1.375329
v 0.771784 0.065708 -1.514711
v -1.375329 0.065708 -0.999235
v 0.999235 0.065708 1.375329
v 1.616796 0.065708 -0.525329
v 1.514711 0.065708 -0.771784
v 0.525329 0.065708 -1.616796
v -1.514711 0.065708 -0.771784
v 0.771784 0.065708 1.514711
v 0.265939 0.065708 -1.679070
v 1.094648 0.247281 1.300671
v 1.117369 0.247281 1.281205
v 1.139744 0.247281 1.261342
v 1.161766 0.247281 1.241089
v 1.183428 0.247281 1.220450
v 1.204723 0.247281 1.199434
v 1.225646 0.247281 1.178046
v 1.246188 0.247281 1.156294
v 1.266345 0.247281 1.134183
v 1.286109 0.247281 1.111721
v -0.648834 0.247281 -1.571310
v -0.676387 0.247281 -1.559648
v -0.703730 0.247281 -1.547502
v -0.730856 0.247281 -1.534878
v -0.757755 0.247281 -1.521778
v -0.784420 0.247281 -1.508206
v -0.810841 0.247281 -1.494168
v -0.837012 0.247281 -1.479666
v -0.862923 0.247281 -1.464706
v -0.888566 0.247281 -1.449293
v -1.700000 0.247281 0.000000
v -1.699737 0.247281 0.029918
v -1.698947 0.247281 0.059828
v -1.697631 0.247281 0.089718
v -1.695789 0.247281 0.119581
v 1.305475 0.247281 1.088914
v 1.324437 0.247281 1.065771
v 1.342988 0.247281 1.042297
v 1.361124 0.247281 1.018500
v 1.378838 0.247281 0.994388
v 1.396124 0.247281 0.969967
v 1.412979 0.247281 0.945247
v 1.429395 0.247281 0.920233
v 1.445369 0.247281 0.894935
v -0.963815 0.247281 -1.400379
v -0.988311 0.247281 -1.383200
v -1.012501 0.247281 -1.365592
v -1.036377 0.247281 -1.347561
v -1.059933 0.247281 -1.329113
v -1.083160 0.247281 -1.310254
v -1.106051 0.247281 -1.290988
v -0.913935 0.247281 -1.433430
v -0.939021 0.247281 -1.417124
v -1.693422 0.247281 0.149407
v -1.690530 0.247281 0.179186
v -1.687115 0.247281 0.208910
v -1.683177 0.247281 0.238569
v -1.678718 0.247281 0.268155
v -1.673738 0.247281 0.297657
v -1.668241 0.247281 0.327067
v -1.662226 0.247281 0.356376
v -1.655697 0.247281 0.385574
v -1.128600 0.247281 -1.271323
v -1.150799 0.247281 -1.251264
v 1.460895 0.247281 0.869359
v -1.172642 0.247281 -1.230817
v 1.475969 0.247281 0.843514
v -1.194122 0.247281 -1.209989
v 1.490585 0.247281 0.817408
v -1.215231 0.247281 -1.188786
v 1.504740 0.247281 0.791048
v -1.235965 0.247281 -1.167215
v 1.518429 0.247281 0.764444
v -1.256315 0.247281 -1.145283
v 1.531647 0.247281 0.737602
v 1.544391 0.247281 0.710533
v -1.276276 0.247281 -1.122995
v 1.556656 0.247281 0.683243
v -1.295843 0.247281 -1.100360
v 1.568440 0.247281 0.655741
v -1.648655 0.247281 0.414653
v -1.641102 0.247281 0.443604
v -1.633041 0.247281 0.472417
v -1.624474 0.247281 0.501084
v -1.615404 0.247281 0.529595
v -1.605833 0.247281 0.557943
v -1.595765 0.247281 0.586118
v -1.585203 0.247281 0.614111
v -1.574149 0.247281 0.641914
v -1.315007 0.247281 -1.077384
v -1.333764 0.247281 -1.054074
v -1.352108 0.247281 -1.030438
v -1.370034 0.247281 -1.006483
v -1.387535 0.247281 -0.982216
v -1.404606 0.247281 -0.957644
v -1.421242 0.247281 -0.932776
v -1.437438 0.247281 -0.907619
v -1.453189 0.247281 -0.882181
v 1.579737 0.247281 0.628037
v 1.590546 0.247281 0.600138
v 1.600861 0.247281 0.572052
v 1.610681 0.247281 0.543790
v 1.620001 0.247281 0.515360
v 1.628820 0.247281 0.486769
v 1.637135 0.247281 0.458028
v 1.644942 0.247281 0.429145
v 1.652240 0.247281 0.400129
v -1.468489 0.247281 -0.856470
v -1.483335 0.247281 -0.830493
v -1.497721 0.247281 -0.804259
v -1.511643 0.247281 -0.777776
v -1.525097 0.247281 -0.751052
v -1.538079 0.247281 -0.724096
v -1.562609 0.247281 0.669518
v -1.550584 0.247281 0.696915
v -1.550584 0.247281 -0.696915
v -1.538079 0.247281 0.724096
v -1.562609 0.247281 -0.669518
v -1.525097 0.247281 0.751052
v -1.574149 0.247281 -0.641914
v -1.511643 0.247281 0.777776
v -1.497721 0.247281 0.804259
v -1.483335 0.247281 0.830493
v -1.468489 0.247281 0.856470
v -1.453189 0.247281 0.882181
v 1.659026 0.247281 0.370990
v 1.665298 0.247281 0.341735
v 1.671054 0.247281 0.312374
v 1.676293 0.247281 0.282917
v 1.681012 0.247281 0.253372
v 1.685211 0.247281 0.223748
v 1.688888 0.247281 0.194056
v 1.692042 0.247281 0.164303
v 1.694671 0.247281 0.134499
v -1.585203 0.247281 -0.614111
v -1.595765 0.247281 -0.586118
v -1.605833 0.247281 -0.557943
v -1.615404 0.247281 -0.529595
v -1.624474 0.247281 -0.501084
v -1.633041 0.247281 -0.472417
v -1.641102 0.247281 -0.443604
v -1.648655 0.247281 -0.414653
v -1.655697 0.247281 -0.385574
v -1.437438 0.247281 0.907619
v -1.421242 0.247281 0.932776
v -1.404606 0.247281 0.957644
v -1.387535 0.247281 0.982216
v -1.370034 0.247281 1.006483
v -1.352108 0.247281 1.030438
v -1.333764 0.247281 1.054074
v -1.315007 0.247281 1.077384
v -1.295843 0.247281 1.100360
v 1.696776 0.247281 0.104654
v 1.698355 0.247281 0.074776
v 1.699408 0.247281 0.044875
v 1.699934 0.247281 0.014960
v -1.662226 0.247281 -0.356376
v 1.699934 0.247281 -0.014960
v -1.668241 0.247281 -0.327067
v 1.699408 0.247281 -0.044875
v -1.673738 0.247281 -0.297657
v 1.698355 0.247281 -0.074776
v -1.678718 0.247281 -0.268155
v 1.696776 0.247281 -0.104654
v -1.683177 0.247281 -0.238569
v -1.687115 0.247281 -0.208910
v 1.694671 0.247281 -0.134499
v -1.690530 0.247281 -0.179186
v -1.693422 0.247281 -0.149407
v -1.695789 0.247281 -0.119581
v -1.697631 0.247281 -0.089718
v -1.698947 0.247281 -0.059828
v -1.699737 0.247281 -0.029918
v -1.276276 0.247281 1.122995
v -1.256315 0.247281 1.145283
v 1.692042 0.247281 -0.164303
v -1.235965 0.247281 1.167215
v 1.688888 0.247281 -0.194056
v -1.215231 0.247281 1.188786
v 1.685211 0.247281 -0.223748
v -1.194122 0.247281 1.209989
v 1.681012 0.247281 -0.253372
v -1.172642 0.247281 1.230817
v 1.676293 0.247281 -0.282917
v -1.150799 0.247281 1.251264
v 1.671054 0.247281 -0.312374
v -1.128600 0.247281 1.271323
v 1.665298 0.247281 -0.341735
v -1.106051 0.247281 1.290988
v 1.659026 0.247281 -0.370990
v 1.652240 0.247281 -0.400129
v 1.644942 0.247281 -0.429145
v -1.083160 0.247281 1.310254
v 1.637135 0.247281 -0.458028
v -1.059933 0.247281 1.329113
v 1.628820 0.247281 -0.486769
v -1.036377 0.247281 1.347561
v 1.620001 0.247281 -0.515360
v -1.012501 0.247281 1.365592
v 1.610681 0.247281 -0.543790
v -0.988311 0.247281 1.383200
v 1.600861 0.247281 -0.572052
v -0.963815 0.247281 1.400379
v 1.590546 0.247281 -0.600138
v -0.939021 0.247281 1.417124
v 1.579737 0.247281 -0.628037
v -0.913935 0.247281 1.433430
v 1.568440 0.247281 -0.655741
v -0.888566 0.247281 1.449293
v 1.556656 0.247281 -0.683243
v 1.544391 0.247281 -0.710533
v 1.531647 0.247281 -0.737602
v 1.518429 0.247281 -0.764444
v 1.504740 0.247281 -0.791048
v 1.490585 0.247281 -0.817408
v 1.475969 0.247281 -0.843514
v 1.460895 0.247281 -0.869359
v 1.445369 0.247281 -0.894935
v -0.862923 0.247281 1.464706
v -0.837012 0.247281 1.479666
v -0.810841 0.247281 1.494168
v -0.784420 0.247281 1.508206
v -0.757755 0.247281 1.521778
v -0.730856 0.247281 1.534878
v -0.703730 0.247281 1.547502
v -0.676387 0.247281 1.559648
v -0.648834 0.247281 1.571310
v 1.429395 0.247281 -0.920233
v 1.412979 0.247281 -0.945247
v 1.396124 0.247281 -0.969967
v 1.378838 0.247281 -0.994388
v 1.361124 0.247281 -1.018500
v 1.342988 0.247281 -1.042297
v 1.324437 0.247281 -1.065771
v 1.305475 0.247281 -1.088914
v 1.286109 0.247281 -1.111721
v -0.621080 0.247281 1.582485
v -0.593133 0.247281 1.593171
v -0.565003 0.247281 1.603362
v -0.536698 0.247281 1.613058
v -0.508227 0.247281 1.622253
v -0.479598 0.247281 1.630946
v -0.450820 0.247281 1.639134
v -0.421903 0.247281 1.646814
v -0.392856 0.247281 1.653984
v 1.266345 0.247281 -1.134183
v 1.246188 0.247281 -1.156294
v 1.225646 0.247281 -1.178046
v 1.204723 0.247281 -1.199434
v 1.183428 0.247281 -1.220450
v 1.161766 0.247281 -1.241089
v 1.139744 0.247281 -1.261342
v 1.117369 0.247281 -1.281205
v 1.094648 0.247281 -1.300671
v -0.363686 0.247281 1.660642
v -0.334404 0.247281 1.666785
v -0.305019 0.247281 1.672413
v -0.275538 0.247281 1.677522
v -0.245973 0.247281 1.682111
v -0.216331 0.247281 1.686179
v -0.186623 0.247281 1.689726
v -0.156856 0.247281 1.692748
v -0.127041 0.247281 1.695247
v 1.071588 0.247281 -1.319735
v 1.048196 0.247281 -1.338389
v 1.024479 0.247281 -1.356629
v 1.000445 0.247281 -1.374449
v 0.976101 0.247281 -1.391843
v 0.951455 0.247281 -1.408806
v 0.926514 0.247281 -1.425332
v 0.901286 0.247281 -1.441417
v 0.875778 0.247281 -1.457056
v -0.097187 0.247281 1.697220
v -0.067302 0.247281 1.698667
v -0.037397 0.247281 1.699589
v -0.007480 0.247281 1.699983
v 0.022439 0.247281 1.699852
v 0.052352 0.247281 1.699194
v 0.082248 0.247281 1.698009
v 0.112118 0.247281 1.696299
v 0.141954 0.247281 1.694063
v 0.850000 0.247281 -1.472243
v 0.823958 0.247281 -1.486974
v 0.797661 0.247281 -1.501245
v 0.771117 0.247281 -1.515051
v 0.744334 0.247281 -1.528387
v 0.717321 0.247281 -1.541250
v 0.690085 0.247281 -1.553635
v 0.662636 0.247281 -1.565539
v 0.319724 0.247281 1.669664
v 0.349059 0.247281 1.663778
v 0.378286 0.247281 1.657377
v 0.634981 0.247281 -1.576959
v 0.407395 0.247281 1.650463
v 0.607130 0.247281 -1.587890
v 0.579091 0.247281 -1.598328
v 0.550872 0.247281 -1.608272
v 0.522483 0.247281 -1.617718
v 0.493931 0.247281 -1.626663
v 0.465227 0.247281 -1.635104
v 0.436379 0.247281 -1.643038
v 0.407395 0.247281 -1.650463
v 0.171746 0.247281 1.691302
v 0.201485 0.247281 1.688018
v 0.231161 0.247281 1.684210
v 0.260766 0.247281 1.679881
v 0.290290 0.247281 1.675032
v 0.378286 0.247281 -1.657377
v 0.349059 0.247281 -1.663778
v 0.319724 0.247281 -1.669664
v 0.290290 0.247281 -1.675032
v 0.260766 0.247281 -1.679881
v 0.231161 0.247281 -1.684210
v 0.436379 0.247281 1.643038
v 0.465227 0.247281 1.635104
v 0.201485 0.247281 -1.688018
v 0.493931 0.247281 1.626663
v 0.171746 0.247281 -1.691302
v 0.522483 0.247281 1.617718
v 0.141954 0.247281 -1.694063
v 0.550872 0.247281 1.608272
v 0.579091 0.247281 1.598328
v 0.607130 0.247281 1.587890
v 0.634981 0.247281 1.576959
v 0.662636 0.247281 1.565539
v 0.112118 0.247281 -1.696299
v 0.082248 0.247281 -1.698009
v 0.052352 0.247281 -1.699194
v 0.022439 0.247281 -1.699852
v -0.007480 0.247281 -1.699983
v -0.037397 0.247281 -1.699589
v -0.067302 0.247281 -1.698667
v -0.097187 0.247281 -1.697220
v -0.127041 0.247281 -1.695247
v 0.690085 0.247281 1.553635
v 0.717321 0.247281 1.541250
v 0.744334 0.247281 1.528387
v 0.771117 0.247281 1.515051
v 0.797661 0.247281 1.501245
v 0.823958 0.247281 1.486974
v 0.850000 0.247281 1.472243
v 0.875778 0.247281 1.457056
v -0.156856 0.247281 -1.692748
v -0.186623 0.247281 -1.689726
v -0.216331 0.247281 -1.686179
v -0.245973 0.247281 -1.682111
v -0.275538 0.247281 -1.677522
v -0.305019 0.247281 -1.672413
v -0.334404 0.247281 -1.666785
v -0.363686 0.247281 -1.660642
v -0.392856 0.247281 -1.653984
v 0.901286 0.247281 1.441417
v 0.926514 0.247281 1.425332
v 0.951455 0.247281 1.408806
v 0.976101 0.247281 1.391843
v 1.000445 0.247281 1.374449
v 1.024479 0.247281 1.356629
v 1.048196 0.247281 1.338389
v 1.071588 0.247281 1.319735
v -0.421903 0.247281 -1.646814
v -0.450820 0.247281 -1.639134
v -0.479598 0.247281 -1.630946
v -0.508227 0.247281 -1.622253
v -0.536698 0.247281 -1.613058
v -0.565003 0.247281 -1.603362
v -0.593133 0.247281 -1.593171
v -0.621080 0.247281 -1.582485
v 1.880165 0.247281 -1.142357
v 1.862374 0.247281 -1.171137
v 1.142357 0.247281 -1.880165
v 1.113307 0.247281 -1.897511
v 2.196814 0.247281 0.118366
v 2.198374 0.247281 0.084567
v 0.902975 0.247281 2.006150
v 0.933721 0.247281 1.992026
v -2.006291 0.247281 -0.902660
v -1.992166 0.247281 -0.933422
v -0.420340 0.247281 2.159471
v -0.387079 0.247281 2.165680
v -0.118366 0.247281 -2.196814
v -0.152137 0.247281 -2.194733
v 0.872015 0.247281 2.019799
v -2.019942 0.247281 -0.871685
v 2.194733 0.247281 0.152137
v -2.152865 0.247281 0.452957
v 0.840850 0.247281 2.032971
v 1.897511 0.247281 -1.113307
v -2.033114 0.247281 -0.840503
v -0.185872 0.247281 -2.192134
v 1.083994 0.247281 -1.914408
v -2.159580 0.247281 0.419780
v 2.192134 0.247281 0.185872
v -0.219563 0.247281 -2.189016
v 0.809485 0.247281 2.045662
v -2.045806 0.247281 -0.809122
v -0.453500 0.247281 2.152751
v -2.145642 0.247281 0.486027
v 2.189016 0.247281 0.219563
v -0.253202 0.247281 -2.185381
v 0.777929 0.247281 2.057869
v -2.058013 0.247281 -0.777550
v 1.914408 0.247281 -1.083994
v 1.054424 0.247281 -1.930852
v 2.181228 0.247281 0.286781
v 2.185381 0.247281 0.253202
v 0.746189 0.247281 2.069590
v -2.069732 0.247281 -0.745794
v -0.286781 0.247281 -2.181228
v -0.486554 0.247281 2.145522
v -2.137910 0.247281 0.518982
v 0.714273 0.247281 2.080821
v 2.176560 0.247281 0.320292
v -2.080962 0.247281 -0.713861
v -0.320292 0.247281 -2.176560
v -0.353728 0.247281 -2.171377
v 1.930852 0.247281 -1.054424
v -1.668814 0.247281 -0.324385
v 1.024604 0.247281 -1.946840
v 2.171377 0.247281 0.353728
v 0.682187 0.247281 2.091559
v -2.091699 0.247281 -0.681759
v -0.387079 0.247281 -2.165680
v -0.519493 0.247281 2.137786
v -1.674221 0.247281 -0.295210
v -2.129672 0.247281 0.551814
v 1.962367 0.247281 -0.994543
v 1.946840 0.247281 -1.024604
v -1.679118 0.247281 -0.265946
v 2.165680 0.247281 0.387079
v -0.420340 0.247281 -2.159471
v 0.994543 0.247281 -1.962367
v 0.649940 0.247281 2.101804
v -2.101941 0.247281 -0.649496
v 2.159471 0.247281 0.420340
v -1.683504 0.247281 -0.236601
v -0.453500 0.247281 -2.152751
v -0.552308 0.247281 2.129544
v -2.120929 0.247281 0.584516
v 0.617540 0.247281 2.111550
v 2.152751 0.247281 0.453500
v -2.111685 0.247281 -0.617079
v 1.977430 0.247281 -0.964246
v -0.486554 0.247281 -2.145522
v 0.964246 0.247281 -1.977430
v 0.933721 0.247281 -1.992026
v -1.687377 0.247281 -0.207184
v -0.584993 0.247281 2.120798
v 0.584993 0.247281 2.120798
v 2.145522 0.247281 0.486554
v -0.519493 0.247281 -2.137786
v -2.120929 0.247281 -0.584516
v -2.111685 0.247281 0.617079
v 1.992026 0.247281 -0.933721
v 2.129544 0.247281 0.552308
v 2.137786 0.247281 0.519493
v -1.690735 0.247281 -0.177703
v 0.902975 0.247281 -2.006150
v -0.552308 0.247281 -2.129544
v -1.693579 0.247281 -0.148169
v -0.617540 0.247281 2.111550
v 0.552308 0.247281 2.129544
v 2.120798 0.247281 0.584993
v -2.129672 0.247281 -0.551814
v -0.584993 0.247281 -2.120798
v -0.617540 0.247281 -2.111550
v 2.006150 0.247281 -0.902975
v -2.101941 0.247281 0.649496
v -1.695907 0.247281 -0.118589
v -1.697719 0.247281 -0.088974
v 0.872015 0.247281 -2.019799
v 2.111550 0.247281 0.617540
v -0.649940 0.247281 -2.101804
v -0.649940 0.247281 2.101804
v 0.519493 0.247281 2.137786
v -2.137910 0.247281 -0.518982
v 2.101804 0.247281 0.649940
v -0.682187 0.247281 -2.091559
v -2.091699 0.247281 0.681759
v 2.019799 0.247281 -0.872015
v -1.699013 0.247281 -0.059331
v 0.840850 0.247281 -2.032971
v 2.091559 0.247281 0.682187
v 0.486554 0.247281 2.145522
v -0.714273 0.247281 -2.080821
v -0.682187 0.247281 2.091559
v -2.145642 0.247281 -0.486027
v 2.080821 0.247281 0.714273
v -1.699789 0.247281 -0.029670
v -0.746189 0.247281 -2.069590
v 2.032971 0.247281 -0.840850
v -2.080962 0.247281 0.713861
v 0.809485 0.247281 -2.045662
v 0.453500 0.247281 2.152751
v 2.069590 0.247281 0.746189
v -2.152865 0.247281 -0.452957
v -0.777929 0.247281 -2.057869
v -0.714273 0.247281 2.080821
v -1.700048 0.247281 0.000000
v 2.045662 0.247281 0.809485
v 2.057869 0.247281 0.777929
v 2.045662 0.247281 -0.809485
v -1.699789 0.247281 0.029670
v -0.809485 0.247281 -2.045662
v -2.069732 0.247281 0.745794
v 0.777929 0.247281 -2.057869
v 0.420340 0.247281 2.159471
v 2.032971 0.247281 0.840850
v -0.840850 0.247281 -2.032971
v -0.872015 0.247281 -2.019799
v -2.159580 0.247281 -0.419780
v -0.746189 0.247281 2.069590
v 2.019799 0.247281 0.872015
v 2.069590 0.247281 -0.746189
v 2.057869 0.247281 -0.777929
v -0.902975 0.247281 -2.006150
v -1.699013 0.247281 0.059331
v -2.058013 0.247281 0.777550
v 0.746189 0.247281 -2.069590
v 0.387079 0.247281 2.165680
v 2.006150 0.247281 0.902975
v -1.697719 0.247281 0.088974
v -0.933721 0.247281 -1.992026
v -0.777929 0.247281 2.057869
v 1.992026 0.247281 0.933721
v -1.695907 0.247281 0.118589
v -0.964246 0.247281 -1.977430
v 2.080821 0.247281 -0.714273
v 0.353728 0.247281 2.171377
v -2.045806 0.247281 0.809122
v 0.714273 0.247281 -2.080821
v 0.682187 0.247281 -2.091559
v 1.977430 0.247281 0.964246
v -1.693579 0.247281 0.148169
v 1.542000 0.247281 -1.569151
v 1.517686 0.247281 -1.592680
v 1.191580 0.247281 -1.212560
v 1.205608 0.247281 -1.198614
v 1.198614 0.247281 -1.205608
v -0.994543 0.247281 -1.962367
v 0.320292 0.247281 2.176560
v -0.809485 0.247281 2.045662
v 1.962367 0.247281 0.994543
v -1.690735 0.247281 0.177703
v 2.091559 0.247281 -0.682187
v -1.024604 0.247281 -1.946840
v -2.033114 0.247281 0.840503
v 1.930852 0.247281 1.054424
v 1.946840 0.247281 1.024604
v 0.286781 0.247281 2.181228
v 0.649940 0.247281 -2.101804
v -1.054424 0.247281 -1.930852
v -1.687377 0.247281 0.207184
v -0.840850 0.247281 2.032971
v 1.914408 0.247281 1.083994
v -1.683504 0.247281 0.236601
v 1.212560 0.247281 -1.191580
v -1.083994 0.247281 -1.914408
v 1.569151 0.247281 -1.542000
v -1.113307 0.247281 -1.897511
v 1.592680 0.247281 -1.517686
v 1.493013 0.247281 -1.615832
v -2.019942 0.247281 0.871685
v 2.101804 0.247281 -0.649940
v 1.897511 0.247281 1.113307
v 0.253202 0.247281 2.185381
v -1.142357 0.247281 -1.880165
v 0.617540 0.247281 -2.111550
v -1.679118 0.247281 0.265946
v -0.872015 0.247281 2.019799
v 1.880165 0.247281 1.142357
v -1.171137 0.247281 -1.862374
v 0.219563 0.247281 2.189016
v 2.111550 0.247281 -0.617540
v 1.862374 0.247281 1.171137
v -1.674221 0.247281 0.295210
v -1.199640 0.247281 -1.844143
v 0.584993 0.247281 -2.120798
v 1.844143 0.247281 1.199640
v -1.668814 0.247281 0.324385
v -2.006291 0.247281 0.902660
v 1.615832 0.247281 -1.493013
v -1.227859 0.247281 -1.825476
v -0.902975 0.247281 2.006150
v 1.467986 0.247281 -1.638602
v 0.185872 0.247281 2.192134
v 1.825476 0.247281 1.227859
v -1.255788 0.247281 -1.806376
v -1.992166 0.247281 0.933422
v 2.120798 0.247281 -0.584993
v 1.786850 0.247281 1.283420
v 1.806376 0.247281 1.255788
v 0.552308 0.247281 -2.129544
v -1.283420 0.247281 -1.786850
v 0.152137 0.247281 2.194733
v -0.933721 0.247281 1.992026
v 1.766901 0.247281 1.310748
v -1.310748 0.247281 -1.766901
v -1.337767 0.247281 -1.746534
v 0.118366 0.247281 2.196814
v 1.746534 0.247281 1.337767
v -1.977568 0.247281 0.963962
v 2.129544 0.247281 -0.552308
v 1.660984 0.247281 -1.442612
v 1.638602 0.247281 -1.467986
v -1.364468 0.247281 -1.725754
v 1.442612 0.247281 -1.660984
v 0.519493 0.247281 -2.137786
v 1.725754 0.247281 1.364468
v -0.964246 0.247281 1.977430
v -1.390847 0.247281 -1.704565
v 1.704565 0.247281 1.390847
v 0.084567 0.247281 2.198374
v -1.416898 0.247281 -1.682974
v -1.962503 0.247281 0.994275
v 2.145522 0.247281 -0.486554
v 2.137786 0.247281 -0.519493
v 1.682974 0.247281 1.416898
v -1.442612 0.247281 -1.660984
v -0.994543 0.247281 1.962367
v 0.486554 0.247281 -2.145522
v 1.660984 0.247281 1.442612
v 0.050748 0.247281 2.199415
v -1.467986 0.247281 -1.638602
v 1.682974 0.247281 -1.416898
v -1.946973 0.247281 1.024352
v 1.416898 0.247281 -1.682974
v 1.638602 0.247281 1.467986
v 1.390847 0.247281 -1.704565
v 1.615832 0.247281 1.493013
v 2.152751 0.247281 -0.453500
v -1.493013 0.247281 -1.615832
v 1.592680 0.247281 1.517686
v -1.024604 0.247281 1.946840
v 0.453500 0.247281 -2.152751
v 0.420340 0.247281 -2.159471
v 0.016917 0.247281 2.199935
v -1.517686 0.247281 -1.592680
v -1.930982 0.247281 1.054187
v 1.569151 0.247281 1.542000
v -1.191580 0.247281 -1.212560
v -1.542000 0.247281 -1.569151
v 1.212560 0.247281 1.191580
v 2.159471 0.247281 -0.420340
v -1.054424 0.247281 1.930852
v -0.016917 0.247281 2.199935
v 1.205608 0.247281 1.198614
v 1.704565 0.247281 -1.390847
v 0.387079 0.247281 -2.165680
v -1.205608 0.247281 -1.198614
v -1.198614 0.247281 -1.205608
v 1.198614 0.247281 1.205608
v -1.914534 0.247281 1.083772
v 1.364468 0.247281 -1.725754
v 1.191580 0.247281 1.212560
v -1.212560 0.247281 -1.191580
v 2.165680 0.247281 -0.387079
v -1.569151 0.247281 -1.542000
v -1.083994 0.247281 1.914408
v 1.542000 0.247281 1.569151
v -1.897632 0.247281 1.113100
v 1.517686 0.247281 1.592680
v -1.592690 0.247281 -1.517675
v 0.353728 0.247281 -2.171377
v -0.050748 0.247281 2.199415
v -1.113307 0.247281 1.897511
v 1.493013 0.247281 1.615832
v 2.171377 0.247281 -0.353728
v -1.615852 0.247281 -1.492991
v 1.725754 0.247281 -1.364468
v 1.337767 0.247281 -1.746534
v 1.467986 0.247281 1.638602
v -0.084567 0.247281 2.198374
v 0.320292 0.247281 -2.176560
v -1.638632 0.247281 -1.467953
v -1.880282 0.247281 1.142165
v 1.442612 0.247281 1.660984
v -1.142357 0.247281 1.880165
v -1.661024 0.247281 -1.442567
v 2.176560 0.247281 -0.320292
v -1.862486 0.247281 1.170959
v 1.416898 0.247281 1.682974
v -1.683022 0.247281 -1.416840
v 0.286781 0.247281 -2.181228
v -0.118366 0.247281 2.196814
v 1.390847 0.247281 1.704565
v -1.704623 0.247281 -1.390778
v -1.171137 0.247281 1.862374
v 1.746534 0.247281 -1.337767
v -1.844249 0.247281 1.199477
v 1.310748 0.247281 -1.766901
v 2.181228 0.247281 -0.286781
v 1.364468 0.247281 1.725754
v -1.725819 0.247281 -1.364386
v -1.199640 0.247281 1.844143
v -1.825576 0.247281 1.227710
v 0.253202 0.247281 -2.185381
v -0.152137 0.247281 2.194733
v 1.337767 0.247281 1.746534
v -1.746607 0.247281 -1.337671
v 2.189016 0.247281 -0.219563
v 2.185381 0.247281 -0.253202
v -1.227859 0.247281 1.825476
v -1.806471 0.247281 1.255653
v 1.310748 0.247281 1.766901
v -1.766981 0.247281 -1.310640
v 1.766901 0.247281 -1.310748
v 0.219563 0.247281 -2.189016
v 1.283420 0.247281 -1.786850
v -1.255788 0.247281 1.806376
v 1.283420 0.247281 1.786850
v -1.786938 0.247281 1.283298
v 2.192134 0.247281 -0.185872
v -1.786938 0.247281 -1.283298
v -0.185872 0.247281 2.192134
v 1.255788 0.247281 1.806376
v -1.283420 0.247281 1.786850
v -1.806471 0.247281 -1.255653
v -1.766981 0.247281 1.310640
v 0.185872 0.247281 -2.192134
v 0.152137 0.247281 -2.194733
v 1.227859 0.247281 1.825476
v 2.194733 0.247281 -0.152137
v -1.825576 0.247281 -1.227710
v -1.310748 0.247281 1.766901
v -1.746607 0.247281 1.337671
v 1.786850 0.247281 -1.283420
v 1.255788 0.247281 -1.806376
v -1.337767 0.247281 1.746534
v 1.199640 0.247281 1.844143
v -1.725819 0.247281 1.364386
v -1.844249 0.247281 -1.199477
v 0.118366 0.247281 -2.196814
v -1.364468 0.247281 1.725754
v 2.196814 0.247281 -0.118366
v -1.704623 0.247281 1.390778
v 1.171137 0.247281 1.862374
v -1.862486 0.247281 -1.170959
v -1.191580 0.247281 1.212560
v -1.390847 0.247281 1.704565
v -1.205608 0.247281 1.198614
v -1.212560 0.247281 1.191580
v 0.084567 0.247281 -2.198374
v -1.198614 0.247281 1.205608
v -0.219563 0.247281 2.189016
v -1.683022 0.247281 1.416840
v 1.825476 0.247281 -1.227859
v 1.806376 0.247281 -1.255788
v 1.142357 0.247281 1.880165
v 2.198374 0.247281 -0.084567
v -1.416898 0.247281 1.682974
v -1.880282 0.247281 -1.142165
v 1.227859 0.247281 -1.825476
v -1.661024 0.247281 1.442567
v -0.253202 0.247281 2.185381
v -1.442612 0.247281 1.660984
v 0.050748 0.247281 -2.199415
v 1.113307 0.247281 1.897511
v -1.638632 0.247281 1.467953
v -1.897632 0.247281 -1.113100
v 2.199415 0.247281 -0.050748
v -1.467986 0.247281 1.638602
v -0.286781 0.247281 2.181228
v -1.615852 0.247281 1.492991
v 1.083994 0.247281 1.914408
v -1.914534 0.247281 -1.083772
v -1.493013 0.247281 1.615832
v 1.844143 0.247281 -1.199640
v -1.592690 0.247281 1.517675
v 1.199640 0.247281 -1.844143
v 1.171137 0.247281 -1.862374
v 0.016917 0.247281 -2.199935
v -1.517686 0.247281 1.592680
v 1.054424 0.247281 1.930852
v 2.199935 0.247281 -0.016917
v -0.320292 0.247281 2.176560
v -1.930982 0.247281 -1.054187
v -1.542000 0.247281 1.569151
v -1.569151 0.247281 1.542000
v 1.024604 0.247281 1.946840
v -1.946973 0.247281 -1.024352
v -0.016917 0.247281 -2.199935
v 0.994543 0.247281 1.962367
v -0.353728 0.247281 2.171377
v -1.962503 0.247281 -0.994275
v 2.199415 0.247281 0.050748
v 2.199935 0.247281 0.016917
v -0.050748 0.247281 -2.199415
v -0.084567 0.247281 -2.198374
v 0.964246 0.247281 1.977430
v -1.977568 0.247281 -0.963962
v -2.454068 0.050000 -0.477022
v -2.463884 0.000000 -0.478931
v -2.463884 0.055392 -0.478931
v -2.454068 0.000000 -0.477022
v -2.162566 0.257256 -0.420360
v -2.159627 0.247256 -0.419789
v -2.159617 0.247256 -0.419787
v -1.668814 0.257256 -0.324385
v -1.975388 0.050000 -1.532268
v 2.416687 0.050000 0.640021
v 2.479084 0.050000 0.322710
v -2.140668 0.050000 -1.291333
v -2.195534 0.247256 0.140696
v -2.500000 0.050000 0.000000
v -2.494883 0.050000 0.159879
v -2.200038 0.247256 0.000000
v -2.182042 0.247256 0.280816
v -2.479551 0.050000 0.319104
v 2.500000 0.050000 0.000000
v -2.159617 0.247256 0.419787
v -2.454068 0.050000 0.477022
v -2.381654 0.050000 0.760083
v -2.276709 0.050000 -1.032761
v 2.479084 0.050000 -0.322710
v -2.276709 0.050000 1.032761
v -2.381654 0.050000 -0.760083
v 2.416687 0.050000 -0.640021
v -2.140668 0.050000 1.291333
v -2.454068 0.050000 -0.477022
v 2.313851 0.050000 -0.946622
v -1.975388 0.050000 1.532268
v -2.479551 0.050000 -0.319104
v -2.182042 0.247256 -0.280816
v -2.494883 0.050000 -0.159879
v -2.195534 0.247256 -0.140696
v 2.172299 0.050000 -1.237383
v -1.783126 0.050000 1.752273
v 1.994398 0.050000 -1.507440
v -1.569178 0.247256 1.542027
v -1.560180 0.247256 1.551130
v -1.772902 0.050000 1.762617
v -1.762617 0.050000 1.772902
v -1.551130 0.247256 1.560180
v -1.752273 0.050000 1.783126
v -1.542027 0.247256 1.569178
v -1.507440 0.050000 1.994398
v 1.783126 0.050000 -1.752273
v -1.237383 0.050000 2.172299
v 1.569178 0.247256 -1.542027
v 1.560180 0.247256 -1.551130
v 1.772902 0.050000 -1.762617
v 1.762617 0.050000 -1.772902
v 1.551130 0.247256 -1.560180
v 1.752273 0.050000 -1.783126
v 1.542027 0.247256 -1.569178
v -0.946622 0.050000 2.313851
v 1.507440 0.050000 -1.994398
v -0.640021 0.050000 2.416687
v 1.237383 0.050000 -2.172299
v -0.322710 0.050000 2.479084
v 0.946622 0.050000 -2.313851
v 0.000000 0.050000 2.500000
v 0.640021 0.050000 -2.416687
v 0.322710 0.050000 2.479084
v 0.640021 0.050000 2.416687
v 0.322710 0.050000 -2.479084
v 0.946622 0.050000 2.313851
v 0.000000 0.050000 -2.500000
v 1.237383 0.050000 2.172299
v -0.322710 0.050000 -2.479084
v 1.507440 0.050000 1.994398
v -0.640021 0.050000 -2.416687
v -0.946622 0.050000 -2.313851
v 1.752273 0.050000 1.783126
v -1.237383 0.050000 -2.172299
v 1.542027 0.247256 1.569178
v 1.551130 0.247256 1.560180
v 1.762617 0.050000 1.772902
v 1.560180 0.247256 1.551130
v 1.772902 0.050000 1.762617
v 1.569178 0.247256 1.542027
v 1.783126 0.050000 1.752273
v -1.507440 0.050000 -1.994398
v 1.994398 0.050000 1.507440
v 2.172299 0.050000 1.237383
v -1.752273 0.050000 -1.783126
v 2.313851 0.050000 0.946622
v -1.542027 0.247256 -1.569178
v -1.762617 0.050000 -1.772902
v -1.551130 0.247256 -1.560180
v -1.560180 0.247256 -1.551130
v -1.772902 0.050000 -1.762617
v -1.783126 0.050000 -1.752273
v -1.569178 0.247256 -1.542027
v -1.783126 0.050000 -1.752273
v -1.790259 0.000000 -1.759282
v -1.783126 0.000000 -1.752273
v -1.790259 0.055392 -1.759282
v -1.569186 0.247256 -1.542034
v -1.571321 0.257256 -1.544133
v -1.212560 0.257256 -1.191580
v -1.191580 0.257256 -1.212560
v -1.198614 0.257256 -1.205608
v -1.205608 0.257256 -1.198614
v -1.759282 0.000000 -1.790259
v -1.752273 0.050000 -1.783126
v -1.752273 0.000000 -1.783126
v -1.759282 0.055392 -1.790259
v -1.542034 0.247256 -1.569186
v -1.544133 0.257256 -1.571321
v 1.752273 0.050000 -1.783126
v 1.759282 0.000000 -1.790259
v 1.752273 0.000000 -1.783126
v 1.759282 0.055392 -1.790259
v 1.542034 0.247256 -1.569186
v 1.544133 0.257256 -1.571321
v 1.191580 0.257256 -1.212560
v 1.212560 0.257256 -1.191580
v 1.205608 0.257256 -1.198614
v 1.198614 0.257256 -1.205608
v 1.790259 0.000000 -1.759282
v 1.783126 0.050000 -1.752273
v 1.783126 0.000000 -1.752273
v 1.790259 0.055392 -1.759282
v 1.569186 0.247256 -1.542034
v 1.571321 0.257256 -1.544133
v 1.783126 0.050000 1.752273
v 1.790259 0.000000 1.759282
v 1.783126 0.000000 1.752273
v 1.790259 0.055392 1.759282
v 1.569186 0.247256 1.542034
v 1.571321 0.257256 1.544133
v 1.212560 0.257256 1.191580
v 1.191580 0.257256 1.212560
v 1.198614 0.257256 1.205608
v 1.205608 0.257256 1.198614
v 1.759282 0.000000 1.790259
v 1.752273 0.050000 1.783126
v 1.752273 0.000000 1.783126
v 1.759282 0.055392 1.790259
v 1.542034 0.247256 1.569186
v 1.544133 0.257256 1.571321
v -1.752273 0.050000 1.783126
v -1.759282 0.000000 1.790259
v -1.752273 0.000000 1.783126
v -1.759282 0.055392 1.790259
v -1.542034 0.247256 1.569186
v -1.544133 0.257256 1.571321
v -1.191580 0.257256 1.212560
v -1.212560 0.257256 1.191580
v -1.205608 0.257256 1.198614
v -1.198614 0.257256 1.205608
v -1.790259 0.000000 1.759282
v -1.783126 0.050000 1.752273
v -1.783126 0.000000 1.752273
v -1.790259 0.055392 1.759282
v -1.569186 0.247256 1.542034
v -1.571321 0.257256 1.544133
v -2.463884 0.000000 0.478931
v -2.454068 0.050000 0.477022
v -2.463884 0.055392 0.478931
v -2.454068 0.000000 0.477022
v -2.162566 0.257256 0.420360
v -2.159627 0.247256 0.419789
v -1.668814 0.257256 0.324385
v -1.696568 0.257256 -0.108721
v -1.696568 0.257256 0.108721
v -2.479551 0.000000 -0.319104
v -2.494883 0.000000 -0.159879
v -2.504862 0.000000 -0.160519
v -2.500000 0.000000 0.000000
v -2.494883 0.000000 0.159879
v -2.504862 0.000000 0.160519
v -2.479551 0.000000 0.319104
v -2.504862 0.055392 -0.160519
v -2.504862 0.055392 0.160519
v -2.198532 0.257256 -0.140888
v -2.198532 0.257256 0.140888
v -2.182053 0.247256 -0.280818
v -2.195545 0.247256 -0.140697
v -2.200048 0.247256 0.000000
v -2.195545 0.247256 0.140697
v -2.182053 0.247256 0.280818
v -2.494883 0.050000 -0.159879
v -2.494883 0.050000 0.159879
v -2.479475 0.000000 0.319693
v -2.418237 0.000000 0.634136
v -2.317292 0.000000 0.938168
v -2.178297 0.000000 1.226794
v -2.003534 0.000000 1.495276
v -1.772902 0.000000 1.762617
v -1.795874 0.000000 1.739206
v -1.558725 0.000000 1.954579
v -1.295981 0.000000 2.137857
v -1.011958 0.000000 2.286031
v -0.711319 0.000000 2.396670
v -0.399000 0.000000 2.467954
v -0.080129 0.000000 2.498716
v 0.240058 0.000000 2.488448
v 0.556302 0.000000 2.437320
v 0.863413 0.000000 2.346171
v 1.156346 0.000000 2.216498
v 1.430292 0.000000 2.050431
v 1.680752 0.000000 1.850695
v 1.903615 0.000000 1.620571
v 2.095220 0.000000 1.363837
v 2.252422 0.000000 1.084709
v 2.372639 0.000000 0.787771
v 2.453898 0.000000 0.477897
v 2.494864 0.000000 0.160176
v 2.494864 0.000000 -0.160176
v 2.453898 0.000000 -0.477897
v 2.372639 0.000000 -0.787771
v 2.252422 0.000000 -1.084709
v 2.095220 0.000000 -1.363837
v 1.903615 0.000000 -1.620571
v 1.680752 0.000000 -1.850695
v 1.430292 0.000000 -2.050431
v 1.156346 0.000000 -2.216498
v 0.863413 0.000000 -2.346171
v 0.556302 0.000000 -2.437320
v 0.240058 0.000000 -2.488448
v -0.080129 0.000000 -2.498716
v -0.399000 0.000000 -2.467954
v -0.711319 0.000000 -2.396670
v -1.011958 0.000000 -2.286031
v -1.295981 0.000000 -2.137857
v -1.795874 0.000000 -1.739206
v -1.772902 0.000000 -1.762617
v -1.558725 0.000000 -1.954579
v -2.003534 0.000000 -1.495276
v -2.178297 0.000000 -1.226794
v -2.317292 0.000000 -0.938168
v -2.418237 0.000000 -0.634136
v -2.479475 0.000000 -0.319693
v -2.500000 0.000000 0.000000
v -1.762617 0.000000 1.772902
v 1.772902 0.000000 1.762617
v 1.762617 0.000000 1.772902
v 1.772902 0.000000 -1.762617
v 1.762617 0.000000 -1.772902
v -1.762617 0.000000 -1.772902
v 1.772902 0.050000 -1.762617
v 1.762617 0.050000 -1.772902
v 1.762617 0.050000 1.772902
v 1.772902 0.050000 1.762617
v -1.772902 0.050000 1.762617
v -1.762617 0.050000 1.772902
v -1.560188 0.247256 1.551137
v -1.551137 0.247256 1.560188
v 1.551137 0.247256 1.560188
v 1.560188 0.247256 1.551137
v 1.560188 0.247256 -1.551137
v 1.551137 0.247256 -1.560188
v -1.551137 0.247256 -1.560188
v -1.560188 0.247256 -1.551137
v -1.762617 0.050000 -1.772902
v -1.772902 0.050000 -1.762617
v -1.769668 0.000000 -1.779993
v -1.779993 0.000000 -1.769668
v -1.769668 0.055392 -1.779993
v -1.779993 0.055392 -1.769668
v -1.553248 0.257256 -1.562311
v -1.562311 0.257256 -1.553248
v 1.779993 0.000000 -1.769668
v 1.769668 0.000000 -1.779993
v 1.779993 0.055392 -1.769668
v 1.769668 0.055392 -1.779993
v 1.562311 0.257256 -1.553248
v 1.553248 0.257256 -1.562311
v 1.769668 0.000000 1.779993
v 1.779993 0.000000 1.769668
v 1.769668 0.055392 1.779993
v 1.779993 0.055392 1.769668
v 1.553248 0.257256 1.562311
v 1.562311 0.257256 1.553248
v -1.779993 0.000000 1.769668
v -1.769668 0.000000 1.779993
v -1.779993 0.055392 1.769668
v -1.769668 0.055392 1.779993
v -1.562311 0.257256 1.553248
v -1.553248 0.257256 1.562311
vt 0.998804 0.760329
vt 0.998376 0.426223
vt 0.998804 0.426223
vt 0.998376 0.760329
vt 0.761624 0.028302
vt 0.761624 0.500000
vt 0.397211 0.028302
vt 0.761624 0.971698
vt 0.397211 0.971698
vt 0.999987 0.028302
vt 0.999987 0.971698
vt 0.999558 0.971698
vt 0.999558 0.028302
vt 0.375346 0.500000
vt 0.375346 0.971698
vt 0.010932 0.971698
vt 0.010932 0.028302
vt 0.375346 0.028302
vt 0.997895 0.902049
vt 0.997803 0.430512
vt 0.997841 0.430481
vt 0.997871 0.430442
vt 0.997757 0.430534
vt 0.997889 0.430398
vt 0.997467 0.902049
vt 0.997707 0.430546
vt 0.997895 0.430351
vt 0.997655 0.430546
vt 0.997605 0.430534
vt 0.997559 0.430512
vt 0.997466 0.430351
vt 0.997473 0.430398
vt 0.997491 0.430442
vt 0.997520 0.430481
vt 0.998344 0.902005
vt 0.998350 0.430351
vt 0.998350 0.902049
vt 0.998329 0.901963
vt 0.998303 0.901926
vt 0.998269 0.901895
vt 0.998228 0.901872
vt 0.998183 0.901857
vt 0.998135 0.901852
vt 0.998088 0.901857
vt 0.997921 0.430351
vt 0.998042 0.901872
vt 0.998002 0.901895
vt 0.997921 0.902049
vt 0.997926 0.902005
vt 0.997942 0.901963
vt 0.997968 0.901926
vt 0.998830 0.760309
vt 0.999259 0.426222
vt 0.999259 0.760309
vt 0.998830 0.426222
vt 0.769509 0.797505
vt 0.769462 0.797495
vt 0.770463 0.793874
vt 0.769552 0.797525
vt 0.771429 0.794210
vt 0.772280 0.794748
vt 0.779122 0.802420
vt 0.779093 0.802459
vt 0.775769 0.800298
vt 0.776459 0.799592
vt 0.769589 0.797553
vt 0.772965 0.795457
vt 0.769619 0.797587
vt 0.773445 0.796296
vt 0.779161 0.802388
vt 0.777314 0.799059
vt 0.769639 0.797627
vt 0.773693 0.797216
vt 0.769650 0.797670
vt 0.773693 0.798164
vt 0.769649 0.797714
vt 0.779207 0.802367
vt 0.778282 0.798728
vt 0.779257 0.802356
vt 0.769638 0.797757
vt 0.773445 0.799084
vt 0.779309 0.798620
vt 0.771968 0.797718
vt 0.770968 0.793952
vt 0.771994 0.793951
vt 0.769617 0.797796
vt 0.772965 0.799923
vt 0.779309 0.802356
vt 0.772020 0.797718
vt 0.773020 0.793952
vt 0.769587 0.797830
vt 0.772280 0.800633
vt 0.779257 0.794652
vt 0.779309 0.798387
vt 0.778282 0.798279
vt 0.769549 0.797858
vt 0.771429 0.801171
vt 0.779309 0.794652
vt 0.779207 0.794641
vt 0.777314 0.797949
vt 0.769506 0.797876
vt 0.770463 0.801507
vt 0.779161 0.794619
vt 0.776459 0.797415
vt 0.769459 0.797886
vt 0.769437 0.801621
vt 0.779122 0.794588
vt 0.775769 0.796710
vt 0.778122 0.797694
vt 0.777606 0.793959
vt 0.778639 0.793959
vt 0.779093 0.794549
vt 0.775283 0.795874
vt 0.769411 0.797885
vt 0.771319 0.564427
vt 0.771836 0.568162
vt 0.770803 0.568162
vt 0.779074 0.794505
vt 0.779074 0.802503
vt 0.775283 0.801134
vt 0.772840 0.568162
vt 0.773755 0.568162
vt 0.773755 0.797694
vt 0.772840 0.797694
vt 0.771836 0.797694
vt 0.779047 0.793837
vt 0.778021 0.564329
vt 0.779047 0.564327
vt 0.778021 0.793838
vt 0.770803 0.797694
vt 0.780014 0.793832
vt 0.780014 0.564323
vt 0.769799 0.568162
vt 0.769799 0.797694
vt 0.780864 0.793824
vt 0.780864 0.564315
vt 0.768884 0.568162
vt 0.768884 0.797694
vt 0.775687 0.793959
vt 0.774913 0.564428
vt 0.775687 0.564428
vt 0.768110 0.568162
vt 0.768110 0.797694
vt 0.774913 0.793960
vt 0.776602 0.793959
vt 0.776602 0.564427
vt 0.776029 0.793832
vt 0.775178 0.564315
vt 0.776029 0.564323
vt 0.775178 0.793824
vt 0.776995 0.793837
vt 0.776995 0.564327
vt 0.777606 0.564427
vt 0.778639 0.564427
vt 0.779643 0.793959
vt 0.779643 0.564427
vt 0.780558 0.793959
vt 0.780558 0.564428
vt 0.781331 0.793960
vt 0.781331 0.564428
vt 0.770002 0.793955
vt 0.769151 0.564437
vt 0.770002 0.564432
vt 0.769151 0.793960
vt 0.770968 0.564429
vt 0.771994 0.564428
vt 0.773020 0.564429
vt 0.773987 0.793955
vt 0.773987 0.564432
vt 0.774837 0.793960
vt 0.774837 0.564437
vt 0.774528 0.568162
vt 0.774528 0.797694
vt 0.811493 0.429838
vt 0.847033 0.483648
vt 0.802240 0.436001
vt 0.847933 0.483183
vt 0.851214 0.490446
vt 0.887655 0.543791
vt 0.877465 0.548552
vt 0.866588 0.551792
vt 0.845444 0.487870
vt 0.782239 0.512387
vt 0.778705 0.502414
vt 0.776916 0.492058
vt 0.845840 0.488746
vt 0.920443 0.471215
vt 0.922232 0.481572
vt 0.853704 0.485759
vt 0.852115 0.489981
vt 0.896907 0.537628
vt 0.916909 0.461242
vt 0.853308 0.484884
vt 0.821683 0.425077
vt 0.845289 0.486933
vt 0.776916 0.481572
vt 0.832560 0.421837
vt 0.848929 0.482928
vt 0.852867 0.489331
vt 0.911717 0.521730
vt 0.904994 0.530213
vt 0.845382 0.485990
vt 0.778705 0.471215
vt 0.911717 0.451899
vt 0.904994 0.443416
vt 0.852696 0.484120
vt 0.853428 0.488535
vt 0.782239 0.461242
vt 0.843856 0.420197
vt 0.849962 0.482900
vt 0.916909 0.512387
vt 0.845719 0.485094
vt 0.855292 0.420197
vt 0.853766 0.487640
vt 0.896907 0.436001
vt 0.851902 0.483514
vt 0.866588 0.421837
vt 0.850972 0.483099
vt 0.887655 0.429838
vt 0.877465 0.425077
vt 0.848175 0.490530
vt 0.832560 0.551792
vt 0.821683 0.548552
vt 0.847246 0.490115
vt 0.811493 0.543791
vt 0.802240 0.537628
vt 0.787431 0.451899
vt 0.846280 0.484298
vt 0.920443 0.502414
vt 0.849186 0.490729
vt 0.855292 0.553432
vt 0.843856 0.553432
vt 0.846452 0.489509
vt 0.794153 0.530213
vt 0.794153 0.443416
vt 0.922232 0.492057
vt 0.853859 0.486696
vt 0.850219 0.490701
vt 0.787431 0.521730
vt 0.811209 0.567568
vt 0.803424 0.571790
vt 0.803425 0.570897
vt 0.803425 0.570017
vt 0.803425 0.569152
vt 0.803425 0.568301
vt 0.803425 0.567464
vt 0.802949 0.661964
vt 0.795164 0.661860
vt 0.795156 0.661019
vt 0.795148 0.660164
vt 0.795141 0.659295
vt 0.795133 0.658412
vt 0.811208 0.575540
vt 0.819462 0.584381
vt 0.819462 0.594069
vt 0.811677 0.589214
vt 0.811678 0.588131
vt 0.811678 0.587056
vt 0.811678 0.585990
vt 0.811678 0.584932
vt 0.811678 0.583884
vt 0.811678 0.582845
vt 0.811678 0.581816
vt 0.811678 0.580798
vt 0.811678 0.579790
vt 0.786405 0.615042
vt 0.794189 0.615042
vt 0.794189 0.616218
vt 0.794190 0.617393
vt 0.794190 0.618568
vt 0.794191 0.619742
vt 0.802883 0.653990
vt 0.795126 0.657516
vt 0.795119 0.656606
vt 0.795111 0.655683
vt 0.795105 0.654748
vt 0.795098 0.653800
vt 0.795091 0.652840
vt 0.795085 0.651868
vt 0.795079 0.650885
vt 0.795072 0.649891
vt 0.819463 0.575439
vt 0.811678 0.576831
vt 0.811679 0.575868
vt 0.811679 0.574917
vt 0.811679 0.573978
vt 0.811679 0.573052
vt 0.811679 0.572139
vt 0.811679 0.571239
vt 0.811678 0.578792
vt 0.811678 0.577806
vt 0.786418 0.625495
vt 0.794193 0.620915
vt 0.794195 0.622085
vt 0.794197 0.623254
vt 0.794199 0.624419
vt 0.794202 0.625582
vt 0.794205 0.626742
vt 0.794208 0.627898
vt 0.794212 0.629050
vt 0.794216 0.630198
vt 0.802830 0.645050
vt 0.819464 0.567464
vt 0.811679 0.570353
vt 0.811679 0.569480
vt 0.795067 0.648885
vt 0.811679 0.568621
vt 0.795061 0.647869
vt 0.811680 0.567777
vt 0.795055 0.646843
vt 0.786705 0.567790
vt 0.794494 0.567479
vt 0.794481 0.568313
vt 0.795050 0.645807
vt 0.794469 0.569161
vt 0.795045 0.644761
vt 0.794456 0.570023
vt 0.795040 0.643706
vt 0.795035 0.642642
vt 0.794444 0.570899
vt 0.795030 0.641569
vt 0.794432 0.571789
vt 0.795026 0.640488
vt 0.786455 0.635691
vt 0.794220 0.631341
vt 0.794224 0.632479
vt 0.794229 0.633612
vt 0.794234 0.634738
vt 0.794240 0.635859
vt 0.794246 0.636973
vt 0.794252 0.638081
vt 0.794258 0.639181
vt 0.794265 0.640274
vt 0.786601 0.575764
vt 0.794421 0.572692
vt 0.794410 0.573608
vt 0.794399 0.574537
vt 0.794388 0.575479
vt 0.794377 0.576433
vt 0.794367 0.577399
vt 0.794357 0.578376
vt 0.794347 0.579365
vt 0.794338 0.580365
vt 0.802791 0.635362
vt 0.795021 0.639399
vt 0.795017 0.638303
vt 0.795013 0.637199
vt 0.795010 0.636088
vt 0.795006 0.634970
vt 0.795003 0.633846
vt 0.794999 0.632717
vt 0.794997 0.631581
vt 0.794994 0.630441
vt 0.786517 0.584704
vt 0.794328 0.581375
vt 0.794319 0.582397
vt 0.794311 0.583428
vt 0.794302 0.584469
vt 0.794294 0.585519
vt 0.794286 0.586579
vt 0.786517 0.645379
vt 0.794272 0.641359
vt 0.794279 0.642436
vt 0.794279 0.587647
vt 0.794286 0.643505
vt 0.794272 0.588724
vt 0.794294 0.644564
vt 0.794265 0.589809
vt 0.794302 0.645615
vt 0.794311 0.646656
vt 0.794319 0.647687
vt 0.794328 0.648708
vt 0.794338 0.649719
vt 0.802768 0.625166
vt 0.794991 0.629295
vt 0.794989 0.628145
vt 0.794987 0.626991
vt 0.794985 0.625833
vt 0.794983 0.624672
vt 0.794981 0.623507
vt 0.794980 0.622340
vt 0.794979 0.621171
vt 0.794978 0.619999
vt 0.786455 0.594392
vt 0.794258 0.590902
vt 0.794252 0.592003
vt 0.794246 0.593110
vt 0.794240 0.594224
vt 0.794234 0.595345
vt 0.794229 0.596472
vt 0.794224 0.597605
vt 0.794220 0.598742
vt 0.794216 0.599886
vt 0.786601 0.654320
vt 0.794347 0.650719
vt 0.794357 0.651707
vt 0.794367 0.652685
vt 0.794377 0.653651
vt 0.794388 0.654605
vt 0.794399 0.655546
vt 0.794410 0.656475
vt 0.794421 0.657392
vt 0.794432 0.658295
vt 0.802760 0.614712
vt 0.794977 0.618826
vt 0.794976 0.617652
vt 0.794976 0.616476
vt 0.794976 0.615300
vt 0.786418 0.604588
vt 0.794212 0.601033
vt 0.794976 0.614124
vt 0.794208 0.602185
vt 0.794976 0.612948
vt 0.794205 0.603341
vt 0.794976 0.611773
vt 0.794202 0.604501
vt 0.794977 0.610599
vt 0.794199 0.605664
vt 0.794197 0.606830
vt 0.794978 0.609425
vt 0.794195 0.607998
vt 0.794193 0.609169
vt 0.794191 0.610341
vt 0.794190 0.611515
vt 0.794190 0.612690
vt 0.794189 0.613866
vt 0.786705 0.662293
vt 0.794444 0.659185
vt 0.802768 0.604259
vt 0.794456 0.660061
vt 0.794979 0.608254
vt 0.794469 0.660923
vt 0.794980 0.607084
vt 0.794481 0.661771
vt 0.794981 0.605917
vt 0.794494 0.662604
vt 0.794983 0.604753
vt 0.811209 0.662071
vt 0.803425 0.661758
vt 0.803425 0.660913
vt 0.794985 0.603591
vt 0.803425 0.660055
vt 0.794987 0.602433
vt 0.803425 0.659182
vt 0.794989 0.601279
vt 0.803425 0.658295
vt 0.794991 0.600129
vt 0.794994 0.598984
vt 0.802791 0.594063
vt 0.811208 0.654096
vt 0.794997 0.597843
vt 0.803424 0.657395
vt 0.794999 0.596708
vt 0.803424 0.656482
vt 0.795003 0.595578
vt 0.803424 0.655556
vt 0.795006 0.594454
vt 0.803424 0.654617
vt 0.795010 0.593337
vt 0.803424 0.653666
vt 0.795013 0.592226
vt 0.803424 0.652703
vt 0.795017 0.591122
vt 0.803424 0.651729
vt 0.795021 0.590025
vt 0.803424 0.650742
vt 0.795026 0.588936
vt 0.803424 0.649745
vt 0.802830 0.584375
vt 0.795030 0.587855
vt 0.795035 0.586783
vt 0.795040 0.585719
vt 0.795045 0.584663
vt 0.795050 0.583618
vt 0.795055 0.582581
vt 0.795061 0.581555
vt 0.795067 0.580539
vt 0.795072 0.579534
vt 0.811208 0.645154
vt 0.803423 0.648737
vt 0.803423 0.647718
vt 0.803423 0.646689
vt 0.803423 0.645651
vt 0.803423 0.644603
vt 0.803423 0.643545
vt 0.803423 0.642479
vt 0.803423 0.641404
vt 0.803423 0.640321
vt 0.802883 0.575434
vt 0.795079 0.578540
vt 0.795085 0.577556
vt 0.795091 0.576585
vt 0.795098 0.575625
vt 0.795105 0.574677
vt 0.795111 0.573741
vt 0.795119 0.572819
vt 0.795126 0.571909
vt 0.795133 0.571013
vt 0.811207 0.635465
vt 0.803423 0.639230
vt 0.803423 0.638131
vt 0.803423 0.637025
vt 0.803423 0.635912
vt 0.803423 0.634793
vt 0.803423 0.633668
vt 0.803422 0.632536
vt 0.803422 0.631400
vt 0.803422 0.630258
vt 0.802949 0.567461
vt 0.795141 0.570130
vt 0.795148 0.569260
vt 0.795156 0.568405
vt 0.795164 0.567565
vt 0.819464 0.661967
vt 0.811680 0.662071
vt 0.811680 0.661234
vt 0.811679 0.660383
vt 0.811679 0.659517
vt 0.811679 0.658638
vt 0.811679 0.657745
vt 0.811207 0.625269
vt 0.803422 0.629111
vt 0.803422 0.627960
vt 0.803422 0.626805
vt 0.803422 0.625646
vt 0.803422 0.624484
vt 0.803422 0.623319
vt 0.803422 0.622151
vt 0.803422 0.620981
vt 0.803422 0.619809
vt 0.819463 0.653995
vt 0.811679 0.656839
vt 0.811679 0.655919
vt 0.811679 0.654987
vt 0.811679 0.654042
vt 0.811679 0.653086
vt 0.811678 0.652117
vt 0.811678 0.651137
vt 0.811678 0.650145
vt 0.811678 0.649143
vt 0.811207 0.614815
vt 0.803422 0.618635
vt 0.803422 0.617461
vt 0.803422 0.616285
vt 0.803422 0.615109
vt 0.803422 0.613933
vt 0.803422 0.612757
vt 0.803422 0.611582
vt 0.819462 0.645055
vt 0.803422 0.610408
vt 0.803422 0.609235
vt 0.811678 0.648130
vt 0.811678 0.647106
vt 0.811678 0.646073
vt 0.811678 0.645029
vt 0.811678 0.643977
vt 0.811678 0.642915
vt 0.811678 0.641844
vt 0.811677 0.640765
vt 0.811207 0.604362
vt 0.803422 0.602248
vt 0.803422 0.601094
vt 0.819462 0.635369
vt 0.803422 0.599946
vt 0.811677 0.639678
vt 0.803422 0.598801
vt 0.811677 0.638584
vt 0.811677 0.637482
vt 0.811677 0.636373
vt 0.811677 0.635257
vt 0.811677 0.634134
vt 0.811677 0.633006
vt 0.811677 0.631872
vt 0.811677 0.630733
vt 0.803422 0.608064
vt 0.803422 0.606895
vt 0.803422 0.605729
vt 0.803422 0.604565
vt 0.803422 0.603405
vt 0.819461 0.625173
vt 0.811677 0.629589
vt 0.811677 0.628440
vt 0.811677 0.627287
vt 0.811677 0.626130
vt 0.811677 0.624970
vt 0.811677 0.623806
vt 0.811207 0.594166
vt 0.803422 0.597662
vt 0.803422 0.596528
vt 0.811677 0.622639
vt 0.803423 0.595400
vt 0.811677 0.621471
vt 0.803423 0.594278
vt 0.811677 0.620299
vt 0.803423 0.593162
vt 0.803423 0.592053
vt 0.803423 0.590951
vt 0.803423 0.589856
vt 0.803423 0.588769
vt 0.819461 0.614720
vt 0.811677 0.619127
vt 0.811677 0.617953
vt 0.811677 0.616777
vt 0.811677 0.615602
vt 0.811677 0.614426
vt 0.811677 0.613250
vt 0.811677 0.612074
vt 0.811677 0.610899
vt 0.811677 0.609726
vt 0.811208 0.584479
vt 0.803423 0.587690
vt 0.803423 0.586620
vt 0.803423 0.585558
vt 0.803423 0.584505
vt 0.803423 0.583462
vt 0.803423 0.582429
vt 0.803423 0.581405
vt 0.803424 0.580392
vt 0.819461 0.604266
vt 0.811677 0.608554
vt 0.811677 0.607384
vt 0.811677 0.606216
vt 0.811677 0.605051
vt 0.811677 0.603888
vt 0.811677 0.602730
vt 0.811677 0.601574
vt 0.811677 0.600423
vt 0.811677 0.599277
vt 0.803424 0.579389
vt 0.803424 0.578398
vt 0.803424 0.577418
vt 0.803424 0.576449
vt 0.803424 0.575492
vt 0.803424 0.574548
vt 0.803424 0.573615
vt 0.803424 0.572696
vt 0.811677 0.598135
vt 0.811677 0.596998
vt 0.811677 0.595867
vt 0.811677 0.594741
vt 0.811677 0.593622
vt 0.811677 0.592510
vt 0.811677 0.591404
vt 0.811677 0.590305
vt 0.897365 0.378245
vt 0.901512 0.397538
vt 0.900080 0.397748
vt 0.896096 0.378419
vt 0.863166 0.375730
vt 0.864388 0.376087
vt 0.856899 0.394529
vt 0.855523 0.394110
vt 0.935926 0.360871
vt 0.951302 0.374586
vt 0.950248 0.375500
vt 0.976337 0.287602
vt 0.956047 0.294016
vt 0.955686 0.292888
vt 0.976739 0.288880
vt 0.800437 0.275723
vt 0.819879 0.284001
vt 0.799834 0.276933
vt 0.944249 0.244283
vt 0.945382 0.245114
vt 0.931670 0.260223
vt 0.828119 0.352942
vt 0.828909 0.353868
vt 0.811310 0.365141
vt 0.810432 0.364083
vt 0.936851 0.360057
vt 0.975913 0.286331
vt 0.955304 0.291765
vt 0.801060 0.274521
vt 0.820432 0.282939
vt 0.930664 0.259493
vt 0.952340 0.373657
vt 0.840333 0.236548
vt 0.850940 0.253629
vt 0.849820 0.254203
vt 0.898630 0.378050
vt 0.975467 0.285065
vt 0.902941 0.397309
vt 0.954900 0.290649
vt 0.827347 0.352003
vt 0.801703 0.273328
vt 0.821004 0.281887
vt 0.861951 0.375353
vt 0.809571 0.363012
vt 0.937761 0.359228
vt 0.854153 0.393671
vt 0.839068 0.237200
vt 0.953362 0.372713
vt 0.826593 0.351051
vt 0.808729 0.361930
vt 0.975001 0.283805
vt 0.954475 0.289539
vt 0.802366 0.272145
vt 0.821597 0.280844
vt 0.943102 0.243469
vt 0.938655 0.358384
vt 0.929645 0.258780
vt 0.841608 0.235914
vt 0.852071 0.253074
vt 0.954368 0.371755
vt 0.899891 0.377835
vt 0.825857 0.350088
vt 0.807905 0.360835
vt 0.974513 0.282553
vt 0.954028 0.288437
vt 0.803049 0.270971
vt 0.822210 0.279811
vt 0.904366 0.397059
vt 0.860743 0.374956
vt 0.939532 0.357526
vt 0.852791 0.393213
vt 0.956332 0.369797
vt 0.955358 0.370783
vt 0.974004 0.281307
vt 0.953560 0.287342
vt 0.803752 0.269806
vt 0.822842 0.278788
vt 0.825140 0.349113
vt 0.807099 0.359729
vt 0.941941 0.242671
vt 0.940393 0.356654
vt 0.928611 0.258082
vt 0.842894 0.235297
vt 0.853212 0.252537
vt 0.973475 0.280069
vt 0.957289 0.368798
vt 0.804474 0.268652
vt 0.823494 0.277775
vt 0.901148 0.377600
vt 0.824442 0.348126
vt 0.806312 0.358612
vt 0.805543 0.357484
vt 0.905786 0.396789
vt 0.859544 0.374540
vt 0.829389 0.270083
vt 0.828588 0.271002
vt 0.828659 0.270916
vt 0.851437 0.392737
vt 0.941237 0.355769
vt 0.958229 0.367785
vt 0.972925 0.278838
vt 0.953072 0.286254
vt 0.805215 0.267508
vt 0.824166 0.276773
vt 0.823763 0.347128
vt 0.804794 0.356345
vt 0.940768 0.241890
vt 0.830207 0.269177
vt 0.829455 0.270005
vt 0.927565 0.257402
vt 0.844191 0.234699
vt 0.854363 0.252018
vt 0.942064 0.354870
vt 0.902400 0.377344
vt 0.908612 0.396189
vt 0.907202 0.396499
vt 0.831042 0.268284
vt 0.830267 0.269108
vt 0.858352 0.374104
vt 0.959152 0.366759
vt 0.823103 0.346120
vt 0.804064 0.355196
vt 0.850091 0.392241
vt 0.972354 0.277616
vt 0.952562 0.285175
vt 0.805975 0.266375
vt 0.942873 0.353957
vt 0.960057 0.365720
vt 0.831895 0.267406
vt 0.831097 0.268224
vt 0.822463 0.345101
vt 0.803353 0.354036
vt 0.939581 0.241125
vt 0.926506 0.256739
vt 0.845497 0.234120
vt 0.855524 0.251518
vt 0.903647 0.377068
vt 0.971763 0.276401
vt 0.952032 0.284104
vt 0.943665 0.353032
vt 0.960945 0.364668
vt 0.806755 0.265252
vt 0.910018 0.395859
vt 0.824856 0.275782
vt 0.821842 0.344072
vt 0.802662 0.352867
vt 0.857169 0.373650
vt 0.848754 0.391726
vt 0.847425 0.391192
vt 0.832764 0.266541
vt 0.831943 0.267353
vt 0.938382 0.240377
vt 0.944439 0.352094
vt 0.971152 0.275195
vt 0.961816 0.363604
vt 0.951482 0.283041
vt 0.821241 0.343033
vt 0.904888 0.376772
vt 0.801991 0.351688
vt 0.807553 0.264141
vt 0.825566 0.274802
vt 0.846813 0.233559
vt 0.856694 0.251037
vt 0.945194 0.351144
vt 0.911417 0.395510
vt 0.963503 0.361440
vt 0.962668 0.362528
vt 0.833649 0.265690
vt 0.832806 0.266496
vt 0.855995 0.373176
vt 0.846105 0.390640
vt 0.820660 0.341984
vt 0.801339 0.350500
vt 0.834551 0.264853
vt 0.833685 0.265653
vt 0.937170 0.239645
vt 0.970520 0.273998
vt 0.950911 0.281988
vt 0.945932 0.350181
vt 0.964319 0.360341
vt 0.808369 0.263041
vt 0.826294 0.273834
vt 0.820100 0.340926
vt 0.800708 0.349303
vt 0.800096 0.348097
vt 0.925434 0.256093
vt 0.906124 0.376456
vt 0.912811 0.395140
vt 0.848138 0.233016
vt 0.946651 0.349207
vt 0.835469 0.264032
vt 0.834580 0.264824
vt 0.835491 0.264010
vt 0.854830 0.372684
vt 0.844795 0.390069
vt 0.965116 0.359230
vt 0.819559 0.339860
vt 0.799505 0.346882
vt 0.935946 0.238931
vt 0.969868 0.272810
vt 0.950320 0.280944
vt 0.809204 0.261953
vt 0.827041 0.272877
vt 0.947351 0.348222
vt 0.965895 0.358107
vt 0.819040 0.338784
vt 0.798934 0.345659
vt 0.924350 0.255464
vt 0.836402 0.263225
vt 0.849472 0.232492
vt 0.857874 0.250574
vt 0.907353 0.376121
vt 0.914198 0.394751
vt 0.836417 0.263210
vt 0.948032 0.347225
vt 0.853675 0.372173
vt 0.843495 0.389480
vt 0.966654 0.356974
vt 0.969197 0.271631
vt 0.949709 0.279910
vt 0.818541 0.337701
vt 0.798384 0.344429
vt 0.934710 0.238235
vt 0.810057 0.260876
vt 0.827805 0.271933
vt 0.948693 0.346218
vt 0.967395 0.355831
vt 0.837351 0.262433
vt 0.908576 0.375765
vt 0.837358 0.262425
vt 0.818063 0.336610
vt 0.797855 0.343190
vt 0.915578 0.394343
vt 0.923254 0.254853
vt 0.850815 0.231988
vt 0.859062 0.250131
vt 0.852530 0.371643
vt 0.842204 0.388873
vt 0.949336 0.345200
vt 0.968506 0.270461
vt 0.968116 0.354677
vt 0.810928 0.259812
vt 0.817605 0.335511
vt 0.797346 0.341945
vt 0.933463 0.237556
vt 0.838315 0.261657
vt 0.949958 0.344171
vt 0.909791 0.375390
vt 0.838313 0.261656
vt 0.969501 0.352339
vt 0.968818 0.353513
vt 0.916952 0.393915
vt 0.839284 0.260901
vt 0.922147 0.254259
vt 0.817170 0.334405
vt 0.796859 0.340692
vt 0.852166 0.231502
vt 0.860258 0.249707
vt 0.851395 0.371095
vt 0.839293 0.260897
vt 0.840924 0.388247
vt 0.950561 0.343133
vt 0.967795 0.269302
vt 0.970163 0.351156
vt 0.816755 0.333292
vt 0.796392 0.339433
vt 0.795947 0.338167
vt 0.949079 0.278886
vt 0.811817 0.258760
vt 0.932205 0.236894
vt 0.951144 0.342086
vt 0.970806 0.349964
vt 0.911000 0.374995
vt 0.919677 0.393002
vt 0.918318 0.393468
vt 0.816362 0.332172
vt 0.795523 0.336895
vt 0.840268 0.260163
vt 0.840286 0.260152
vt 0.921028 0.253684
vt 0.853525 0.231035
vt 0.861463 0.249303
vt 0.850271 0.370528
vt 0.839655 0.387603
vt 0.967065 0.268153
vt 0.948429 0.277872
vt 0.951707 0.341029
vt 0.971428 0.348763
vt 0.841267 0.259440
vt 0.815990 0.331046
vt 0.795120 0.335618
vt 0.841293 0.259424
vt 0.930935 0.236251
vt 0.952249 0.339963
vt 0.972031 0.347553
vt 0.842278 0.258734
vt 0.842314 0.258712
vt 0.815640 0.329915
vt 0.794739 0.334334
vt 0.912200 0.374581
vt 0.921027 0.392517
vt 0.966316 0.267014
vt 0.947759 0.276869
vt 0.919898 0.253127
vt 0.854892 0.230587
vt 0.849158 0.369944
vt 0.952770 0.338888
vt 0.862675 0.248918
vt 0.838396 0.386942
vt 0.837149 0.386263
vt 0.972613 0.346335
vt 0.843348 0.258016
vt 0.843304 0.258043
vt 0.879463 0.378809
vt 0.878188 0.398435
vt 0.876743 0.398316
vt 0.879947 0.378849
vt 0.880793 0.378908
vt 0.880370 0.378880
vt 0.815312 0.328778
vt 0.794379 0.333046
vt 0.965548 0.265886
vt 0.929655 0.235625
vt 0.947070 0.275877
vt 0.953271 0.337806
vt 0.973174 0.345108
vt 0.844396 0.257337
vt 0.844342 0.257369
vt 0.913393 0.374147
vt 0.922369 0.392012
vt 0.815006 0.327636
vt 0.794041 0.331753
vt 0.918758 0.252588
vt 0.856266 0.230159
vt 0.863894 0.248552
vt 0.953752 0.336715
vt 0.974235 0.342633
vt 0.973715 0.343874
vt 0.964761 0.264768
vt 0.946363 0.274896
vt 0.848056 0.369342
vt 0.835913 0.385566
vt 0.814721 0.326489
vt 0.793725 0.330455
vt 0.845456 0.256676
vt 0.845393 0.256712
vt 0.928365 0.235018
vt 0.954211 0.335617
vt 0.974734 0.341384
vt 0.846529 0.256031
vt 0.846456 0.256072
vt 0.882021 0.378977
vt 0.881216 0.378935
vt 0.814459 0.325338
vt 0.793430 0.329152
vt 0.879829 0.398546
vt 0.793158 0.327846
vt 0.881278 0.398622
vt 0.878186 0.378695
vt 0.875300 0.398176
vt 0.954649 0.334512
vt 0.857647 0.229750
vt 0.914576 0.373694
vt 0.923703 0.391489
vt 0.865120 0.248207
vt 0.975213 0.340128
vt 0.814219 0.324183
vt 0.963955 0.263663
vt 0.945637 0.273927
vt 0.792907 0.326536
vt 0.846966 0.368722
vt 0.834689 0.384852
vt 0.955065 0.333399
vt 0.847615 0.255404
vt 0.847532 0.255449
vt 0.927064 0.234428
vt 0.975670 0.338866
vt 0.814001 0.323024
vt 0.792678 0.325223
vt 0.963131 0.262568
vt 0.955461 0.332280
vt 0.944892 0.272969
vt 0.915751 0.373223
vt 0.925028 0.390947
vt 0.976105 0.337597
vt 0.917608 0.252067
vt 0.848712 0.254795
vt 0.848619 0.254843
vt 0.813805 0.321861
vt 0.792472 0.323906
vt 0.955834 0.331155
vt 0.845888 0.368084
vt 0.833478 0.384121
vt 0.976520 0.336323
vt 0.849717 0.254255
vt 0.859034 0.229361
vt 0.883303 0.379029
vt 0.882727 0.398677
vt 0.813632 0.320696
vt 0.792287 0.322587
vt 0.925754 0.233858
vt 0.876912 0.378559
vt 0.873860 0.398016
vt 0.956186 0.330025
vt 0.962288 0.261485
vt 0.976913 0.335043
vt 0.813481 0.319528
vt 0.792125 0.321265
vt 0.916448 0.251565
vt 0.860429 0.228992
vt 0.866353 0.247881
vt 0.916917 0.372732
vt 0.926343 0.390386
vt 0.956517 0.328888
vt 0.977635 0.332466
vt 0.977285 0.333757
vt 0.844822 0.367429
vt 0.832278 0.383373
vt 0.813352 0.318358
vt 0.791985 0.319942
vt 0.961428 0.260415
vt 0.944129 0.272024
vt 0.956825 0.327747
vt 0.924435 0.233305
vt 0.977963 0.331171
vt 0.813246 0.317186
vt 0.791867 0.318616
vt 0.791771 0.317289
vt 0.960549 0.259356
vt 0.915278 0.251082
vt 0.957112 0.326600
vt 0.978269 0.329871
vt 0.861829 0.228642
vt 0.867591 0.247575
vt 0.918073 0.372223
vt 0.927649 0.389807
vt 0.943347 0.271091
vt 0.884585 0.379061
vt 0.885627 0.398726
vt 0.884177 0.398712
vt 0.813163 0.316012
vt 0.791698 0.315961
vt 0.843769 0.366758
vt 0.875640 0.378403
vt 0.872423 0.397836
vt 0.831092 0.382608
vt 0.957376 0.325449
vt 0.978554 0.328567
vt 0.923106 0.232772
vt 0.813102 0.314838
vt 0.791647 0.314631
vt 0.957618 0.324294
vt 0.978817 0.327259
vt 0.914100 0.250618
vt 0.959653 0.258310
vt 0.942549 0.270171
vt 0.813063 0.313662
vt 0.791618 0.313302
vt 0.863235 0.228312
vt 0.868835 0.247289
vt 0.919220 0.371695
vt 0.930231 0.388594
vt 0.928945 0.389210
vt 0.957839 0.323136
vt 0.979058 0.325947
vt 0.813047 0.312486
vt 0.791611 0.311972
vt 0.921768 0.232257
vt 0.958036 0.321974
vt 0.842730 0.366069
vt 0.829918 0.381827
vt 0.979276 0.324633
vt 0.958740 0.257277
vt 0.941732 0.269264
vt 0.813054 0.311310
vt 0.791627 0.310642
vt 0.885868 0.379073
vt 0.887078 0.398720
vt 0.958212 0.320809
vt 0.912912 0.250173
vt 0.864646 0.228001
vt 0.870085 0.247023
vt 0.874372 0.378227
vt 0.870989 0.397635
vt 0.979473 0.323315
vt 0.869559 0.397414
vt 0.979648 0.321995
vt 0.813084 0.310134
vt 0.920355 0.371148
vt 0.931506 0.387960
vt 0.791665 0.309312
vt 0.958365 0.319641
vt 0.979800 0.320672
vt 0.920422 0.231761
vt 0.841703 0.365363
vt 0.828758 0.381029
vt 0.827611 0.380214
vt 0.957809 0.256257
vt 0.940898 0.268370
vt 0.813135 0.308959
vt 0.791726 0.307984
vt 0.958496 0.318471
vt 0.911717 0.249747
vt 0.866062 0.227711
vt 0.871339 0.246778
vt 0.979930 0.319347
vt 0.813198 0.307927
vt 0.791808 0.306656
vt 0.958568 0.317734
vt 0.813210 0.307785
vt 0.921481 0.370584
vt 0.932770 0.387309
vt 0.958604 0.317299
vt 0.919068 0.231284
vt 0.956861 0.255250
vt 0.940048 0.267490
vt 0.958602 0.317347
vt 0.840691 0.364641
vt 0.887150 0.379063
vt 0.888528 0.398694
vt 0.826478 0.379384
vt 0.813257 0.307151
vt 0.813226 0.307539
vt 0.958633 0.316959
vt 0.910513 0.249341
vt 0.867483 0.227441
vt 0.873108 0.378030
vt 0.868132 0.397173
vt 0.872598 0.246552
vt 0.958662 0.316571
vt 0.813307 0.306612
vt 0.813291 0.306764
vt 0.922595 0.370001
vt 0.934024 0.386639
vt 0.791929 0.305150
vt 0.917706 0.230827
vt 0.958690 0.316126
vt 0.980051 0.317842
vt 0.868908 0.227191
vt 0.873861 0.246347
vt 0.980134 0.316514
vt 0.839692 0.363903
vt 0.792059 0.303825
vt 0.813426 0.305441
vt 0.825358 0.378538
vt 0.955897 0.254257
vt 0.958753 0.314951
vt 0.916337 0.230388
vt 0.980194 0.315185
vt 0.958793 0.313776
vt 0.923698 0.369400
vt 0.935266 0.385953
vt 0.792212 0.302502
vt 0.813568 0.304273
vt 0.888433 0.379033
vt 0.889978 0.398647
vt 0.909302 0.248954
vt 0.871847 0.377813
vt 0.866710 0.396912
vt 0.980232 0.313856
vt 0.958811 0.312600
vt 0.954916 0.253277
vt 0.939180 0.266623
vt 0.838708 0.363149
vt 0.824254 0.377676
vt 0.792387 0.301181
vt 0.813732 0.303106
vt 0.870338 0.226961
vt 0.980248 0.312526
vt 0.958807 0.311424
vt 0.914960 0.229969
vt 0.792583 0.299863
vt 0.813919 0.301943
vt 0.924789 0.368782
vt 0.936496 0.385248
vt 0.908083 0.248587
vt 0.871771 0.226751
vt 0.875128 0.246163
vt 0.889714 0.378983
vt 0.980241 0.311196
vt 0.792802 0.298547
vt 0.814128 0.300782
vt 0.837738 0.362379
vt 0.823164 0.376798
vt 0.953919 0.252311
vt 0.938296 0.265771
vt 0.980213 0.309866
vt 0.958780 0.310248
vt 0.793043 0.297235
vt 0.913577 0.229569
vt 0.906858 0.248239
vt 0.891427 0.398580
vt 0.814359 0.299625
vt 0.873207 0.226561
vt 0.876398 0.245999
vt 0.870591 0.377576
vt 0.865292 0.396631
vt 0.925868 0.368146
vt 0.937715 0.384526
vt 0.980161 0.308537
vt 0.958730 0.309073
vt 0.793306 0.295927
vt 0.836783 0.361594
vt 0.912187 0.229189
vt 0.905626 0.247911
vt 0.874647 0.226392
vt 0.877672 0.245855
vt 0.822088 0.375906
vt 0.952905 0.251360
vt 0.937396 0.264933
vt 0.980088 0.307209
vt 0.958658 0.307898
vt 0.793591 0.294622
vt 0.814613 0.298472
vt 0.890995 0.378911
vt 0.926935 0.367493
vt 0.940115 0.383032
vt 0.938921 0.383788
vt 0.910790 0.228829
vt 0.904388 0.247604
vt 0.876089 0.226243
vt 0.979992 0.305882
vt 0.878947 0.245732
vt 0.958563 0.306725
vt 0.793898 0.293322
vt 0.814888 0.297324
vt 0.892874 0.398492
vt 0.835844 0.360793
vt 0.821028 0.374998
vt 0.869339 0.377318
vt 0.863879 0.396330
vt 0.909388 0.228488
vt 0.903144 0.247316
vt 0.979874 0.304556
vt 0.877533 0.226114
vt 0.880225 0.245630
vt 0.958446 0.305554
vt 0.927989 0.366823
vt 0.941296 0.382260
vt 0.794226 0.292026
vt 0.815186 0.296180
vt 0.951876 0.250422
vt 0.936480 0.264110
vt 0.979734 0.303232
vt 0.958306 0.304385
vt 0.907980 0.228167
vt 0.901895 0.247048
vt 0.794576 0.290734
vt 0.815505 0.295041
vt 0.878979 0.226006
vt 0.881505 0.245548
vt 0.834920 0.359978
vt 0.819983 0.374075
vt 0.818954 0.373138
vt 0.929030 0.366136
vt 0.979572 0.301911
vt 0.958144 0.303219
vt 0.942464 0.381471
vt 0.794948 0.289448
vt 0.815846 0.293907
vt 0.906567 0.227866
vt 0.880427 0.225918
vt 0.882786 0.245487
vt 0.892273 0.378819
vt 0.894320 0.398384
vt 0.868093 0.377041
vt 0.862471 0.396009
vt 0.905150 0.227585
vt 0.900641 0.246800
vt 0.834011 0.359147
vt 0.979388 0.300592
vt 0.881877 0.225851
vt 0.795342 0.288167
vt 0.816209 0.292779
vt 0.817941 0.372187
vt 0.903727 0.227324
vt 0.930058 0.365432
vt 0.943618 0.380665
vt 0.893550 0.378706
vt 0.899383 0.246573
vt 0.883327 0.225804
vt 0.979181 0.299275
vt 0.957959 0.302055
vt 0.884068 0.245447
vt 0.795757 0.286892
vt 0.816594 0.291657
vt 0.891912 0.245649
vt 0.893035 0.245743
vt 0.891758 0.245639
vt 0.833119 0.358302
vt 0.902301 0.227083
vt 0.891067 0.245589
vt 0.890478 0.245555
vt 0.890644 0.245563
vt 0.816943 0.371221
vt 0.898120 0.246366
vt 0.891490 0.245618
vt 0.950831 0.249500
vt 0.935548 0.263302
vt 0.884778 0.225777
vt 0.885350 0.245427
vt 0.897205 0.398107
vt 0.895764 0.398255
vt 0.978952 0.297962
vt 0.957752 0.300894
vt 0.931072 0.364712
vt 0.944759 0.379844
vt 0.900870 0.226863
vt 0.866852 0.376743
vt 0.796193 0.285623
vt 0.861069 0.395669
vt 0.896854 0.246180
vt 0.886229 0.225771
vt 0.886633 0.245428
vt 0.949771 0.248592
vt 0.934601 0.262509
vt 0.899436 0.226662
vt 0.832243 0.357443
vt 0.895584 0.246014
vt 0.815962 0.370241
vt 0.978702 0.296652
vt 0.957523 0.299737
vt 0.887680 0.225786
vt 0.887915 0.245450
vt 0.796650 0.284361
vt 0.817000 0.290541
vt 0.932072 0.363975
vt 0.945885 0.379006
vt 0.897999 0.226482
vt 0.894311 0.245868
vt 0.948696 0.247699
vt 0.933638 0.261731
vt 0.889131 0.225821
vt 0.978429 0.295345
vt 0.957272 0.298584
vt 0.889197 0.245492
vt 0.894825 0.378573
vt 0.797129 0.283104
vt 0.817427 0.289432
vt 0.896559 0.226322
vt 0.898644 0.397938
vt 0.890581 0.225876
vt 0.831384 0.356570
vt 0.865617 0.376425
vt 0.859673 0.395308
vt 0.858283 0.394928
vt 0.814998 0.369248
vt 0.895116 0.226182
vt 0.978135 0.294043
vt 0.933057 0.363223
vt 0.946998 0.378153
vt 0.947606 0.246822
vt 0.956999 0.297434
vt 0.797628 0.281855
vt 0.817876 0.288331
vt 0.893672 0.226063
vt 0.892030 0.225952
vt 0.977818 0.292745
vt 0.956703 0.296290
vt 0.798149 0.280613
vt 0.818345 0.287236
vt 0.880741 0.378903
vt 0.830542 0.355683
vt 0.814050 0.368241
vt 0.934028 0.362454
vt 0.977480 0.291452
vt 0.956386 0.295150
vt 0.946501 0.245960
vt 0.798690 0.279379
vt 0.818836 0.286150
vt 0.949180 0.376400
vt 0.948096 0.377284
vt 0.932661 0.260969
vt 0.829717 0.354782
vt 0.813119 0.367221
vt 0.812206 0.366187
vt 0.977121 0.290163
vt 0.799252 0.278152
vt 0.819347 0.285071
vt 0.934985 0.361671
vt 0.813727 0.731048
vt 0.815646 0.732007
vt 0.813380 0.731353
vt 0.815772 0.731639
vt 0.809006 0.717671
vt 0.809453 0.717679
vt 0.809452 0.717677
vt 0.809453 0.717679
vt 0.815364 0.699158
vt 0.815772 0.699276
vt 0.780867 0.292811
vt 0.974392 0.367733
vt 0.965840 0.377739
vt 0.784058 0.281705
vt 0.829002 0.243297
vt 0.815908 0.237849
vt 0.821240 0.233896
vt 0.824309 0.246776
vt 0.833928 0.240100
vt 0.826838 0.230263
vt 0.955952 0.386648
vt 0.839067 0.237199
vt 0.832677 0.226966
vt 0.843893 0.221852
vt 0.788640 0.271016
vt 0.944891 0.394313
vt 0.855683 0.217973
vt 0.794551 0.260891
vt 0.932844 0.400605
vt 0.867886 0.215381
vt 0.801711 0.251466
vt 0.920012 0.405418
vt 0.880336 0.214112
vt 0.811816 0.258759
vt 0.806123 0.246653
vt 0.815698 0.254523
vt 0.810862 0.242107
vt 0.819869 0.250523
vt 0.906610 0.408673
vt 0.892862 0.214184
vt 0.892862 0.410314
vt 0.892030 0.225950
vt 0.892578 0.225984
vt 0.893484 0.214223
vt 0.894106 0.214265
vt 0.893125 0.226021
vt 0.894727 0.214310
vt 0.893672 0.226061
vt 0.908442 0.216171
vt 0.878998 0.410314
vt 0.921781 0.219639
vt 0.879829 0.398547
vt 0.879282 0.398513
vt 0.878375 0.410275
vt 0.877754 0.410233
vt 0.878735 0.398476
vt 0.877132 0.410188
vt 0.878188 0.398436
vt 0.934519 0.224657
vt 0.863417 0.408327
vt 0.946444 0.231140
vt 0.850079 0.404859
vt 0.957357 0.238981
vt 0.837340 0.399841
vt 0.967075 0.248048
vt 0.825415 0.393357
vt 0.975435 0.258189
vt 0.982297 0.269234
vt 0.814502 0.385517
vt 0.987547 0.280999
vt 0.804784 0.376450
vt 0.991096 0.293288
vt 0.796425 0.366309
vt 0.992886 0.305893
vt 0.789562 0.355264
vt 0.784313 0.343498
vt 0.992886 0.318605
vt 0.780763 0.331210
vt 0.980053 0.317842
vt 0.980015 0.318344
vt 0.992844 0.319175
vt 0.979975 0.318846
vt 0.992798 0.319745
vt 0.979932 0.319347
vt 0.992748 0.320315
vt 0.778974 0.318605
vt 0.990719 0.332890
vt 0.986936 0.345120
vt 0.778974 0.305893
vt 0.981463 0.356799
vt 0.791807 0.306656
vt 0.779016 0.305323
vt 0.791844 0.306154
vt 0.791884 0.305652
vt 0.779062 0.304752
vt 0.779111 0.304182
vt 0.791928 0.305150
vt 0.840948 0.731500
vt 0.842793 0.730461
vt 0.842915 0.730718
vt 0.840614 0.731327
vt 0.836835 0.742299
vt 0.836836 0.742297
vt 0.836836 0.742297
vt 0.836406 0.742376
vt 0.842522 0.755312
vt 0.842915 0.755156
vt 0.796109 0.698082
vt 0.796109 0.697805
vt 0.796537 0.698082
vt 0.796537 0.697805
vt 0.796109 0.697530
vt 0.796537 0.697530
vt 0.797180 0.697530
vt 0.797180 0.697922
vt 0.796878 0.697526
vt 0.796878 0.697918
vt 0.792711 0.763660
vt 0.790875 0.762600
vt 0.792832 0.763402
vt 0.790543 0.762771
vt 0.786784 0.751711
vt 0.786784 0.751709
vt 0.786785 0.751711
vt 0.786357 0.751627
vt 0.792442 0.738674
vt 0.792832 0.738834
vt 0.820259 0.745132
vt 0.822110 0.744106
vt 0.822232 0.744364
vt 0.819924 0.744957
vt 0.816133 0.755876
vt 0.816134 0.755874
vt 0.816134 0.755874
vt 0.815703 0.755951
vt 0.821838 0.768883
vt 0.822232 0.768730
vt 0.795202 0.698085
vt 0.795202 0.697809
vt 0.795630 0.698082
vt 0.795630 0.697805
vt 0.795202 0.697534
vt 0.795630 0.697531
vt 0.797198 0.697918
vt 0.797198 0.697526
vt 0.797500 0.697918
vt 0.797500 0.697526
vt 0.808214 0.758598
vt 0.806368 0.757559
vt 0.808335 0.758341
vt 0.806035 0.757733
vt 0.802256 0.746760
vt 0.802256 0.746758
vt 0.802256 0.746759
vt 0.801826 0.746680
vt 0.807943 0.733738
vt 0.808335 0.733894
vt 0.813268 0.734777
vt 0.815114 0.733738
vt 0.815235 0.733995
vt 0.812934 0.734604
vt 0.809155 0.745578
vt 0.809156 0.745576
vt 0.809156 0.745577
vt 0.808726 0.745656
vt 0.814843 0.758598
vt 0.815235 0.758442
vt 0.797518 0.697918
vt 0.797518 0.697526
vt 0.797819 0.697918
vt 0.797819 0.697526
vt 0.795177 0.698085
vt 0.794749 0.697807
vt 0.795177 0.697810
vt 0.794749 0.698082
vt 0.794749 0.697531
vt 0.795177 0.697534
vt 0.842813 0.728972
vt 0.840962 0.727947
vt 0.842936 0.728715
vt 0.840628 0.728121
vt 0.836838 0.717204
vt 0.836837 0.717203
vt 0.836838 0.717204
vt 0.836406 0.717128
vt 0.842542 0.704196
vt 0.842936 0.704349
vt 0.797739 0.739734
vt 0.799575 0.738674
vt 0.799696 0.738932
vt 0.797407 0.739563
vt 0.793648 0.750625
vt 0.793648 0.750623
vt 0.793648 0.750624
vt 0.793220 0.750707
vt 0.799305 0.763660
vt 0.799696 0.763500
vt 0.796860 0.697526
vt 0.796860 0.697918
vt 0.796559 0.697530
vt 0.796559 0.697922
vt 0.795656 0.697530
vt 0.796083 0.697805
vt 0.795656 0.697805
vt 0.796083 0.697531
vt 0.796083 0.698082
vt 0.795656 0.698082
vt 0.848201 0.729267
vt 0.846356 0.728228
vt 0.848323 0.729009
vt 0.846022 0.728401
vt 0.842244 0.717431
vt 0.842243 0.717429
vt 0.842244 0.717430
vt 0.841814 0.717351
vt 0.847930 0.704415
vt 0.848323 0.704571
vt 0.808474 0.699158
vt 0.806555 0.700117
vt 0.806208 0.699812
vt 0.808600 0.699526
vt 0.801834 0.713494
vt 0.802281 0.713486
vt 0.802280 0.713488
vt 0.802281 0.713486
vt 0.808192 0.732007
vt 0.808600 0.731889
vt 0.818950 0.724440
vt 0.818522 0.724440
vt 0.818953 0.723293
vt 0.818956 0.722143
vt 0.818959 0.720989
vt 0.818961 0.719833
vt 0.818539 0.715962
vt 0.818963 0.718674
vt 0.818965 0.717513
vt 0.818966 0.716350
vt 0.818967 0.715186
vt 0.818968 0.714021
vt 0.818968 0.712855
vt 0.818969 0.711689
vt 0.818539 0.707415
vt 0.818968 0.710523
vt 0.818968 0.709357
vt 0.818967 0.708191
vt 0.818966 0.707027
vt 0.818965 0.705865
vt 0.818963 0.704704
vt 0.818961 0.703545
vt 0.818522 0.698938
vt 0.818959 0.702388
vt 0.818956 0.701235
vt 0.818953 0.700085
vt 0.818950 0.698938
vt 0.796314 0.050533
vt 0.792760 0.055910
vt 0.795954 0.050318
vt 0.789589 0.061486
vt 0.789203 0.061315
vt 0.786814 0.067235
vt 0.784445 0.073136
vt 0.784038 0.073012
vt 0.782492 0.079164
vt 0.780964 0.085294
vt 0.780544 0.085218
vt 0.816047 0.699302
vt 0.818437 0.711819
vt 0.816062 0.711819
vt 0.818421 0.699302
vt 0.818437 0.724438
vt 0.816062 0.724438
vt 0.818421 0.736954
vt 0.816047 0.736954
vt 0.875121 0.750476
vt 0.860446 0.740262
vt 0.873579 0.739490
vt 0.862203 0.752778
vt 0.860446 0.727643
vt 0.873579 0.728414
vt 0.862203 0.715126
vt 0.875121 0.717429
vt 0.896289 0.746703
vt 0.895100 0.738226
vt 0.895100 0.729679
vt 0.896289 0.721201
vt 0.801193 0.701548
vt 0.800231 0.707010
vt 0.801193 0.701548
vt 0.800232 0.707010
vt 0.799653 0.712518
vt 0.799653 0.712518
vt 0.799460 0.718049
vt 0.799460 0.718049
vt 0.799653 0.723579
vt 0.799653 0.723579
vt 0.800232 0.729087
vt 0.800231 0.729087
vt 0.801193 0.734550
vt 0.801193 0.734550
vt 0.788570 0.699298
vt 0.786820 0.711764
vt 0.786820 0.724333
vt 0.788570 0.736800
vt 0.772556 0.413435
vt 0.772556 0.413435
vt 0.772556 0.407227
vt 0.815437 0.733369
vt 0.815434 0.739627
vt 0.815434 0.739627
vt 0.815437 0.745912
vt 0.787477 0.705505
vt 0.815434 0.733369
vt 0.815431 0.739653
vt 0.815431 0.739653
vt 0.815434 0.745912
vt 0.786600 0.718049
vt 0.772556 0.404702
vt 0.772556 0.398494
vt 0.772556 0.398494
vt 0.787477 0.730592
vt 0.782486 0.079186
vt 0.835572 0.635404
vt 0.833429 0.635413
vt 0.833411 0.629238
vt 0.835543 0.624278
vt 0.833388 0.617287
vt 0.835528 0.613559
vt 0.833383 0.605941
vt 0.835528 0.603395
vt 0.833396 0.595387
vt 0.787350 0.142183
vt 0.787110 0.141655
vt 0.786814 0.140991
vt 0.835543 0.593924
vt 0.833426 0.585799
vt 0.835572 0.585276
vt 0.833429 0.585285
vt 0.830977 0.699320
vt 0.828833 0.699320
vt 0.828832 0.691713
vt 0.830975 0.689697
vt 0.828831 0.681387
vt 0.830974 0.679083
vt 0.828830 0.670223
vt 0.830973 0.667655
vt 0.828829 0.658407
vt 0.830973 0.655604
vt 0.828829 0.646131
vt 0.830972 0.643132
vt 0.828829 0.633597
vt 0.830972 0.630447
vt 0.828829 0.621011
vt 0.830972 0.617762
vt 0.828829 0.608579
vt 0.830973 0.605288
vt 0.828830 0.596506
vt 0.830973 0.593235
vt 0.828830 0.584991
vt 0.830974 0.581805
vt 0.828831 0.574221
vt 0.830975 0.571188
vt 0.828833 0.564374
vt 0.830977 0.561562
vt 0.828833 0.561562
vt 0.826214 0.601473
vt 0.828357 0.601473
vt 0.828285 0.606650
vt 0.826087 0.611097
vt 0.828169 0.616742
vt 0.825979 0.621713
vt 0.828074 0.627714
vt 0.825894 0.633142
vt 0.828002 0.639386
vt 0.825832 0.645194
vt 0.827953 0.651567
vt 0.825795 0.657667
vt 0.827928 0.664056
vt 0.825782 0.670352
vt 0.827928 0.676648
vt 0.825795 0.683037
vt 0.827953 0.689137
vt 0.825832 0.695510
vt 0.828002 0.701318
vt 0.825894 0.707562
vt 0.828075 0.712990
vt 0.825979 0.718991
vt 0.828169 0.723962
vt 0.826087 0.729606
vt 0.828285 0.734053
vt 0.826214 0.739230
vt 0.828357 0.739230
vt 0.833253 0.699320
vt 0.831110 0.699320
vt 0.831109 0.696508
vt 0.833252 0.689694
vt 0.831108 0.686661
vt 0.833251 0.679077
vt 0.831107 0.675891
vt 0.833250 0.667646
vt 0.831106 0.664375
vt 0.833250 0.655594
vt 0.831106 0.652303
vt 0.833249 0.643120
vt 0.831105 0.639871
vt 0.833249 0.630435
vt 0.831105 0.627285
vt 0.833249 0.617750
vt 0.831106 0.614751
vt 0.833250 0.605278
vt 0.831106 0.602475
vt 0.833250 0.593226
vt 0.831107 0.590658
vt 0.833251 0.581798
vt 0.831108 0.579495
vt 0.842776 0.014253
vt 0.843493 0.013965
vt 0.844066 0.013739
vt 0.833252 0.571184
vt 0.831109 0.569169
vt 0.833253 0.561562
vt 0.831110 0.561562
vt 0.835572 0.688559
vt 0.833429 0.688550
vt 0.833426 0.688036
vt 0.835543 0.679911
vt 0.833396 0.678448
vt 0.835528 0.670440
vt 0.833383 0.667894
vt 0.835528 0.660276
vt 0.833388 0.656548
vt 0.835543 0.649557
vt 0.833411 0.644598
vt 0.792773 0.055890
vt 0.835572 0.638431
vt 0.833429 0.638422
vt 0.801630 0.738113
vt 0.801630 0.744401
vt 0.801629 0.744378
vt 0.801631 0.738113
vt 0.801631 0.744401
vt 0.801630 0.738137
vt 0.786814 0.067235
vt 0.779860 0.091547
vt 0.792773 0.152336
vt 0.787840 0.143234
vt 0.787593 0.142709
vt 0.923177 0.196337
vt 0.935736 0.191240
vt 0.928829 0.194261
vt 0.928256 0.194487
vt 0.927682 0.194710
vt 0.927107 0.194930
vt 0.987881 0.073147
vt 0.982727 0.061475
vt 0.985212 0.066571
vt 0.984972 0.066044
vt 0.984729 0.065517
vt 0.984482 0.064992
vt 0.855665 0.009904
vt 0.845215 0.013296
vt 0.844640 0.013516
vt 0.800265 0.045337
vt 0.772556 0.415316
vt 0.772556 0.414909
vt 0.772556 0.415316
vt 0.772556 0.414909
vt 0.772556 0.414505
vt 0.772556 0.414505
vt 0.772556 0.405762
vt 0.772556 0.405762
vt 0.772556 0.406169
vt 0.772556 0.406169
vt 0.772556 0.405738
vt 0.772556 0.405738
vt 0.772556 0.405331
vt 0.772556 0.405331
vt 0.772556 0.416175
vt 0.772556 0.415771
vt 0.772556 0.415771
vt 0.772556 0.416175
vt 0.772556 0.415364
vt 0.772556 0.415364
vt 0.772556 0.398296
vt 0.772556 0.398296
vt 0.772556 0.397889
vt 0.772556 0.397889
vt 0.772556 0.413645
vt 0.772556 0.414049
vt 0.772556 0.414049
vt 0.772556 0.413645
vt 0.772556 0.414456
vt 0.772556 0.414456
vt 0.808321 0.759698
vt 0.808869 0.759701
vt 0.808321 0.759698
vt 0.808869 0.759701
vt 0.809418 0.759701
vt 0.809418 0.759701
vt 0.809967 0.759698
vt 0.809967 0.759698
vt 0.838362 0.756412
vt 0.838910 0.756415
vt 0.838362 0.756412
vt 0.838910 0.756415
vt 0.839459 0.756415
vt 0.839459 0.756415
vt 0.840008 0.756412
vt 0.840008 0.756412
vt 0.838025 0.768206
vt 0.837476 0.768202
vt 0.838025 0.768205
vt 0.837476 0.768203
vt 0.836927 0.768203
vt 0.836927 0.768202
vt 0.836379 0.768206
vt 0.836379 0.768205
vt 0.806338 0.759698
vt 0.806887 0.759701
vt 0.806338 0.759698
vt 0.806887 0.759701
vt 0.807435 0.759700
vt 0.807435 0.759701
vt 0.807984 0.759698
vt 0.807984 0.759698
vt 0.772556 0.407016
vt 0.772556 0.406610
vt 0.772556 0.407016
vt 0.772556 0.406610
vt 0.772556 0.406205
vt 0.772556 0.406205
vt 0.772556 0.405307
vt 0.772556 0.405307
vt 0.772556 0.404900
vt 0.772556 0.404900
vt 0.845052 0.012933
vt 0.844474 0.013154
vt 0.843897 0.013378
vt 0.843322 0.013605
vt 0.801290 0.744929
vt 0.800845 0.747107
vt 0.800845 0.744929
vt 0.801290 0.747107
vt 0.799916 0.742490
vt 0.800359 0.740309
vt 0.800359 0.742487
vt 0.799916 0.740313
vt 0.800804 0.740306
vt 0.800804 0.742483
vt 0.853753 0.761708
vt 0.854264 0.749640
vt 0.854303 0.761705
vt 0.853638 0.749643
vt 0.854891 0.749640
vt 0.854852 0.761705
vt 0.855517 0.749643
vt 0.855402 0.761708
vt 0.853941 0.781479
vt 0.854365 0.781477
vt 0.854789 0.781477
vt 0.855214 0.781479
vt 0.806226 0.771488
vt 0.806849 0.771491
vt 0.807473 0.771491
vt 0.808096 0.771488
vt 0.985367 0.065891
vt 0.985608 0.066421
vt 0.985123 0.065363
vt 0.984876 0.064836
vt 0.800844 0.740173
vt 0.801289 0.737990
vt 0.801289 0.740167
vt 0.800844 0.737996
vt 0.799916 0.747107
vt 0.800359 0.744929
vt 0.800359 0.747107
vt 0.799916 0.744929
vt 0.800804 0.744929
vt 0.800804 0.747107
vt 0.853753 0.694208
vt 0.854264 0.682139
vt 0.854303 0.694205
vt 0.853638 0.682142
vt 0.854891 0.682139
vt 0.854852 0.694205
vt 0.855517 0.682142
vt 0.855402 0.694208
vt 0.853941 0.713979
vt 0.854365 0.713977
vt 0.854789 0.713977
vt 0.855214 0.713979
vt 0.838137 0.756415
vt 0.837514 0.756412
vt 0.836890 0.756412
vt 0.836267 0.756415
vt 0.927848 0.195072
vt 0.927270 0.195293
vt 0.928425 0.194849
vt 0.929000 0.194622
vt 0.800805 0.742621
vt 0.800359 0.744799
vt 0.800359 0.742621
vt 0.800805 0.744799
vt 0.799916 0.744798
vt 0.799916 0.742621
vt 0.800844 0.742481
vt 0.801289 0.740310
vt 0.801289 0.742487
vt 0.800844 0.740304
vt 0.844929 0.750442
vt 0.844418 0.762511
vt 0.844380 0.750445
vt 0.845044 0.762507
vt 0.843792 0.762511
vt 0.843831 0.750445
vt 0.843166 0.762507
vt 0.843281 0.750442
vt 0.844741 0.730671
vt 0.844317 0.730673
vt 0.843893 0.730673
vt 0.843469 0.730671
vt 0.838250 0.768202
vt 0.838873 0.768206
vt 0.839497 0.768206
vt 0.840120 0.768202
vt 0.786955 0.142335
vt 0.786714 0.141805
vt 0.787199 0.142863
vt 0.787446 0.143391
vt 0.799916 0.740167
vt 0.800362 0.737994
vt 0.800362 0.740171
vt 0.799916 0.737990
vt 0.800804 0.737997
vt 0.800804 0.740175
vt 0.801290 0.742621
vt 0.800845 0.744799
vt 0.800845 0.742621
vt 0.801290 0.744798
vt 0.853753 0.727958
vt 0.854264 0.715889
vt 0.854303 0.727955
vt 0.853638 0.715893
vt 0.854891 0.715889
vt 0.854852 0.727955
vt 0.855517 0.715893
vt 0.855402 0.727958
vt 0.854365 0.747727
vt 0.853941 0.747729
vt 0.854789 0.747727
vt 0.855214 0.747729
vt 0.808209 0.771488
vt 0.808832 0.771491
vt 0.809456 0.771491
vt 0.810079 0.771488
vt 0.819335 0.180944
vt 0.809168 0.172478
vt 0.800265 0.162890
vt 0.782486 0.129040
vt 0.778981 0.104113
vt 0.869055 0.007102
vt 0.819335 0.027282
vt 0.830599 0.020078
vt 0.987881 0.135079
vt 0.993121 0.110409
vt 0.991365 0.122898
vt 0.993121 0.097817
vt 0.896453 0.006297
vt 0.882726 0.005893
vt 0.869055 0.201124
vt 0.830599 0.188148
vt 0.842776 0.193973
vt 0.855665 0.198322
vt 0.809168 0.035748
vt 0.967773 0.167815
vt 0.982727 0.146751
vt 0.975988 0.157723
vt 0.935736 0.016987
vt 0.910011 0.008307
vt 0.923177 0.011889
vt 0.910011 0.199920
vt 0.882726 0.202333
vt 0.896453 0.201929
vt 0.958218 0.176861
vt 0.947481 0.184712
vt 0.967773 0.040411
vt 0.947481 0.023514
vt 0.958218 0.031366
vt 0.779860 0.116680
vt 0.975988 0.050503
vt 0.991365 0.085328
vn -1.0000 0.0000 0.0000
vn 0.0000 0.0000 1.0000
vn 0.0000 1.0000 0.0000
vn 0.0000 0.0000 -1.0000
vn 0.0000 -1.0000 -0.0008
vn 0.0000 -1.0000 0.0019
vn 0.0000 -1.0000 -0.0007
vn 0.0000 -1.0000 0.0000
vn 0.0000 -1.0000 0.0013
vn 0.0000 -1.0000 -0.0013
vn 0.0000 -1.0000 0.0007
vn 0.0000 -1.0000 0.0004
vn 0.0000 -1.0000 0.0009
vn 0.0000 -1.0000 -0.0016
vn 0.0000 -1.0000 0.0008
vn 0.0000 -1.0000 -0.0012
vn 0.0000 -1.0000 0.0012
vn 0.0000 -1.0000 0.0016
vn 1.0000 0.0000 0.0000
vn 0.0792 0.7072 0.7025
vn 0.2336 0.7072 0.6674
vn 0.3299 0.7044 0.6285
vn -0.2507 0.7073 -0.6610
vn -0.3299 0.7044 -0.6285
vn 0.4707 0.7044 0.5313
vn 0.3762 0.7067 0.5992
vn 0.5841 0.7044 0.4032
vn -0.4707 0.7044 -0.5313
vn 0.5005 0.7067 0.5001
vn 0.5997 0.7062 0.3763
vn 0.6636 0.7044 0.2517
vn 0.7045 0.7045 0.0856
vn -0.4016 0.7073 -0.5818
vn 0.6690 0.7056 0.2335
vn 0.7049 0.7049 0.0787
vn -0.5842 0.7044 -0.4032
vn -0.5293 0.7074 -0.4685
vn -0.6259 0.7071 -0.3289
vn 0.7045 0.7045 -0.0856
vn -0.6637 0.7044 -0.2517
vn 0.7049 0.7049 -0.0787
vn -0.7046 0.7044 -0.0856
vn 0.6636 0.7044 -0.2517
vn 0.6690 0.7056 -0.2335
vn -0.6865 0.7073 -0.1686
vn -0.7046 0.7044 0.0856
vn 0.5841 0.7044 -0.4032
vn -0.7070 0.7072 0.0000
vn 0.5997 0.7062 -0.3763
vn -0.6637 0.7044 0.2517
vn 0.4707 0.7044 -0.5313
vn -0.6865 0.7073 0.1686
vn 0.5005 0.7067 -0.5001
vn -0.5842 0.7044 0.4032
vn 0.3299 0.7044 -0.6285
vn -0.6259 0.7071 0.3289
vn 0.3762 0.7067 -0.5992
vn -0.4707 0.7044 0.5313
vn 0.1699 0.7044 -0.6892
vn -0.5293 0.7074 0.4685
vn -0.3299 0.7044 0.6285
vn -0.4016 0.7073 0.5818
vn 0.2336 0.7072 -0.6674
vn 0.0000 0.7044 -0.7098
vn -0.1699 0.7044 0.6892
vn -0.2507 0.7073 0.6610
vn 0.0792 0.7072 -0.7025
vn 0.0000 0.7044 0.7098
vn -0.0852 0.7073 0.7018
vn -0.0852 0.7073 -0.7018
vn -0.1699 0.7044 -0.6892
vn 0.1699 0.7044 0.6892
vn -0.4647 0.0000 0.8855
vn -0.2393 0.0000 0.9709
vn 0.9927 0.0000 -0.1205
vn 0.9350 0.0000 -0.3546
vn 0.2393 0.0000 0.9709
vn 0.8230 0.0000 -0.5681
vn 0.4647 0.0000 0.8855
vn 0.6631 0.0000 -0.7485
vn 0.6631 0.0000 0.7485
vn 0.4647 0.0000 -0.8855
vn 0.8230 0.0000 0.5681
vn 0.9350 0.0000 0.3546
vn 0.2393 0.0000 -0.9709
vn 0.9927 0.0000 0.1205
vn -0.2393 0.0000 -0.9709
vn -0.4647 0.0000 -0.8855
vn -0.6631 0.0000 -0.7485
vn -0.8230 0.0000 -0.5681
vn -0.9350 0.0000 -0.3546
vn -0.9927 0.0000 -0.1205
vn -0.9927 0.0000 0.1205
vn -0.9350 0.0000 0.3546
vn -0.8230 0.0000 0.5681
vn -0.6631 0.0000 0.7485
vn -0.6504 0.0274 -0.7591
vn -0.6638 0.0162 -0.7477
vn -0.6769 0.0078 -0.7360
vn -0.6898 0.0024 -0.7240
vn -0.7024 -0.0002 -0.7118
vn -0.7148 0.0002 -0.6993
vn -0.7270 0.0035 -0.6866
vn -0.7390 0.0096 -0.6737
vn -0.7506 0.0187 -0.6605
vn -0.6492 0.0286 -0.7601
vn 0.3825 0.0288 0.9235
vn 0.3897 0.0231 0.9207
vn 0.4059 0.0129 0.9138
vn 0.4220 0.0056 0.9066
vn 0.4378 0.0012 0.8991
vn 0.4536 -0.0004 0.8912
vn 0.4692 0.0010 0.8831
vn 0.4847 0.0053 0.8747
vn 0.5000 0.0125 0.8660
vn 0.5150 0.0225 0.8569
vn 1.0000 0.0000 -0.0088
vn 0.9996 0.0029 -0.0264
vn 0.9990 0.0087 -0.0440
vn 0.9980 0.0174 -0.0616
vn -0.7601 0.0287 -0.6492
vn -0.7620 0.0264 -0.6470
vn -0.7734 0.0154 -0.6337
vn -0.7845 0.0073 -0.6200
vn -0.7954 0.0021 -0.6061
vn -0.8059 -0.0002 -0.5921
vn -0.8162 0.0003 -0.5778
vn -0.8262 0.0038 -0.5633
vn -0.8360 0.0102 -0.5487
vn -0.8454 0.0195 -0.5338
vn 0.5742 0.0009 0.8187
vn 0.5885 -0.0004 0.8085
vn 0.6026 0.0012 0.7980
vn 0.6166 0.0057 0.7873
vn 0.6303 0.0131 0.7762
vn 0.6437 0.0234 0.7649
vn 0.5223 0.0288 0.8523
vn 0.5300 0.0222 0.8477
vn 0.5450 0.0123 0.8384
vn 0.5597 0.0052 0.8287
vn 0.9965 0.0280 -0.0791
vn 0.9965 0.0285 -0.0784
vn 0.9952 0.0166 -0.0966
vn 0.9934 0.0082 -0.1141
vn 0.9913 0.0026 -0.1316
vn 0.9888 -0.0001 -0.1490
vn 0.9861 0.0001 -0.1664
vn 0.9830 0.0032 -0.1837
vn 0.9795 0.0093 -0.2010
vn 0.9757 0.0182 -0.2182
vn -0.8523 0.0288 -0.5223
vn 0.6571 0.0214 0.7535
vn 0.6704 0.0116 0.7419
vn -0.8545 0.0255 -0.5188
vn 0.6834 0.0047 0.7300
vn -0.8637 0.0147 -0.5037
vn 0.6961 0.0007 0.7179
vn -0.8725 0.0068 -0.4885
vn 0.7087 -0.0003 0.7056
vn -0.8810 0.0018 -0.4731
vn 0.7210 0.0015 0.6930
vn -0.8892 -0.0003 -0.4575
vn 0.7330 0.0062 0.6802
vn -0.8971 0.0005 -0.4418
vn -0.9047 0.0042 -0.4259
vn 0.7448 0.0138 0.6671
vn -0.9121 0.0108 -0.4099
vn 0.7563 0.0243 0.6538
vn -0.9190 0.0203 -0.3938
vn 0.6492 0.0288 0.7601
vn 0.9715 0.0270 -0.2353
vn 0.9675 0.0159 -0.2524
vn 0.9630 0.0076 -0.2694
vn 0.9581 0.0023 -0.2863
vn 0.9529 -0.0002 -0.3032
vn 0.9475 0.0003 -0.3199
vn 0.9417 0.0036 -0.3365
vn 0.9720 0.0286 -0.2334
vn 0.9356 0.0098 -0.3530
vn 0.9291 0.0189 -0.3694
vn 0.7678 0.0206 0.6404
vn 0.7790 0.0110 0.6269
vn 0.7900 0.0043 0.6131
vn 0.8007 0.0006 0.5991
vn 0.8111 -0.0003 0.5849
vn 0.8213 0.0017 0.5706
vn 0.8311 0.0067 0.5560
vn 0.8407 0.0145 0.5413
vn 0.8499 0.0252 0.5263
vn -0.9235 0.0288 -0.3825
vn -0.9257 0.0246 -0.3775
vn -0.9324 0.0140 -0.3612
vn -0.9387 0.0063 -0.3448
vn -0.9446 0.0016 -0.3282
vn -0.9502 -0.0003 -0.3115
vn -0.9556 0.0007 -0.2948
vn 0.7601 0.0288 0.6492
vn -0.9606 0.0046 -0.2779
vn -0.9653 0.0114 -0.2609
vn -0.9696 0.0211 -0.2439
vn 0.8523 0.0288 0.5223
vn 0.8592 0.0197 0.5113
vn 0.8682 0.0104 0.4962
vn 0.8768 0.0039 0.4808
vn 0.8851 0.0004 0.4653
vn 0.8932 -0.0003 0.4497
vn 0.9010 0.0020 0.4339
vn 0.9223 0.0261 -0.3856
vn 0.9156 0.0152 -0.4019
vn 0.9084 0.0071 0.4180
vn 0.9084 0.0071 -0.4180
vn 0.9156 0.0152 0.4019
vn 0.9010 0.0020 -0.4339
vn 0.9223 0.0261 0.3856
vn 0.8932 -0.0003 -0.4497
vn 0.8851 0.0004 -0.4653
vn 0.8768 0.0039 -0.4808
vn 0.8682 0.0104 -0.4962
vn 0.8592 0.0197 -0.5113
vn 0.9235 0.0287 -0.3825
vn -0.9720 0.0288 -0.2333
vn -0.9737 0.0237 -0.2268
vn -0.9777 0.0133 -0.2096
vn -0.9813 0.0059 -0.1924
vn -0.9846 0.0013 -0.1751
vn -0.9875 -0.0004 -0.1577
vn -0.9901 0.0009 -0.1403
vn -0.9924 0.0050 -0.1229
vn -0.9944 0.0120 -0.1054
vn -0.9959 0.0220 -0.0879
vn 0.9291 0.0189 0.3694
vn 0.9356 0.0098 0.3530
vn 0.9417 0.0036 0.3365
vn 0.9475 0.0003 0.3199
vn 0.9529 -0.0002 0.3032
vn 0.9581 0.0023 0.2863
vn 0.9630 0.0076 0.2694
vn 0.9675 0.0159 0.2524
vn 0.9715 0.0270 0.2353
vn 0.9235 0.0287 0.3825
vn 0.8499 0.0252 -0.5263
vn 0.8407 0.0145 -0.5413
vn 0.8311 0.0067 -0.5560
vn 0.8213 0.0017 -0.5706
vn 0.8111 -0.0003 -0.5849
vn 0.8007 0.0006 -0.5991
vn 0.7900 0.0043 -0.6131
vn 0.7790 0.0110 -0.6269
vn 0.7678 0.0206 -0.6404
vn -0.9973 0.0228 -0.0703
vn -0.9985 0.0127 -0.0528
vn -0.9994 0.0054 -0.0352
vn -0.9998 0.0011 -0.0176
vn 0.9757 0.0182 0.2182
vn -1.0000 -0.0004 0.0000
vn 0.9795 0.0093 0.2010
vn -0.9998 0.0011 0.0176
vn 0.9830 0.0032 0.1837
vn -0.9994 0.0054 0.0352
vn 0.8523 0.0288 -0.5223
vn 0.9861 0.0001 0.1664
vn -0.9985 0.0127 0.0528
vn 0.9888 -0.0001 0.1490
vn -0.9965 0.0288 -0.0784
vn 0.9913 0.0026 0.1316
vn -0.9973 0.0228 0.0703
vn 0.9934 0.0082 0.1141
vn 0.9952 0.0166 0.0966
vn 0.9965 0.0280 0.0791
vn 0.9720 0.0286 0.2334
vn 0.9980 0.0174 0.0616
vn 0.9990 0.0087 0.0440
vn 0.9996 0.0029 0.0264
vn 1.0000 0.0000 0.0088
vn 0.9965 0.0285 0.0784
vn 0.7601 0.0288 -0.6492
vn 0.7563 0.0243 -0.6538
vn -0.9965 0.0288 0.0784
vn 0.7448 0.0138 -0.6671
vn -0.9959 0.0220 0.0879
vn 0.7330 0.0062 -0.6802
vn -0.9944 0.0120 0.1054
vn 0.7210 0.0015 -0.6930
vn -0.9924 0.0050 0.1229
vn 0.7087 -0.0003 -0.7056
vn -0.9901 0.0009 0.1403
vn 0.6961 0.0007 -0.7179
vn -0.9875 -0.0004 0.1577
vn 0.6834 0.0047 -0.7300
vn -0.9846 0.0013 0.1751
vn 0.6704 0.0116 -0.7419
vn -0.9813 0.0059 0.1924
vn 0.6571 0.0214 -0.7535
vn -0.9777 0.0133 0.2096
vn -0.9737 0.0237 0.2268
vn -0.9720 0.0288 0.2333
vn 0.6492 0.0288 -0.7601
vn -0.9696 0.0211 0.2439
vn 0.6437 0.0234 -0.7649
vn -0.9653 0.0114 0.2609
vn 0.6303 0.0131 -0.7762
vn -0.9606 0.0046 0.2779
vn 0.6166 0.0057 -0.7873
vn -0.9556 0.0007 0.2948
vn 0.6026 0.0012 -0.7980
vn -0.9502 -0.0003 0.3115
vn 0.5885 -0.0004 -0.8085
vn -0.9446 0.0016 0.3282
vn 0.5742 0.0009 -0.8187
vn -0.9387 0.0063 0.3448
vn 0.5597 0.0052 -0.8287
vn -0.9324 0.0140 0.3612
vn 0.5450 0.0123 -0.8384
vn -0.9257 0.0246 0.3775
vn 0.5300 0.0222 -0.8477
vn -0.9190 0.0203 0.3938
vn -0.9121 0.0108 0.4099
vn -0.9047 0.0042 0.4259
vn -0.8971 0.0005 0.4418
vn -0.8892 -0.0003 0.4575
vn -0.8810 0.0018 0.4731
vn -0.8725 0.0068 0.4885
vn -0.8637 0.0147 0.5037
vn -0.8545 0.0255 0.5188
vn 0.5223 0.0288 -0.8523
vn -0.9235 0.0288 0.3825
vn 0.5150 0.0225 -0.8569
vn 0.5000 0.0125 -0.8660
vn 0.4847 0.0053 -0.8747
vn 0.4692 0.0010 -0.8831
vn 0.4536 -0.0004 -0.8912
vn 0.4378 0.0012 -0.8991
vn 0.4220 0.0056 -0.9066
vn 0.4059 0.0129 -0.9138
vn 0.3897 0.0231 -0.9207
vn -0.8454 0.0195 0.5338
vn -0.8360 0.0102 0.5487
vn -0.8262 0.0038 0.5633
vn -0.8162 0.0003 0.5778
vn -0.8059 -0.0002 0.5921
vn -0.7954 0.0021 0.6061
vn -0.7845 0.0073 0.6200
vn -0.7734 0.0154 0.6337
vn -0.7620 0.0264 0.6470
vn -0.8523 0.0288 0.5223
vn 0.3825 0.0288 -0.9235
vn 0.3734 0.0217 -0.9274
vn 0.3571 0.0118 -0.9340
vn 0.3406 0.0049 -0.9402
vn 0.3240 0.0008 -0.9460
vn 0.3073 -0.0003 -0.9516
vn 0.2906 0.0014 -0.9569
vn 0.2737 0.0060 -0.9618
vn 0.2567 0.0136 -0.9664
vn 0.2396 0.0240 -0.9706
vn -0.7506 0.0187 0.6605
vn -0.7390 0.0096 0.6737
vn -0.7270 0.0035 0.6866
vn -0.7148 0.0002 0.6993
vn -0.7024 -0.0002 0.7118
vn -0.6898 0.0024 0.7240
vn -0.6769 0.0078 0.7360
vn -0.6638 0.0162 0.7477
vn -0.6504 0.0274 0.7591
vn -0.7601 0.0287 0.6492
vn 0.2333 0.0288 -0.9720
vn 0.2225 0.0208 -0.9747
vn 0.2053 0.0112 -0.9786
vn 0.1881 0.0045 -0.9821
vn 0.1708 0.0006 -0.9853
vn 0.1534 -0.0003 -0.9882
vn 0.1360 0.0016 -0.9907
vn 0.1185 0.0065 -0.9929
vn 0.1010 0.0143 -0.9948
vn 0.0835 0.0249 -0.9962
vn -0.6370 0.0179 0.7706
vn -0.6235 0.0091 0.7818
vn -0.6096 0.0031 0.7927
vn -0.5956 0.0001 0.8033
vn -0.5814 -0.0001 0.8136
vn -0.5669 0.0027 0.8237
vn -0.5523 0.0083 0.8336
vn -0.5375 0.0169 0.8431
vn -0.5225 0.0283 0.8522
vn -0.6492 0.0286 0.7601
vn 0.0659 0.0200 -0.9976
vn 0.0784 0.0288 -0.9965
vn 0.0484 0.0106 -0.9988
vn 0.0308 0.0041 -0.9995
vn 0.0132 0.0005 -0.9999
vn -0.0044 -0.0003 -1.0000
vn -0.0220 0.0019 -0.9998
vn -0.0396 0.0070 -0.9992
vn -0.5223 0.0285 0.8523
vn -0.0572 0.0149 -0.9983
vn -0.0747 0.0258 -0.9969
vn -0.5075 0.0171 0.8615
vn -0.4923 0.0085 0.8704
vn -0.4770 0.0028 0.8789
vn -0.4614 -0.0000 0.8872
vn -0.4457 0.0000 0.8952
vn -0.4299 0.0030 0.9029
vn -0.4140 0.0089 0.9103
vn -0.3978 0.0177 0.9173
vn -0.1967 0.0075 -0.9804
vn -0.3825 0.0286 0.9235
vn -0.2139 0.0157 -0.9767
vn -0.3815 0.0277 0.9239
vn -0.2310 0.0267 -0.9726
vn -0.3653 0.0164 0.9307
vn -0.3489 0.0080 0.9371
vn -0.3324 0.0025 0.9432
vn -0.3157 -0.0001 0.9489
vn -0.2990 0.0002 0.9543
vn -0.2821 0.0033 0.9594
vn -0.2652 0.0094 0.9642
vn -0.2481 0.0184 0.9686
vn -0.0784 0.0287 -0.9965
vn -0.0922 0.0192 -0.9956
vn -0.1098 0.0100 -0.9939
vn -0.1272 0.0037 -0.9919
vn -0.1447 0.0003 -0.9895
vn -0.1621 -0.0002 -0.9868
vn -0.1794 0.0022 -0.9838
vn -0.2333 0.0287 0.9720
vn -0.2310 0.0267 0.9726
vn -0.2139 0.0157 0.9767
vn -0.1967 0.0075 0.9804
vn -0.1794 0.0022 0.9838
vn -0.1621 -0.0002 0.9868
vn -0.1447 0.0003 0.9895
vn -0.2481 0.0184 -0.9686
vn -0.2652 0.0094 -0.9642
vn -0.1272 0.0037 0.9919
vn -0.2821 0.0033 -0.9594
vn -0.1098 0.0100 0.9939
vn -0.2990 0.0002 -0.9543
vn -0.0922 0.0192 0.9956
vn -0.3157 -0.0001 -0.9489
vn -0.3324 0.0025 -0.9432
vn -0.3489 0.0080 -0.9371
vn -0.3653 0.0164 -0.9307
vn -0.3815 0.0277 -0.9239
vn -0.2333 0.0287 -0.9720
vn -0.0747 0.0258 0.9969
vn -0.0572 0.0149 0.9983
vn -0.0396 0.0070 0.9992
vn -0.0220 0.0019 0.9998
vn -0.0044 -0.0003 1.0000
vn 0.0132 0.0005 0.9999
vn 0.0308 0.0041 0.9995
vn 0.0484 0.0106 0.9988
vn 0.0659 0.0200 0.9976
vn -0.3978 0.0177 -0.9173
vn -0.4140 0.0089 -0.9103
vn -0.0784 0.0287 0.9965
vn -0.4299 0.0030 -0.9029
vn -0.4457 0.0000 -0.8952
vn -0.4614 -0.0000 -0.8872
vn -0.4770 0.0028 -0.8789
vn -0.3825 0.0286 -0.9235
vn -0.4923 0.0085 -0.8704
vn -0.5075 0.0171 -0.8615
vn 0.0784 0.0288 0.9965
vn 0.0835 0.0249 0.9962
vn 0.1010 0.0143 0.9948
vn 0.1185 0.0065 0.9929
vn 0.1360 0.0016 0.9907
vn 0.1534 -0.0003 0.9882
vn 0.1708 0.0006 0.9853
vn 0.1881 0.0045 0.9821
vn 0.2053 0.0112 0.9786
vn 0.2225 0.0208 0.9747
vn -0.5225 0.0283 -0.8522
vn -0.5375 0.0169 -0.8431
vn -0.5523 0.0083 -0.8336
vn -0.5669 0.0027 -0.8237
vn -0.5814 -0.0001 -0.8136
vn -0.5956 0.0001 -0.8033
vn -0.6096 0.0031 -0.7927
vn -0.6235 0.0091 -0.7818
vn -0.6370 0.0179 -0.7706
vn -0.5223 0.0285 -0.8523
vn 0.2333 0.0288 0.9720
vn 0.2396 0.0240 0.9706
vn 0.2567 0.0136 0.9664
vn 0.2737 0.0060 0.9618
vn 0.2906 0.0014 0.9569
vn 0.3073 -0.0003 0.9516
vn 0.3240 0.0008 0.9460
vn 0.3406 0.0049 0.9402
vn 0.3571 0.0118 0.9340
vn 0.3734 0.0217 0.9274
vn 0.0000 1.0000 -0.0001
vn 0.0000 1.0000 -0.0002
vn 0.0000 1.0000 0.0001
vn 0.0000 1.0000 0.0004
vn 0.0000 1.0000 -0.0003
vn 0.0000 1.0000 -0.0004
vn 0.1908 0.0000 -0.9816
vn 0.1818 0.0000 -0.9833
vn 0.1888 -0.0001 -0.9820
vn -0.4287 0.8353 -0.3443
vn 0.5439 0.8319 0.1102
vn 0.5457 0.8310 0.1073
vn -0.4336 0.8356 -0.3374
vn 0.5448 0.8324 0.1017
vn 0.5440 0.8339 0.0929
vn -0.4389 0.8354 -0.3309
vn -0.4448 0.8347 -0.3247
vn 0.5438 0.8350 0.0843
vn -0.4513 0.8335 -0.3189
vn -0.4576 0.8319 -0.3139
vn 0.5442 0.8355 0.0758
vn -0.5494 0.8354 0.0176
vn -0.4578 0.8321 -0.3130
vn 0.5453 0.8355 0.0674
vn -0.5471 0.8354 0.0527
vn -0.4605 0.8338 -0.3046
vn 0.5469 0.8351 0.0591
vn -0.4637 0.8349 -0.2966
vn 0.5492 0.8341 0.0508
vn 0.5522 0.8326 0.0425
vn 0.5550 0.8311 0.0360
vn -0.5426 0.8354 0.0876
vn -0.4675 0.8355 -0.2889
vn 0.5544 0.8315 0.0342
vn -0.4717 0.8356 -0.2816
vn 0.5522 0.8333 0.0255
vn -0.5423 0.8330 0.1098
vn -0.4765 0.8352 -0.2746
vn -0.5385 0.8355 0.1090
vn 0.5506 0.8346 0.0169
vn -0.5375 0.8350 0.1174
vn -0.4819 0.8343 -0.2679
vn -0.5371 0.8340 0.1260
vn 0.5497 0.8353 0.0085
vn -0.4878 0.8328 -0.2615
vn -0.5376 0.8319 0.1375
vn -0.4911 0.8319 -0.2584
vn -0.5374 0.8325 0.1348
vn 0.5494 0.8356 0.0000
vn -0.4918 0.8328 -0.2539
vn -0.5343 0.8332 0.1428
vn 0.5497 0.8353 -0.0085
vn -0.4938 0.8343 -0.2454
vn 0.5506 0.8346 -0.0169
vn -0.5301 0.8345 0.1505
vn -0.4962 0.8352 -0.2372
vn 0.5522 0.8333 -0.0255
vn -0.5266 0.8353 0.1583
vn 0.5550 0.8311 -0.0360
vn -0.5236 0.8356 0.1662
vn 0.5544 0.8315 -0.0342
vn -0.4993 0.8356 -0.2293
vn -0.5213 0.8354 0.1744
vn 0.5522 0.8326 -0.0425
vn -0.5029 0.8355 -0.2216
vn -0.5195 0.8347 0.1827
vn 0.5492 0.8341 -0.0508
vn -0.5184 0.8335 0.1913
vn -0.5071 0.8349 -0.2142
vn -0.5179 0.8319 0.1993
vn 0.5469 0.8351 -0.0591
vn -0.5173 0.8321 0.2000
vn -0.5119 0.8338 -0.2070
vn 0.5453 0.8355 -0.0674
vn -0.5179 0.8319 -0.1993
vn -0.5173 0.8321 -0.2000
vn 0.5442 0.8355 -0.0758
vn -0.5119 0.8338 0.2070
vn -0.5184 0.8335 -0.1913
vn 0.5438 0.8350 -0.0843
vn -0.5071 0.8349 0.2142
vn -0.5195 0.8347 -0.1827
vn -0.5029 0.8355 0.2216
vn 0.5440 0.8339 -0.0929
vn 0.5457 0.8310 -0.1073
vn -0.4993 0.8356 0.2293
vn -0.5213 0.8354 -0.1744
vn 0.5448 0.8324 -0.1017
vn -0.4962 0.8352 0.2372
vn 0.5439 0.8319 -0.1102
vn -0.5236 0.8356 -0.1662
vn -0.4938 0.8343 0.2454
vn 0.5396 0.8336 -0.1180
vn -0.4918 0.8328 0.2539
vn -0.5265 0.8353 -0.1583
vn -0.4911 0.8319 0.2584
vn -0.4878 0.8328 0.2615
vn 0.5360 0.8347 -0.1259
vn -0.5301 0.8345 -0.1505
vn 0.5331 0.8354 -0.1339
vn -0.4819 0.8343 0.2679
vn -0.5376 0.8319 -0.1375
vn -0.5343 0.8332 -0.1428
vn 0.5307 0.8356 -0.1420
vn -0.4765 0.8352 0.2746
vn 0.5289 0.8352 -0.1503
vn -0.4717 0.8356 0.2816
vn -0.5374 0.8325 -0.1348
vn -0.4675 0.8355 0.2889
vn 0.5278 0.8344 -0.1588
vn -0.5371 0.8340 -0.1260
vn -0.4637 0.8349 0.2966
vn 0.5272 0.8331 -0.1675
vn 0.5273 0.8311 -0.1768
vn -0.4605 0.8338 0.3046
vn -0.5375 0.8350 -0.1174
vn 0.5272 0.8312 -0.1765
vn -0.4576 0.8319 0.3139
vn -0.5426 0.8354 -0.0876
vn -0.4578 0.8321 0.3130
vn -0.4513 0.8335 0.3189
vn 0.5220 0.8329 -0.1837
vn -0.5385 0.8355 -0.1090
vn -0.5445 0.8315 -0.1103
vn 0.5172 0.8343 -0.1910
vn 0.5129 0.8352 -0.1984
vn -0.5471 0.8354 -0.0527
vn 0.5093 0.8356 -0.2061
vn -0.4448 0.8347 0.3247
vn -0.5494 0.8354 -0.0176
vn 0.5062 0.8354 -0.2139
vn 0.5037 0.8348 -0.2221
vn 0.5018 0.8337 -0.2305
vn -0.4389 0.8354 0.3309
vn 0.5005 0.8320 -0.2393
vn 0.5001 0.8310 -0.2435
vn 0.4965 0.8322 -0.2469
vn -0.4336 0.8356 0.3374
vn 0.4905 0.8338 -0.2533
vn -0.4287 0.8353 0.3443
vn 0.4851 0.8349 -0.2601
vn -0.4243 0.8345 0.3516
vn 0.4803 0.8355 -0.2671
vn -0.4179 0.8319 0.3652
vn 0.4760 0.8356 -0.2744
vn -0.4203 0.8332 0.3594
vn 0.4723 0.8351 -0.2820
vn -0.4155 0.8325 0.3665
vn 0.4690 0.8342 -0.2899
vn -0.4081 0.8340 0.3713
vn 0.4663 0.8328 -0.2983
vn 0.4644 0.8311 -0.3060
vn 0.4635 0.8314 -0.3066
vn -0.4012 0.8350 0.3765
vn 0.4565 0.8332 -0.3121
vn 0.4500 0.8345 -0.3180
vn -0.3949 0.8355 0.3821
vn -0.3960 0.8346 0.3829
vn -0.3908 0.8355 0.3863
vn -0.3885 0.8355 0.3885
vn 0.4441 0.8353 -0.3242
vn -0.3862 0.8355 0.3908
vn -0.3863 0.8355 0.3908
vn 0.4387 0.8356 -0.3307
vn -0.3823 0.8355 0.3948
vn 0.4338 0.8354 -0.3376
vn -0.3821 0.8355 0.3949
vn -0.3765 0.8350 0.4012
vn 0.4294 0.8347 -0.3449
vn -0.3713 0.8340 0.4081
vn -0.3634 0.8311 0.4211
vn -0.3665 0.8325 0.4155
vn 0.4255 0.8335 -0.3526
vn -0.3608 0.8317 0.4220
vn -0.3526 0.8335 0.4255
vn 0.4211 0.8311 -0.3634
vn 0.4220 0.8317 -0.3608
vn -0.3449 0.8347 0.4294
vn 0.4155 0.8325 -0.3665
vn -0.3376 0.8354 0.4338
vn -0.3307 0.8356 0.4387
vn 0.4081 0.8340 -0.3713
vn -0.3242 0.8353 0.4441
vn 0.4012 0.8350 -0.3765
vn -0.3180 0.8345 0.4500
vn -0.3121 0.8332 0.4565
vn -0.3066 0.8314 0.4635
vn -0.3060 0.8311 0.4644
vn 0.3949 0.8355 -0.3821
vn -0.2983 0.8328 0.4664
vn -0.2899 0.8342 0.4690
vn 0.3959 0.8347 -0.3830
vn 0.3908 0.8355 -0.3863
vn 0.3885 0.8355 -0.3885
vn -0.2820 0.8351 0.4723
vn -0.2744 0.8356 0.4760
vn 0.3862 0.8355 -0.3908
vn -0.2671 0.8355 0.4803
vn 0.3863 0.8355 -0.3908
vn -0.2601 0.8349 0.4851
vn -0.2533 0.8338 0.4905
vn -0.2435 0.8310 0.5001
vn 0.3823 0.8355 -0.3948
vn -0.2468 0.8322 0.4965
vn 0.3821 0.8355 -0.3949
vn -0.2393 0.8320 0.5005
vn -0.2305 0.8337 0.5018
vn 0.3765 0.8350 -0.4012
vn 0.3713 0.8340 -0.4081
vn -0.2221 0.8348 0.5037
vn 0.3634 0.8311 -0.4211
vn -0.2140 0.8354 0.5062
vn 0.3665 0.8325 -0.4155
vn 0.3608 0.8317 -0.4220
vn -0.2061 0.8356 0.5093
vn 0.3526 0.8335 -0.4255
vn -0.1984 0.8352 0.5129
vn -0.1910 0.8343 0.5172
vn 0.3449 0.8347 -0.4294
vn -0.1768 0.8311 0.5273
vn -0.1837 0.8329 0.5220
vn -0.1765 0.8312 0.5272
vn 0.3376 0.8354 -0.4338
vn -0.1675 0.8331 0.5272
vn 0.3307 0.8356 -0.4387
vn -0.1588 0.8344 0.5278
vn 0.3242 0.8353 -0.4441
vn 0.3180 0.8345 -0.4500
vn -0.1503 0.8352 0.5289
vn -0.1420 0.8356 0.5307
vn 0.3121 0.8332 -0.4565
vn 0.3060 0.8311 -0.4644
vn -0.1339 0.8354 0.5331
vn 0.3066 0.8314 -0.4635
vn -0.1259 0.8347 0.5360
vn 0.2983 0.8328 -0.4664
vn 0.2899 0.8342 -0.4690
vn -0.1180 0.8336 0.5397
vn -0.1073 0.8310 0.5457
vn -0.1102 0.8319 0.5439
vn 0.2820 0.8351 -0.4723
vn -0.1017 0.8324 0.5448
vn -0.0929 0.8339 0.5440
vn 0.2744 0.8356 -0.4760
vn 0.2671 0.8355 -0.4803
vn -0.0843 0.8350 0.5438
vn 0.2601 0.8349 -0.4851
vn -0.0758 0.8355 0.5442
vn 0.2533 0.8338 -0.4905
vn -0.0674 0.8355 0.5453
vn 0.2435 0.8310 -0.5001
vn -0.0591 0.8351 0.5469
vn 0.2468 0.8322 -0.4965
vn 0.2393 0.8320 -0.5005
vn -0.0508 0.8341 0.5492
vn -0.0360 0.8311 0.5550
vn -0.0425 0.8326 0.5522
vn 0.2305 0.8337 -0.5018
vn -0.0341 0.8315 0.5544
vn -0.0255 0.8333 0.5522
vn 0.2221 0.8348 -0.5037
vn 0.2140 0.8354 -0.5062
vn -0.0169 0.8346 0.5506
vn -0.0085 0.8353 0.5497
vn 0.2061 0.8356 -0.5093
vn 0.0000 0.8356 0.5494
vn 0.1984 0.8352 -0.5129
vn 0.0085 0.8353 0.5497
vn 0.1910 0.8343 -0.5172
vn 0.0169 0.8346 0.5506
vn 0.1768 0.8311 -0.5273
vn 0.1837 0.8329 -0.5220
vn 0.0255 0.8333 0.5522
vn 0.1765 0.8312 -0.5272
vn 0.0341 0.8315 0.5544
vn 0.0360 0.8311 0.5550
vn 0.1675 0.8331 -0.5272
vn 0.0425 0.8326 0.5522
vn 0.1588 0.8344 -0.5278
vn 0.0508 0.8341 0.5492
vn 0.1503 0.8352 -0.5289
vn 0.0591 0.8351 0.5469
vn 0.0674 0.8355 0.5453
vn 0.1420 0.8356 -0.5307
vn 0.0758 0.8355 0.5442
vn 0.1339 0.8354 -0.5331
vn 0.0843 0.8350 0.5438
vn 0.1259 0.8347 -0.5360
vn 0.0929 0.8339 0.5440
vn 0.1180 0.8336 -0.5397
vn 0.1017 0.8324 0.5448
vn 0.1073 0.8310 0.5457
vn 0.1073 0.8310 -0.5457
vn 0.1102 0.8319 -0.5439
vn 0.1102 0.8319 0.5439
vn 0.1017 0.8324 -0.5448
vn 0.1180 0.8336 0.5397
vn 0.0929 0.8339 -0.5440
vn 0.1259 0.8347 0.5360
vn 0.0843 0.8350 -0.5438
vn 0.1339 0.8354 0.5331
vn 0.0758 0.8355 -0.5442
vn 0.1420 0.8356 0.5307
vn 0.0674 0.8355 -0.5453
vn 0.1503 0.8352 0.5289
vn 0.1588 0.8344 0.5278
vn 0.0591 0.8351 -0.5469
vn 0.1675 0.8331 0.5272
vn 0.0508 0.8341 -0.5492
vn 0.1768 0.8311 0.5273
vn 0.1765 0.8312 0.5272
vn 0.0360 0.8311 -0.5550
vn 0.0425 0.8326 -0.5522
vn 0.1837 0.8329 0.5220
vn 0.1910 0.8343 0.5172
vn 0.0341 0.8315 -0.5544
vn 0.0255 0.8333 -0.5522
vn 0.1984 0.8352 0.5129
vn 0.2061 0.8356 0.5093
vn 0.0169 0.8346 -0.5506
vn 0.2140 0.8354 0.5062
vn 0.0085 0.8353 -0.5497
vn 0.2221 0.8348 0.5037
vn 0.0000 0.8356 -0.5494
vn 0.2305 0.8337 0.5018
vn 0.2435 0.8310 0.5001
vn -0.0085 0.8353 -0.5497
vn 0.2393 0.8320 0.5005
vn 0.2468 0.8322 0.4965
vn -0.0169 0.8346 -0.5506
vn 0.2533 0.8338 0.4905
vn -0.0255 0.8333 -0.5522
vn -0.0360 0.8311 -0.5550
vn -0.0341 0.8315 -0.5544
vn 0.2601 0.8349 0.4851
vn -0.0425 0.8326 -0.5522
vn 0.2671 0.8355 0.4803
vn -0.0508 0.8341 -0.5492
vn 0.2744 0.8356 0.4760
vn -0.0591 0.8351 -0.5469
vn 0.2820 0.8351 0.4723
vn 0.2899 0.8342 0.4690
vn -0.0674 0.8355 -0.5453
vn 0.3060 0.8311 0.4644
vn 0.2983 0.8328 0.4664
vn -0.0758 0.8355 -0.5442
vn -0.0843 0.8350 -0.5438
vn 0.3066 0.8314 0.4635
vn 0.3121 0.8332 0.4565
vn -0.0929 0.8339 -0.5440
vn 0.3180 0.8345 0.4500
vn -0.1017 0.8324 -0.5448
vn -0.1073 0.8310 -0.5457
vn -0.1102 0.8319 -0.5439
vn -0.1180 0.8336 -0.5397
vn -0.1259 0.8347 -0.5360
vn 0.3242 0.8353 0.4441
vn -0.1339 0.8354 -0.5331
vn 0.3307 0.8356 0.4387
vn -0.1420 0.8356 -0.5307
vn -0.1503 0.8352 -0.5289
vn -0.1588 0.8344 -0.5278
vn 0.3376 0.8354 0.4338
vn 0.3449 0.8347 0.4294
vn -0.1675 0.8331 -0.5272
vn -0.1768 0.8311 -0.5273
vn -0.1765 0.8312 -0.5272
vn -0.1837 0.8329 -0.5220
vn 0.3526 0.8335 0.4255
vn 0.3608 0.8317 0.4220
vn -0.1910 0.8343 -0.5172
vn 0.3634 0.8311 0.4211
vn -0.1984 0.8352 -0.5129
vn 0.3665 0.8325 0.4155
vn -0.2061 0.8356 -0.5093
vn -0.2140 0.8354 -0.5062
vn 0.3713 0.8340 0.4081
vn 0.3765 0.8350 0.4012
vn -0.2221 0.8348 -0.5037
vn -0.2305 0.8337 -0.5018
vn -0.2435 0.8310 -0.5001
vn -0.2393 0.8320 -0.5005
vn 0.3821 0.8355 0.3949
vn -0.2468 0.8322 -0.4965
vn -0.2533 0.8338 -0.4905
vn 0.3831 0.8348 0.3953
vn 0.3863 0.8355 0.3908
vn -0.2601 0.8349 -0.4851
vn 0.3862 0.8355 0.3908
vn -0.2671 0.8355 -0.4803
vn 0.3885 0.8355 0.3885
vn -0.2744 0.8356 -0.4760
vn 0.3908 0.8355 0.3863
vn 0.3908 0.8355 0.3862
vn -0.2820 0.8351 -0.4723
vn -0.2899 0.8342 -0.4690
vn 0.3949 0.8355 0.3821
vn 0.3960 0.8344 0.3833
vn -0.3060 0.8311 -0.4644
vn -0.2983 0.8328 -0.4664
vn 0.4012 0.8350 0.3765
vn -0.3066 0.8314 -0.4635
vn 0.4081 0.8340 0.3713
vn -0.3121 0.8332 -0.4565
vn 0.4211 0.8311 0.3634
vn 0.4155 0.8325 0.3665
vn -0.3180 0.8345 -0.4500
vn 0.4220 0.8317 0.3608
vn 0.4255 0.8335 0.3526
vn -0.3242 0.8353 -0.4441
vn 0.4294 0.8347 0.3449
vn 0.4338 0.8354 0.3376
vn 0.4387 0.8356 0.3307
vn -0.3307 0.8356 -0.4387
vn 0.4441 0.8353 0.3242
vn 0.4500 0.8345 0.3180
vn -0.3376 0.8354 -0.4338
vn 0.4565 0.8332 0.3121
vn 0.4644 0.8311 0.3060
vn 0.4635 0.8314 0.3066
vn -0.3449 0.8347 -0.4294
vn 0.4663 0.8328 0.2983
vn 0.4690 0.8342 0.2899
vn -0.3526 0.8335 -0.4255
vn -0.3634 0.8311 -0.4211
vn 0.4723 0.8351 0.2820
vn -0.3608 0.8317 -0.4220
vn 0.4760 0.8356 0.2744
vn -0.3665 0.8325 -0.4155
vn 0.4803 0.8355 0.2671
vn 0.4851 0.8349 0.2601
vn -0.3713 0.8340 -0.4081
vn 0.4905 0.8338 0.2533
vn 0.5001 0.8310 0.2435
vn 0.4965 0.8322 0.2469
vn 0.5005 0.8320 0.2393
vn -0.3765 0.8350 -0.4012
vn -0.3862 0.8355 -0.3908
vn 0.5018 0.8337 0.2305
vn -0.3821 0.8355 -0.3949
vn 0.5037 0.8348 0.2221
vn -0.3831 0.8348 -0.3953
vn -0.3863 0.8355 -0.3908
vn 0.5062 0.8354 0.2139
vn 0.5093 0.8356 0.2061
vn -0.3885 0.8355 -0.3885
vn 0.5129 0.8352 0.1984
vn -0.3908 0.8355 -0.3863
vn 0.5172 0.8343 0.1910
vn 0.5273 0.8311 0.1768
vn 0.5220 0.8329 0.1837
vn 0.5272 0.8312 0.1765
vn -0.3949 0.8355 -0.3821
vn 0.5272 0.8331 0.1675
vn -0.3962 0.8343 -0.3833
vn 0.5278 0.8344 0.1588
vn -0.4012 0.8350 -0.3765
vn 0.5289 0.8352 0.1503
vn -0.4081 0.8340 -0.3713
vn 0.5307 0.8356 0.1420
vn -0.4155 0.8325 -0.3665
vn -0.4179 0.8319 -0.3652
vn 0.5331 0.8354 0.1339
vn -0.4203 0.8332 -0.3594
vn 0.5360 0.8347 0.1259
vn -0.4243 0.8345 -0.3516
vn 0.5396 0.8336 0.1180
vn -0.7009 0.0000 0.7132
vn -0.7009 0.0000 0.7133
vn -0.7020 0.0135 0.7121
vn -0.6995 0.0000 0.7146
vn 0.7030 0.0000 0.7112
vn 0.7071 0.0000 0.7071
vn 0.7112 0.0000 0.7030
vn 0.7133 0.0000 -0.7009
vn 0.7071 0.0000 -0.7071
vn 0.7132 0.0000 -0.7009
vn 0.7134 0.0000 -0.7007
vn -0.7133 0.0000 -0.7009
vn -0.7071 0.0068 -0.7071
vn -0.7132 0.0000 -0.7009
vn -0.7119 0.0002 -0.7022
vn -0.7112 0.0000 0.7030
vn -0.7071 0.0000 0.7071
vn -0.7030 0.0000 0.7112
vn 0.7009 0.0000 0.7132
vn 0.7009 0.0000 0.7133
vn 0.7018 0.0270 0.7119
vn 0.6989 0.0000 0.7152
vn 0.7009 0.0000 -0.7132
vn 0.7009 0.0000 -0.7133
vn 0.7020 0.0135 -0.7121
vn 0.6995 0.0000 -0.7146
vn -0.7030 0.0000 -0.7112
vn -0.7071 0.0000 -0.7071
vn -0.7112 0.0000 -0.7030
vn -0.7133 0.0000 0.7009
vn -0.7132 0.0000 0.7009
vn -0.7134 0.0000 0.7007
vn 0.7133 0.0000 0.7009
vn 0.7071 0.0068 0.7071
vn 0.7132 0.0000 0.7009
vn 0.7119 0.0002 0.7022
vn 0.7112 0.0000 -0.7030
vn 0.7030 0.0000 -0.7112
vn -0.7009 0.0000 -0.7132
vn -0.7009 0.0000 -0.7133
vn -0.7018 0.0270 -0.7119
vn -0.6989 0.0000 -0.7152
vn 0.1908 0.0000 0.9816
vn 0.1821 0.0034 0.9833
vn 0.1890 0.0000 0.9820
vn 0.9833 0.0000 0.1822
vn 0.9850 -0.0519 0.1648
vn 0.9772 -0.1539 0.1460
vn 0.9466 -0.2974 0.1246
vn 0.9739 -0.1978 0.1110
vn 0.9922 -0.0805 0.0955
vn 0.9969 -0.0115 0.0785
vn 0.9981 0.0058 0.0610
vn 0.9986 -0.0288 0.0436
vn 0.9931 -0.1145 0.0260
vn 0.9692 -0.2459 0.0085
vn 0.9373 -0.3270 0.1206
vn 0.9692 -0.2459 -0.0085
vn 0.9931 -0.1146 -0.0260
vn 0.9986 -0.0289 -0.0436
vn 0.9981 0.0058 -0.0610
vn 0.9969 -0.0115 -0.0785
vn 0.9922 -0.0805 -0.0955
vn 0.9739 -0.1978 -0.1110
vn 0.9442 -0.3294 0.0000
vn 0.9466 -0.2974 -0.1246
vn 0.9772 -0.1539 -0.1460
vn 0.9850 -0.0519 -0.1648
vn 0.9833 0.0000 -0.1822
vn 0.9373 -0.3270 -0.1206
vn -0.9918 0.0000 -0.1276
vn -0.9918 0.0000 0.1276
vn -0.5457 0.8350 -0.0702
vn -0.5502 0.8350 0.0000
vn -0.5457 0.8350 0.0702
vn 0.0000 -1.0000 0.0003
vn 0.0000 -1.0000 -0.0003
vn 0.5515 -0.8311 0.0710
vn 0.5426 -0.8354 0.0876
vn 0.5471 -0.8354 0.0527
vn 0.5561 -0.8311 0.0000
vn 0.5494 -0.8354 0.0176
vn 0.5494 -0.8354 -0.0176
vn 0.5515 -0.8311 -0.0710
vn 0.5471 -0.8354 -0.0527
vn 0.5426 -0.8354 -0.0876
vn 0.9894 0.0000 0.1450
vn 0.9956 0.0000 0.0941
vn 0.9996 0.0000 0.0289
vn 0.9996 0.0000 -0.0289
vn 0.9956 0.0000 -0.0941
vn 0.9894 0.0000 -0.1450
vn -0.0050 -1.0000 0.0005
vn -0.9750 0.0000 0.2223
vn -0.9654 0.0842 0.2470
vn -0.9444 -0.0989 0.3136
vn -0.9304 0.0777 0.3581
vn -0.8974 -0.0892 0.4322
vn -0.8831 0.0649 0.4646
vn -0.8358 -0.0732 0.5441
vn -0.0006 -1.0000 0.0006
vn -0.8238 0.0456 0.5651
vn -0.7605 -0.0509 0.6474
vn -0.7158 0.0000 0.6983
vn -0.7528 0.0200 0.6579
vn -0.6518 0.0670 0.7554
vn -0.5709 -0.0662 0.8184
vn -0.5488 0.0693 0.8331
vn -0.4615 -0.0685 0.8845
vn -0.4366 0.0715 0.8968
vn -0.3445 -0.0707 0.9361
vn -0.2219 -0.0728 0.9723
vn -0.3171 0.0737 0.9455
vn -0.0958 -0.0748 0.9926
vn -0.1924 0.0758 0.9784
vn 0.0320 -0.0768 0.9965
vn -0.0645 0.0778 0.9949
vn 0.1591 -0.0787 0.9841
vn 0.0645 0.0797 0.9947
vn 0.1923 0.0816 0.9779
vn 0.2836 -0.0805 0.9556
vn 0.3169 0.0834 0.9448
vn 0.4034 -0.0823 0.9113
vn 0.4361 0.0851 0.8959
vn 0.5166 -0.0840 0.8521
vn 0.5480 0.0867 0.8319
vn 0.6212 -0.0856 0.7790
vn 0.6867 0.0000 0.7269
vn 0.6508 0.0883 0.7541
vn 0.7378 0.0000 0.6750
vn 0.7531 0.1030 0.6498
vn 0.7973 -0.1013 0.5950
vn 0.8306 0.1034 0.5472
vn 0.8668 -0.1016 0.4882
vn 0.8943 0.1037 0.4354
vn 0.9221 -0.1019 0.3733
vn 0.9430 0.1039 0.3163
vn 0.9622 -0.1020 0.2523
vn 0.9759 0.1040 0.1919
vn 0.9866 -0.1022 0.1272
vn 0.9948 -0.1022 0.0000
vn 0.9925 0.1041 0.0643
vn 0.9866 -0.1022 -0.1272
vn 0.9925 0.1041 -0.0643
vn 0.9622 -0.1020 -0.2523
vn 0.9759 0.1040 -0.1919
vn 0.9221 -0.1019 -0.3733
vn 0.9430 0.1039 -0.3163
vn 0.8668 -0.1016 -0.4882
vn 0.8943 0.1037 -0.4354
vn 0.7973 -0.1013 -0.5950
vn 0.8306 0.1034 -0.5472
vn 0.7378 0.0000 -0.6750
vn 0.7531 0.1030 -0.6498
vn 0.6867 0.0000 -0.7269
vn 0.6212 -0.0856 -0.7790
vn 0.6508 0.0883 -0.7541
vn 0.5166 -0.0840 -0.8521
vn 0.5480 0.0867 -0.8319
vn 0.4034 -0.0823 -0.9113
vn 0.4361 0.0851 -0.8959
vn 0.3169 0.0834 -0.9448
vn 0.2836 -0.0805 -0.9556
vn 0.1923 0.0816 -0.9779
vn 0.1591 -0.0787 -0.9841
vn 0.0645 0.0797 -0.9947
vn 0.0320 -0.0768 -0.9965
vn -0.0958 -0.0748 -0.9926
vn -0.0645 0.0778 -0.9949
vn -0.2219 -0.0728 -0.9723
vn -0.1924 0.0758 -0.9784
vn -0.3445 -0.0707 -0.9361
vn -0.3171 0.0737 -0.9455
vn -0.4615 -0.0685 -0.8845
vn -0.4366 0.0715 -0.8968
vn -0.0006 -1.0000 -0.0006
vn -0.5709 -0.0662 -0.8184
vn -0.5488 0.0693 -0.8331
vn -0.6518 0.0670 -0.7554
vn -0.7158 0.0000 -0.6983
vn -0.7605 -0.0509 -0.6474
vn -0.7528 0.0200 -0.6579
vn -0.8358 -0.0732 -0.5441
vn -0.8238 0.0456 -0.5651
vn -0.8974 -0.0892 -0.4322
vn -0.8831 0.0649 -0.4646
vn -0.9444 -0.0989 -0.3136
vn -0.9304 0.0777 -0.3581
vn -0.0051 -1.0000 -0.0005
vn -0.9750 0.0000 -0.2223
vn -0.9654 0.0842 -0.2470
vn -0.0052 1.0000 0.0008
vn -0.0052 1.0000 -0.0008
vn -0.0001 -1.0000 0.0001
vn -0.0002 -1.0000 0.0002
vn -0.0001 -1.0000 -0.0001
vn -0.0002 -1.0000 -0.0002
vn -0.7046 0.0000 0.7096
vn -0.7432 0.0000 0.6691
vn -0.7005 0.0000 0.7137
vn -0.6642 0.0000 0.7475
vn -0.7005 0.0000 -0.7137
vn -0.7432 0.0000 -0.6691
vn -0.6642 0.0000 -0.7475
vn -0.7046 0.0000 -0.7096
vn 0.7046 0.0000 -0.7096
vn 0.7432 0.0000 -0.6691
vn 0.6642 0.0000 -0.7475
vn 0.7005 0.0000 -0.7137
vn 0.7005 0.0000 0.7137
vn 0.7432 0.0000 0.6691
vn 0.7046 0.0000 0.7096
vn 0.6642 0.0000 0.7475
vn 0.3863 -0.8355 0.3908
vn 0.3885 -0.8355 0.3885
vn 0.3908 -0.8355 0.3863
vn -0.3908 -0.8355 0.3863
vn -0.3885 -0.8355 0.3885
vn -0.3863 -0.8355 0.3908
vn -0.3863 -0.8355 -0.3908
vn -0.3885 -0.8355 -0.3885
vn -0.3908 -0.8355 -0.3863
vn 0.3908 -0.8355 -0.3863
vn 0.3885 -0.8355 -0.3885
vn 0.3863 -0.8355 -0.3908
usemtl color_cccccc
s off
f 1/1/1 2/2/1 3/3/1
f 4/4/1 2/2/1 1/1/1
f 4/5/2 5/6/2 2/7/2
f 6/8/2 7/9/2 5/6/2
f 5/6/2 7/9/2 2/7/2
f 8/10/3 3/11/3 2/12/3
f 8/10/3 2/12/3 7/13/3
f 9/14/4 1/15/4 3/16/4
f 8/17/4 10/18/4 9/14/4
f 8/17/4 9/14/4 3/16/4
f 4/19/5 11/20/5 12/21/5
f 12/21/6 13/22/6 4/19/6
f 4/19/7 14/23/7 11/20/7
f 13/22/8 15/24/8 4/19/8
f 1/25/8 16/26/8 4/19/8
f 4/19/9 16/26/9 14/23/9
f 15/24/8 5/27/8 4/19/8
f 1/25/8 17/28/8 16/26/8
f 1/25/10 18/29/10 17/28/10
f 1/25/11 19/30/11 18/29/11
f 1/25/12 9/31/12 20/32/12
f 1/25/13 20/32/13 21/33/13
f 1/25/14 21/33/14 22/34/14
f 1/25/15 22/34/15 19/30/15
f 23/35/8 6/36/8 5/37/8
f 24/38/8 6/36/8 23/35/8
f 25/39/8 6/36/8 24/38/8
f 26/40/14 6/36/14 25/39/14
f 27/41/9 6/36/9 26/40/9
f 28/42/16 6/36/16 27/41/16
f 29/43/8 6/36/8 28/42/8
f 30/44/8 10/45/8 29/43/8
f 31/46/17 10/45/17 30/44/17
f 32/47/10 10/45/10 31/46/10
f 29/43/8 10/45/8 6/36/8
f 9/48/8 10/45/8 33/49/8
f 33/49/8 10/45/8 34/50/8
f 34/50/8 10/45/8 35/51/8
f 35/51/18 10/45/18 32/47/18
f 7/52/19 10/53/19 8/54/19
f 7/52/19 6/55/19 10/53/19
f 23/56/20 5/57/20 36/58/20
f 24/59/21 23/56/21 37/60/21
f 24/59/22 37/60/22 38/61/22
f 21/62/23 20/63/23 39/64/23
f 21/62/24 39/64/24 40/65/24
f 25/66/25 38/61/25 41/67/25
f 25/66/26 24/59/26 38/61/26
f 26/68/27 41/67/27 42/69/27
f 22/70/28 40/65/28 43/71/28
f 26/68/29 25/66/29 41/67/29
f 27/72/30 26/68/30 42/69/30
f 27/72/31 42/69/31 44/73/31
f 28/74/32 44/73/32 45/75/32
f 22/70/33 21/62/33 40/65/33
f 28/74/34 27/72/34 44/73/34
f 29/76/35 28/74/35 45/75/35
f 19/77/36 43/71/36 46/78/36
f 19/77/37 22/70/37 43/71/37
f 18/79/38 19/77/38 46/78/38
f 30/80/39 45/75/39 47/81/39
f 18/79/40 46/78/40 48/82/40
f 30/80/41 29/76/41 45/75/41
f 17/83/42 48/84/42 49/85/42
f 31/86/43 47/81/43 50/87/43
f 31/86/44 30/80/44 47/81/44
f 17/88/45 18/79/45 48/82/45
f 16/89/46 49/85/46 51/90/46
f 32/91/47 50/87/47 52/92/47
f 16/89/48 17/83/48 49/85/48
f 32/91/49 31/86/49 50/87/49
f 14/93/50 51/94/50 53/95/50
f 35/96/51 52/92/51 54/97/51
f 14/93/52 16/98/52 51/94/52
f 35/96/53 32/91/53 52/92/53
f 11/99/54 53/95/54 55/100/54
f 34/101/55 54/97/55 56/102/55
f 11/99/56 14/93/56 53/95/56
f 34/101/57 35/96/57 54/97/57
f 12/103/58 55/100/58 57/104/58
f 33/105/59 56/102/59 58/106/59
f 12/103/60 11/99/60 55/100/60
f 13/107/61 57/104/61 59/108/61
f 13/107/62 12/103/62 57/104/62
f 33/105/63 34/101/63 56/102/63
f 9/109/64 58/110/64 60/111/64
f 15/112/65 59/108/65 61/113/65
f 15/112/66 13/107/66 59/108/66
f 9/114/67 33/105/67 58/106/67
f 5/115/68 61/116/68 36/117/68
f 5/118/69 15/112/69 61/113/69
f 20/63/70 9/119/70 60/120/70
f 20/63/71 60/120/71 39/64/71
f 23/56/72 36/58/72 37/60/72
f 59/121/73 57/122/73 62/123/73
f 59/121/73 62/123/73 63/124/73
f 61/116/74 59/121/74 63/124/74
f 61/116/74 63/124/74 64/125/74
f 47/126/75 65/127/75 66/128/75
f 36/117/2 61/116/2 64/125/2
f 47/126/75 45/129/75 65/127/75
f 36/117/2 64/125/2 67/130/2
f 50/131/76 66/128/76 68/132/76
f 37/133/77 36/117/77 67/130/77
f 50/131/76 47/126/76 66/128/76
f 37/133/77 67/130/77 69/134/77
f 52/135/78 68/132/78 70/136/78
f 38/137/79 37/133/79 69/134/79
f 38/137/79 69/134/79 71/138/79
f 52/135/78 50/131/78 68/132/78
f 54/139/80 70/140/80 72/141/80
f 41/142/81 38/137/81 71/138/81
f 41/142/81 71/138/81 73/143/81
f 54/139/80 52/144/80 70/140/80
f 56/145/82 72/141/82 74/146/82
f 42/147/83 73/148/83 75/149/83
f 56/145/82 54/139/82 72/141/82
f 42/147/83 41/150/83 73/148/83
f 44/151/84 75/149/84 76/152/84
f 58/110/85 74/146/85 77/153/85
f 44/151/84 42/147/84 75/149/84
f 45/129/86 76/152/86 65/127/86
f 58/110/85 56/145/85 74/146/85
f 45/129/86 44/151/86 76/152/86
f 60/111/4 77/153/4 78/154/4
f 60/111/4 58/110/4 77/153/4
f 39/155/87 78/154/87 79/156/87
f 39/155/87 60/111/87 78/154/87
f 40/157/88 79/156/88 80/158/88
f 40/157/88 39/155/88 79/156/88
f 43/159/89 80/158/89 81/160/89
f 43/159/89 40/157/89 80/158/89
f 46/161/90 81/162/90 82/163/90
f 46/161/90 43/164/90 81/162/90
f 48/84/91 46/161/91 82/163/91
f 48/84/91 82/163/91 83/165/91
f 49/85/92 48/84/92 83/165/92
f 49/85/92 83/165/92 84/166/92
f 51/90/93 49/85/93 84/166/93
f 51/90/93 84/166/93 85/167/93
f 53/168/94 51/90/94 85/167/94
f 53/168/94 85/167/94 86/169/94
f 55/170/95 53/168/95 86/169/95
f 55/170/95 86/169/95 87/171/95
f 57/122/96 55/172/96 87/173/96
f 57/122/96 87/173/96 62/123/96
f 88/174/3 83/175/3 89/176/3
f 88/174/3 84/177/3 83/175/3
f 65/178/3 90/179/3 91/180/3
f 65/178/3 91/180/3 92/181/3
f 78/182/3 93/183/3 94/184/3
f 78/182/3 94/184/3 95/185/3
f 78/182/3 77/186/3 93/183/3
f 96/187/3 97/188/3 67/189/3
f 76/190/3 98/191/3 90/179/3
f 99/192/3 67/189/3 64/193/3
f 99/192/3 96/187/3 67/189/3
f 76/190/3 90/179/3 65/178/3
f 100/194/3 84/177/3 88/174/3
f 79/195/3 78/182/3 95/185/3
f 79/195/3 95/185/3 101/196/3
f 102/197/3 85/198/3 84/177/3
f 75/199/3 103/200/3 104/201/3
f 75/199/3 104/201/3 98/191/3
f 75/199/3 98/191/3 76/190/3
f 102/197/3 84/177/3 100/194/3
f 80/202/3 79/195/3 101/196/3
f 80/202/3 101/196/3 105/203/3
f 106/204/3 99/192/3 64/193/3
f 107/205/3 64/193/3 63/206/3
f 107/205/3 106/204/3 64/193/3
f 73/207/3 103/200/3 75/199/3
f 108/208/3 80/202/3 105/203/3
f 109/209/3 86/210/3 85/198/3
f 110/211/3 103/200/3 73/207/3
f 109/209/3 85/198/3 102/197/3
f 81/212/3 80/202/3 108/208/3
f 111/213/3 86/210/3 109/209/3
f 71/214/3 110/211/3 73/207/3
f 112/215/3 63/206/3 62/216/3
f 112/215/3 107/205/3 63/206/3
f 113/217/3 87/218/3 86/210/3
f 113/217/3 86/210/3 111/213/3
f 114/219/3 112/215/3 62/216/3
f 115/220/3 62/216/3 87/218/3
f 115/220/3 87/218/3 113/217/3
f 115/220/3 114/219/3 62/216/3
f 70/221/3 116/222/3 117/223/3
f 72/224/3 117/223/3 118/225/3
f 72/224/3 118/225/3 119/226/3
f 120/227/3 81/212/3 108/208/3
f 120/227/3 82/228/3 81/212/3
f 72/224/3 70/221/3 117/223/3
f 121/229/3 110/211/3 71/214/3
f 68/230/3 122/231/3 123/232/3
f 68/230/3 123/232/3 116/222/3
f 68/230/3 116/222/3 70/221/3
f 74/233/3 119/226/3 124/234/3
f 125/235/3 82/228/3 120/227/3
f 126/236/3 121/229/3 71/214/3
f 74/233/3 72/224/3 119/226/3
f 126/236/3 71/214/3 69/237/3
f 89/176/3 83/175/3 82/228/3
f 66/238/3 92/181/3 122/231/3
f 66/238/3 122/231/3 68/230/3
f 89/176/3 82/228/3 125/235/3
f 77/186/3 74/233/3 124/234/3
f 77/186/3 124/234/3 127/239/3
f 77/186/3 127/239/3 93/183/3
f 97/188/3 69/237/3 67/189/3
f 97/188/3 126/236/3 69/237/3
f 65/178/3 92/181/3 66/238/3
f 110/240/97 128/241/97 129/242/97
f 110/240/98 129/242/98 130/243/98
f 110/240/99 130/243/99 131/244/99
f 110/240/100 131/244/100 132/245/100
f 110/240/101 132/245/101 133/246/101
f 110/247/102 133/248/102 134/249/102
f 110/247/103 134/249/103 135/250/103
f 110/247/104 135/250/104 136/251/104
f 110/247/105 136/251/105 137/252/105
f 110/240/106 121/253/106 128/241/106
f 101/254/107 95/255/107 138/256/107
f 101/254/108 138/256/108 139/257/108
f 101/254/109 139/257/109 140/258/109
f 101/254/110 140/258/110 141/259/110
f 101/254/111 141/259/111 142/260/111
f 101/254/112 142/260/112 143/261/112
f 101/254/113 143/261/113 144/262/113
f 101/254/114 144/262/114 145/263/114
f 101/254/115 145/263/115 146/264/115
f 101/254/116 146/264/116 147/265/116
f 100/266/117 148/267/117 149/268/117
f 100/266/118 149/268/118 150/269/118
f 100/266/119 150/269/119 151/270/119
f 100/266/120 151/270/120 152/271/120
f 103/272/121 110/247/121 137/252/121
f 103/272/122 137/252/122 153/273/122
f 103/272/123 153/273/123 154/274/123
f 103/272/124 154/274/124 155/275/124
f 103/272/125 155/275/125 156/276/125
f 103/272/126 156/276/126 157/277/126
f 103/272/127 157/277/127 158/278/127
f 103/272/128 158/278/128 159/279/128
f 103/272/129 159/279/129 160/280/129
f 103/272/130 160/280/130 161/281/130
f 105/282/131 162/283/131 163/284/131
f 105/282/132 163/284/132 164/285/132
f 105/282/133 164/285/133 165/286/133
f 105/282/134 165/286/134 166/287/134
f 105/282/135 166/287/135 167/288/135
f 105/282/136 167/288/136 168/289/136
f 105/282/137 101/254/137 147/265/137
f 105/282/138 147/265/138 169/290/138
f 105/282/139 169/290/139 170/291/139
f 105/282/140 170/291/140 162/283/140
f 102/292/141 152/271/141 171/293/141
f 102/292/142 100/266/142 152/271/142
f 102/292/143 171/293/143 172/294/143
f 102/292/144 172/294/144 173/295/144
f 102/292/145 173/295/145 174/296/145
f 102/292/146 174/296/146 175/297/146
f 102/292/147 175/297/147 176/298/147
f 102/292/148 176/298/148 177/299/148
f 102/292/149 177/299/149 178/300/149
f 102/292/150 178/300/150 179/301/150
f 104/302/151 103/272/151 161/281/151
f 108/303/152 168/289/152 180/304/152
f 108/303/153 180/304/153 181/305/153
f 104/302/154 161/281/154 182/306/154
f 108/303/155 181/305/155 183/307/155
f 104/302/156 182/306/156 184/308/156
f 108/303/157 183/307/157 185/309/157
f 104/302/158 184/308/158 186/310/158
f 108/311/159 185/312/159 187/313/159
f 104/302/160 186/310/160 188/314/160
f 108/311/161 187/313/161 189/315/161
f 104/302/162 188/314/162 190/316/162
f 108/311/163 189/315/163 191/317/163
f 104/302/164 190/316/164 192/318/164
f 104/302/165 192/318/165 193/319/165
f 108/311/166 191/317/166 194/320/166
f 104/302/167 193/319/167 195/321/167
f 108/311/168 194/320/168 196/322/168
f 104/302/169 195/321/169 197/323/169
f 108/303/170 105/282/170 168/289/170
f 109/324/171 179/301/171 198/325/171
f 109/324/172 198/325/172 199/326/172
f 109/324/173 199/326/173 200/327/173
f 109/324/174 200/327/174 201/328/174
f 109/324/175 201/328/175 202/329/175
f 109/324/176 202/329/176 203/330/176
f 109/324/177 203/330/177 204/331/177
f 109/324/178 102/292/178 179/301/178
f 109/324/179 204/331/179 205/332/179
f 109/324/180 205/332/180 206/333/180
f 120/334/181 196/322/181 207/335/181
f 120/334/182 207/335/182 208/336/182
f 120/334/183 208/336/183 209/337/183
f 120/334/184 209/337/184 210/338/184
f 120/334/185 210/338/185 211/339/185
f 120/334/186 211/339/186 212/340/186
f 120/334/187 212/340/187 213/341/187
f 120/334/188 213/341/188 214/342/188
f 120/334/189 214/342/189 215/343/189
f 98/344/190 104/302/190 197/323/190
f 98/344/191 197/323/191 216/345/191
f 98/344/192 216/345/192 217/346/192
f 98/344/193 217/346/193 218/347/193
f 98/344/194 218/347/194 219/348/194
f 98/344/195 219/348/195 220/349/195
f 98/344/196 220/349/196 221/350/196
f 120/334/197 108/311/197 196/322/197
f 98/344/198 221/350/198 222/351/198
f 98/344/199 222/351/199 223/352/199
f 98/344/200 223/352/200 224/353/200
f 125/354/201 120/334/201 215/343/201
f 125/354/202 215/343/202 225/355/202
f 125/354/203 225/355/203 226/356/203
f 125/354/204 226/356/204 227/357/204
f 125/354/205 227/357/205 228/358/205
f 125/354/206 228/358/206 229/359/206
f 125/354/207 229/359/207 230/360/207
f 111/361/208 206/333/208 231/362/208
f 111/361/209 231/362/209 232/363/209
f 125/354/210 230/360/210 233/364/210
f 111/361/211 232/363/211 234/365/211
f 125/354/212 233/364/212 235/366/212
f 111/361/213 234/365/213 236/367/213
f 125/354/214 235/366/214 237/368/214
f 111/361/215 236/367/215 238/369/215
f 111/361/216 238/369/216 239/370/216
f 111/361/217 239/370/217 240/371/217
f 111/361/218 240/371/218 241/372/218
f 111/361/219 241/372/219 242/373/219
f 111/361/220 109/324/220 206/333/220
f 90/374/221 98/344/221 224/353/221
f 90/374/222 224/353/222 243/375/222
f 90/374/223 243/375/223 244/376/223
f 90/374/224 244/376/224 245/377/224
f 90/374/225 245/377/225 246/378/225
f 90/374/226 246/378/226 247/379/226
f 90/374/227 247/379/227 248/380/227
f 90/374/228 248/380/228 249/381/228
f 90/374/229 249/381/229 250/382/229
f 90/374/230 250/382/230 251/383/230
f 89/384/231 237/368/231 252/385/231
f 89/384/232 252/385/232 253/386/232
f 89/384/233 253/386/233 254/387/233
f 89/384/234 254/387/234 255/388/234
f 89/384/235 255/388/235 256/389/235
f 89/384/236 256/389/236 257/390/236
f 89/384/237 257/390/237 258/391/237
f 89/384/238 258/391/238 259/392/238
f 89/384/239 259/392/239 260/393/239
f 89/384/240 125/354/240 237/368/240
f 113/394/241 242/373/241 261/395/241
f 113/394/242 261/395/242 262/396/242
f 113/394/243 262/396/243 263/397/243
f 113/394/244 263/397/244 264/398/244
f 113/394/245 264/398/245 265/399/245
f 113/394/246 265/399/246 266/400/246
f 113/394/247 266/400/247 267/401/247
f 113/394/248 267/401/248 268/402/248
f 113/394/249 268/402/249 269/403/249
f 91/404/250 251/383/250 270/405/250
f 91/404/251 270/405/251 271/406/251
f 91/404/252 271/406/252 272/407/252
f 91/404/253 272/407/253 273/408/253
f 88/409/254 260/393/254 274/410/254
f 91/404/255 273/408/255 275/411/255
f 88/409/256 274/410/256 276/412/256
f 91/404/257 275/411/257 277/413/257
f 88/409/258 276/412/258 278/414/258
f 91/404/259 277/413/259 279/415/259
f 113/394/260 111/361/260 242/373/260
f 88/409/261 278/414/261 280/416/261
f 91/404/262 279/415/262 281/417/262
f 88/409/263 280/416/263 282/418/263
f 91/404/264 90/374/264 251/383/264
f 88/409/265 282/418/265 283/419/265
f 91/404/266 281/417/266 284/420/266
f 88/409/267 283/419/267 285/421/267
f 88/409/268 285/421/268 286/422/268
f 88/409/269 286/422/269 287/423/269
f 88/409/270 89/384/270 260/393/270
f 100/266/271 287/423/271 288/424/271
f 100/266/272 288/424/272 289/425/272
f 100/266/273 289/425/273 290/426/273
f 100/266/274 290/426/274 148/267/274
f 100/266/275 88/409/275 287/423/275
f 115/427/276 113/394/276 269/403/276
f 115/427/277 269/403/277 291/428/277
f 92/429/278 91/404/278 284/420/278
f 115/427/279 291/428/279 292/430/279
f 92/429/280 284/420/280 293/431/280
f 115/427/281 292/430/281 294/432/281
f 92/429/282 293/431/282 295/433/282
f 115/427/283 294/432/283 296/434/283
f 92/429/284 295/433/284 297/435/284
f 115/427/285 296/434/285 298/436/285
f 92/429/286 297/435/286 299/437/286
f 115/438/287 298/439/287 300/440/287
f 92/429/288 299/437/288 301/441/288
f 115/438/289 300/440/289 302/442/289
f 92/429/290 301/441/290 303/443/290
f 115/438/291 302/442/291 304/444/291
f 92/429/292 303/443/292 305/445/292
f 115/438/293 304/444/293 306/446/293
f 92/429/294 305/445/294 307/447/294
f 92/429/295 307/447/295 308/448/295
f 122/449/296 92/429/296 308/448/296
f 114/450/297 115/438/297 306/446/297
f 122/449/298 308/448/298 309/451/298
f 114/450/299 306/446/299 310/452/299
f 122/449/300 309/451/300 311/453/300
f 114/450/301 310/452/301 312/454/301
f 122/449/302 311/453/302 313/455/302
f 114/450/303 312/454/303 314/456/303
f 122/449/304 313/455/304 315/457/304
f 114/450/305 314/456/305 316/458/305
f 122/449/306 315/457/306 317/459/306
f 114/450/307 316/458/307 318/460/307
f 122/449/308 317/459/308 319/461/308
f 114/450/309 318/460/309 320/462/309
f 122/449/310 319/461/310 321/463/310
f 114/450/311 320/462/311 322/464/311
f 122/449/312 321/463/312 323/465/312
f 114/450/313 322/464/313 324/466/313
f 122/449/314 323/465/314 325/467/314
f 114/450/315 324/466/315 326/468/315
f 123/469/316 325/467/316 327/470/316
f 123/469/317 327/470/317 328/471/317
f 123/469/318 328/471/318 329/472/318
f 123/469/319 329/472/319 330/473/319
f 123/469/320 330/473/320 331/474/320
f 123/469/321 331/474/321 332/475/321
f 123/469/322 332/475/322 333/476/322
f 123/469/323 333/476/323 334/477/323
f 123/469/324 334/477/324 335/478/324
f 112/479/325 114/450/325 326/468/325
f 123/469/326 122/449/326 325/467/326
f 112/479/327 326/468/327 336/480/327
f 112/479/328 336/480/328 337/481/328
f 112/479/329 337/481/329 338/482/329
f 112/479/330 338/482/330 339/483/330
f 112/479/331 339/483/331 340/484/331
f 112/479/332 340/484/332 341/485/332
f 112/479/333 341/485/333 342/486/333
f 112/479/334 342/486/334 343/487/334
f 112/479/335 343/487/335 344/488/335
f 116/489/336 335/478/336 345/490/336
f 116/489/337 345/490/337 346/491/337
f 116/489/338 346/491/338 347/492/338
f 116/489/339 347/492/339 348/493/339
f 116/489/340 348/493/340 349/494/340
f 116/489/341 349/494/341 350/495/341
f 116/489/342 350/495/342 351/496/342
f 116/489/343 351/496/343 352/497/343
f 116/489/344 352/497/344 353/498/344
f 116/489/345 123/469/345 335/478/345
f 107/499/346 112/479/346 344/488/346
f 107/499/347 344/488/347 354/500/347
f 107/499/348 354/500/348 355/501/348
f 107/499/349 355/501/349 356/502/349
f 107/499/350 356/502/350 357/503/350
f 107/499/351 357/503/351 358/504/351
f 107/499/352 358/504/352 359/505/352
f 107/499/353 359/505/353 360/506/353
f 107/499/354 360/506/354 361/507/354
f 107/499/355 361/507/355 362/508/355
f 117/509/356 353/498/356 363/510/356
f 117/509/357 363/510/357 364/511/357
f 117/509/358 364/511/358 365/512/358
f 117/509/359 365/512/359 366/513/359
f 117/514/360 366/515/360 367/516/360
f 117/514/361 367/516/361 368/517/361
f 117/514/362 368/517/362 369/518/362
f 117/514/363 369/518/363 370/519/363
f 117/514/364 370/519/364 371/520/364
f 117/509/365 116/489/365 353/498/365
f 106/521/366 107/499/366 362/508/366
f 106/521/367 362/508/367 372/522/367
f 106/521/368 372/522/368 373/523/368
f 106/521/369 373/523/369 374/524/369
f 106/521/370 374/524/370 375/525/370
f 106/521/371 375/525/371 376/526/371
f 106/521/372 376/526/372 377/527/372
f 106/521/373 377/527/373 378/528/373
f 106/521/374 378/528/374 379/529/374
f 106/521/375 379/529/375 380/530/375
f 118/531/376 371/520/376 381/532/376
f 118/531/377 381/532/377 382/533/377
f 118/531/378 382/533/378 383/534/378
f 118/531/379 383/534/379 384/535/379
f 118/531/380 384/535/380 385/536/380
f 118/531/381 385/536/381 386/537/381
f 118/531/382 386/537/382 387/538/382
f 118/531/383 387/538/383 388/539/383
f 118/531/384 388/539/384 389/540/384
f 118/531/385 117/514/385 371/520/385
f 99/541/386 380/530/386 390/542/386
f 99/541/387 106/521/387 380/530/387
f 99/541/388 390/542/388 391/543/388
f 99/541/389 391/543/389 392/544/389
f 99/541/390 392/544/390 393/545/390
f 99/541/391 393/545/391 394/546/391
f 99/541/392 394/546/392 395/547/392
f 99/541/393 395/547/393 396/548/393
f 119/549/394 118/531/394 389/540/394
f 99/541/395 396/548/395 397/550/395
f 99/541/396 397/550/396 398/551/396
f 119/549/397 389/540/397 399/552/397
f 119/549/398 399/552/398 400/553/398
f 119/549/399 400/553/399 401/554/399
f 119/549/400 401/554/400 402/555/400
f 119/549/401 402/555/401 403/556/401
f 119/549/402 403/556/402 404/557/402
f 119/549/403 404/557/403 405/558/403
f 119/549/404 405/558/404 406/559/404
f 96/560/405 407/561/405 408/562/405
f 124/563/406 119/549/406 406/559/406
f 96/560/407 408/562/407 409/564/407
f 124/563/408 406/559/408 410/565/408
f 96/560/409 409/564/409 411/566/409
f 124/563/410 410/565/410 412/567/410
f 124/563/411 412/567/411 413/568/411
f 124/563/412 413/568/412 414/569/412
f 124/563/413 414/569/413 415/570/413
f 124/563/414 415/570/414 416/571/414
f 124/563/415 416/571/415 417/572/415
f 124/563/416 417/572/416 418/573/416
f 124/563/417 418/573/417 419/574/417
f 96/560/418 99/541/418 398/551/418
f 96/560/419 398/551/419 420/575/419
f 96/560/420 420/575/420 421/576/420
f 96/560/421 421/576/421 422/577/421
f 96/560/422 422/577/422 423/578/422
f 96/560/423 423/578/423 424/579/423
f 96/560/424 424/579/424 407/561/424
f 127/580/425 124/563/425 419/574/425
f 127/580/426 419/574/426 425/581/426
f 127/580/427 425/581/427 426/582/427
f 127/580/428 426/582/428 427/583/428
f 127/580/429 427/583/429 428/584/429
f 127/580/430 428/584/430 429/585/430
f 127/580/431 429/585/431 430/586/431
f 97/587/432 411/566/432 431/588/432
f 97/587/433 431/588/433 432/589/433
f 127/580/434 430/586/434 433/590/434
f 97/587/435 432/589/435 434/591/435
f 127/580/436 433/590/436 435/592/436
f 97/587/437 434/591/437 436/593/437
f 127/580/438 435/592/438 437/594/438
f 97/587/439 436/593/439 438/595/439
f 97/587/440 438/595/440 439/596/440
f 97/587/441 439/596/441 440/597/441
f 97/587/442 440/597/442 441/598/442
f 97/587/443 441/598/443 442/599/443
f 97/587/444 96/560/444 411/566/444
f 93/600/445 437/594/445 443/601/445
f 93/600/446 443/601/446 444/602/446
f 93/600/447 444/602/447 445/603/447
f 93/600/448 445/603/448 446/604/448
f 93/600/449 446/604/449 447/605/449
f 93/600/450 447/605/450 448/606/450
f 93/600/451 448/606/451 449/607/451
f 93/600/452 449/607/452 450/608/452
f 93/600/453 450/608/453 451/609/453
f 126/610/454 442/599/454 452/611/454
f 126/610/455 452/611/455 453/612/455
f 93/600/456 127/580/456 437/594/456
f 126/610/457 453/612/457 454/613/457
f 126/610/458 454/613/458 455/614/458
f 126/610/459 455/614/459 456/615/459
f 126/610/460 456/615/460 457/616/460
f 126/610/461 97/587/461 442/599/461
f 126/610/462 457/616/462 458/617/462
f 126/610/463 458/617/463 459/618/463
f 94/619/464 93/600/464 451/609/464
f 94/619/465 451/609/465 460/620/465
f 94/619/466 460/620/466 461/621/466
f 94/619/467 461/621/467 462/622/467
f 94/619/468 462/622/468 463/623/468
f 94/619/469 463/623/469 464/624/469
f 94/619/470 464/624/470 465/625/470
f 94/619/471 465/625/471 466/626/471
f 94/619/472 466/626/472 467/627/472
f 94/619/473 467/627/473 468/628/473
f 121/253/474 459/618/474 469/629/474
f 121/253/475 469/629/475 470/630/475
f 121/253/476 470/630/476 471/631/476
f 121/253/477 471/631/477 472/632/477
f 121/253/478 472/632/478 473/633/478
f 121/253/479 473/633/479 474/634/479
f 121/253/480 474/634/480 475/635/480
f 121/253/481 475/635/481 476/636/481
f 121/253/482 476/636/482 128/241/482
f 121/253/483 126/610/483 459/618/483
f 95/255/484 94/619/484 468/628/484
f 95/255/485 468/628/485 477/637/485
f 95/255/486 477/637/486 478/638/486
f 95/255/487 478/638/487 479/639/487
f 95/255/488 479/639/488 480/640/488
f 95/255/489 480/640/489 481/641/489
f 95/255/490 481/641/490 482/642/490
f 95/255/491 482/642/491 483/643/491
f 95/255/492 483/643/492 484/644/492
f 95/255/493 484/644/493 138/256/493
f 335/645/3 485/646/3 486/647/3
f 335/645/3 486/647/3 345/648/3
f 389/649/3 388/650/3 487/651/3
f 389/649/3 487/651/3 488/652/3
f 271/653/3 489/654/3 490/655/3
f 491/656/3 453/657/3 452/658/3
f 491/656/3 492/659/3 453/657/3
f 493/660/3 233/661/3 494/662/3
f 495/663/3 496/664/3 374/665/3
f 450/666/3 449/667/3 497/668/3
f 450/666/3 497/668/3 498/669/3
f 270/670/3 489/654/3 271/653/3
f 499/671/3 452/658/3 442/672/3
f 499/671/3 491/656/3 452/658/3
f 500/673/3 233/661/3 493/660/3
f 500/673/3 235/674/3 233/661/3
f 495/663/3 374/665/3 373/675/3
f 270/670/3 501/676/3 489/654/3
f 502/677/3 178/678/3 177/679/3
f 334/680/3 485/646/3 335/645/3
f 503/681/3 499/671/3 442/672/3
f 334/680/3 504/682/3 485/646/3
f 503/681/3 442/672/3 441/683/3
f 451/684/3 450/666/3 498/669/3
f 505/685/3 237/686/3 235/674/3
f 399/687/3 389/649/3 488/652/3
f 451/684/3 498/669/3 506/688/3
f 251/689/3 501/676/3 270/670/3
f 399/687/3 488/652/3 507/690/3
f 505/685/3 235/674/3 500/673/3
f 502/677/3 177/679/3 508/691/3
f 251/689/3 509/692/3 501/676/3
f 460/693/3 506/688/3 510/694/3
f 511/695/3 441/683/3 440/696/3
f 511/695/3 503/681/3 441/683/3
f 460/693/3 451/684/3 506/688/3
f 512/697/3 252/698/3 237/686/3
f 513/699/3 495/663/3 373/675/3
f 512/697/3 237/686/3 505/685/3
f 250/700/3 509/692/3 251/689/3
f 513/699/3 373/675/3 372/701/3
f 514/702/3 179/703/3 178/678/3
f 250/700/3 515/704/3 509/692/3
f 333/705/3 504/682/3 334/680/3
f 461/706/3 510/694/3 516/707/3
f 517/708/3 511/695/3 440/696/3
f 517/708/3 440/696/3 439/709/3
f 518/710/3 253/711/3 252/698/3
f 333/705/3 519/712/3 504/682/3
f 514/702/3 178/678/3 502/677/3
f 461/706/3 460/693/3 510/694/3
f 518/710/3 252/698/3 512/697/3
f 400/713/3 399/687/3 507/690/3
f 249/714/3 515/704/3 250/700/3
f 400/713/3 507/690/3 520/715/3
f 249/714/3 521/716/3 522/717/3
f 249/714/3 522/717/3 515/704/3
f 523/718/3 439/709/3 438/719/3
f 523/718/3 517/708/3 439/709/3
f 524/720/3 254/721/3 253/711/3
f 462/722/3 516/707/3 525/723/3
f 524/720/3 253/711/3 518/710/3
f 526/724/3 513/699/3 372/701/3
f 462/722/3 461/706/3 516/707/3
f 248/725/3 521/716/3 249/714/3
f 526/724/3 372/701/3 362/726/3
f 527/727/3 198/728/3 179/703/3
f 528/729/3 523/718/3 438/719/3
f 248/725/3 529/730/3 521/716/3
f 530/731/3 255/732/3 254/721/3
f 332/733/3 519/712/3 333/705/3
f 463/734/3 525/723/3 531/735/3
f 463/734/3 531/735/3 532/736/3
f 527/727/3 179/703/3 514/702/3
f 332/733/3 533/737/3 519/712/3
f 530/731/3 254/721/3 524/720/3
f 401/738/3 400/713/3 520/715/3
f 278/739/494 276/740/494 534/741/494
f 401/738/3 520/715/3 535/742/3
f 463/734/3 462/722/3 525/723/3
f 247/743/3 529/730/3 248/725/3
f 247/743/3 536/744/3 529/730/3
f 537/745/3 438/719/3 436/746/3
f 537/745/3 528/729/3 438/719/3
f 538/747/3 255/732/3 530/731/3
f 538/747/3 256/748/3 255/732/3
f 464/749/3 532/736/3 539/750/3
f 464/749/3 463/734/3 532/736/3
f 540/751/3 526/724/3 362/726/3
f 280/752/3 278/739/3 541/753/3
f 540/751/3 362/726/3 361/754/3
f 542/755/3 199/756/3 198/728/3
f 246/757/3 536/744/3 247/743/3
f 331/758/3 543/759/3 544/760/3
f 331/758/3 544/760/3 533/737/3
f 282/761/3 280/752/3 545/762/3
f 331/758/3 533/737/3 332/733/3
f 402/763/3 401/738/3 535/742/3
f 246/757/3 546/764/3 536/744/3
f 465/765/3 539/750/3 547/766/3
f 402/763/3 535/742/3 548/767/3
f 549/768/3 537/745/3 436/746/3
f 549/768/3 436/746/3 434/769/3
f 465/765/3 464/749/3 539/750/3
f 542/755/3 198/728/3 527/727/3
f 550/770/3 256/748/3 538/747/3
f 245/771/3 546/764/3 246/757/3
f 245/771/3 551/772/3 546/764/3
f 283/773/3 282/761/3 552/774/3
f 466/775/3 547/766/3 553/776/3
f 554/777/3 361/754/3 360/778/3
f 466/775/3 465/765/3 547/766/3
f 554/777/3 540/751/3 361/754/3
f 555/779/3 200/780/3 199/756/3
f 330/781/3 543/759/3 331/758/3
f 556/782/3 434/769/3 432/783/3
f 556/782/3 549/768/3 434/769/3
f 244/784/3 557/785/3 551/772/3
f 244/784/3 551/772/3 245/771/3
f 558/786/3 256/748/3 550/770/3
f 330/781/3 559/787/3 543/759/3
f 558/786/3 257/788/3 256/748/3
f 467/789/3 553/776/3 560/790/3
f 403/791/3 548/767/3 561/792/3
f 403/791/3 402/763/3 548/767/3
f 403/791/3 561/792/3 562/793/3
f 285/794/3 283/773/3 563/795/3
f 467/789/3 466/775/3 553/776/3
f 555/779/3 199/756/3 542/755/3
f 564/796/3 554/777/3 360/778/3
f 243/797/3 557/785/3 244/784/3
f 565/798/3 556/782/3 432/783/3
f 243/797/3 566/799/3 557/785/3
f 565/798/3 432/783/3 431/800/3
f 468/801/3 467/789/3 560/790/3
f 329/802/3 559/787/3 330/781/3
f 468/801/3 560/790/3 567/803/3
f 568/804/3 257/788/3 558/786/3
f 568/804/3 258/805/3 257/788/3
f 569/806/3 201/807/3 200/780/3
f 224/808/3 566/799/3 243/797/3
f 329/802/3 570/809/3 559/787/3
f 224/808/3 571/810/3 572/811/3
f 286/812/3 285/794/3 573/813/3
f 224/808/3 572/811/3 566/799/3
f 404/814/3 403/791/3 562/793/3
f 569/806/3 200/780/3 555/779/3
f 404/814/3 562/793/3 574/815/3
f 477/816/3 567/803/3 575/817/3
f 287/818/3 286/812/3 576/819/3
f 477/816/3 468/801/3 567/803/3
f 577/820/3 564/796/3 360/778/3
f 578/821/3 431/800/3 411/822/3
f 578/821/3 565/798/3 431/800/3
f 223/823/3 571/810/3 224/808/3
f 223/823/3 579/824/3 571/810/3
f 580/825/3 258/805/3 568/804/3
f 580/825/3 259/826/3 258/805/3
f 478/827/3 575/817/3 581/828/3
f 478/827/3 581/828/3 582/829/3
f 577/820/3 360/778/3 359/830/3
f 328/831/3 583/832/3 570/809/3
f 478/827/3 477/816/3 575/817/3
f 584/833/3 201/807/3 569/806/3
f 222/834/3 579/824/3 223/823/3
f 328/831/3 570/809/3 329/802/3
f 288/835/3 287/818/3 585/836/3
f 586/837/3 288/835/3 585/836/3
f 405/838/3 404/814/3 574/815/3
f 405/838/3 574/815/3 587/839/3
f 222/834/3 588/840/3 579/824/3
f 479/841/3 582/829/3 589/842/3
f 590/843/3 577/820/3 359/830/3
f 591/844/3 411/822/3 409/845/3
f 591/844/3 578/821/3 411/822/3
f 479/841/3 478/827/3 582/829/3
f 592/846/3 259/826/3 580/825/3
f 592/846/3 260/847/3 259/826/3
f 221/848/3 593/849/3 588/840/3
f 221/848/3 588/840/3 222/834/3
f 480/850/3 589/842/3 594/851/3
f 590/843/3 359/830/3 358/852/3
f 289/853/3 288/835/3 586/837/3
f 480/850/3 479/841/3 589/842/3
f 595/854/3 201/807/3 584/833/3
f 595/854/3 202/855/3 201/807/3
f 327/856/3 596/857/3 583/832/3
f 597/858/3 289/853/3 586/837/3
f 327/856/3 583/832/3 328/831/3
f 220/859/3 593/849/3 221/848/3
f 406/860/3 405/838/3 587/839/3
f 406/860/3 587/839/3 598/861/3
f 220/859/3 599/862/3 593/849/3
f 600/863/3 409/845/3 408/864/3
f 600/863/3 591/844/3 409/845/3
f 481/865/3 594/851/3 601/866/3
f 602/867/3 590/843/3 358/852/3
f 481/865/3 480/850/3 594/851/3
f 603/868/3 260/847/3 592/846/3
f 603/868/3 274/869/3 260/847/3
f 219/870/3 599/862/3 220/859/3
f 219/870/3 604/871/3 599/862/3
f 290/872/3 289/853/3 597/858/3
f 325/873/3 596/857/3 327/856/3
f 605/874/3 290/872/3 597/858/3
f 482/875/3 601/866/3 606/876/3
f 325/873/3 607/877/3 596/857/3
f 602/867/3 358/852/3 357/878/3
f 608/879/3 202/855/3 595/854/3
f 608/879/3 203/880/3 202/855/3
f 482/875/3 481/865/3 601/866/3
f 410/881/3 406/860/3 598/861/3
f 410/881/3 598/861/3 609/882/3
f 218/883/3 604/871/3 219/870/3
f 610/884/3 600/863/3 408/864/3
f 218/883/3 611/885/3 604/871/3
f 612/886/3 274/869/3 603/868/3
f 483/887/3 606/876/3 613/888/3
f 614/889/3 602/867/3 357/878/3
f 612/886/3 276/740/3 274/869/3
f 483/887/3 482/875/3 606/876/3
f 148/890/3 290/872/3 605/874/3
f 217/891/3 611/885/3 218/883/3
f 323/892/3 607/877/3 325/873/3
f 615/893/3 148/890/3 605/874/3
f 217/891/3 616/894/3 617/895/3
f 217/891/3 617/895/3 611/885/3
f 323/892/3 618/896/3 607/877/3
f 619/897/3 148/890/3 615/893/3
f 614/889/3 357/878/3 356/898/3
f 484/899/3 613/888/3 620/900/3
f 621/901/3 204/902/3 203/880/3
f 412/903/3 410/881/3 609/882/3
f 149/904/3 148/890/3 619/897/3
f 412/903/3 609/882/3 622/905/3
f 484/899/3 483/887/3 613/888/3
f 216/906/3 616/894/3 217/891/3
f 623/907/3 610/884/3 408/864/3
f 216/906/3 624/908/3 616/894/3
f 138/909/3 620/900/3 625/910/3
f 138/909/3 625/910/3 626/911/3
f 623/907/3 408/864/3 407/912/3
f 138/909/3 484/899/3 620/900/3
f 621/901/3 203/880/3 608/879/3
f 627/913/3 534/741/3 276/740/3
f 628/914/3 614/889/3 356/898/3
f 627/913/3 276/740/3 612/886/3
f 197/915/3 624/908/3 216/906/3
f 197/915/3 629/916/3 624/908/3
f 321/917/3 630/918/3 631/919/3
f 139/920/3 626/911/3 632/921/3
f 321/917/3 631/919/3 618/896/3
f 633/922/3 149/904/3 619/897/3
f 321/917/3 618/896/3 323/892/3
f 139/920/3 138/909/3 626/911/3
f 150/923/3 149/904/3 633/922/3
f 628/914/3 356/898/3 355/924/3
f 634/925/3 205/926/3 204/902/3
f 413/927/3 622/905/3 635/928/3
f 413/927/3 412/903/3 622/905/3
f 636/929/3 407/912/3 424/930/3
f 195/931/3 637/932/3 629/916/3
f 195/931/3 629/916/3 197/915/3
f 636/929/3 623/907/3 407/912/3
f 638/933/3 150/923/3 633/922/3
f 140/934/3 632/921/3 639/935/3
f 634/925/3 204/902/3 621/901/3
f 151/936/3 150/923/3 638/933/3
f 140/934/3 139/920/3 632/921/3
f 640/937/3 628/914/3 355/924/3
f 193/938/3 641/939/3 637/932/3
f 642/940/3 151/936/3 638/933/3
f 193/938/3 637/932/3 195/931/3
f 152/941/3 151/936/3 642/940/3
f 141/942/3 639/935/3 643/943/3
f 319/944/3 644/945/3 630/918/3
f 645/946/3 424/930/3 423/947/3
f 141/942/3 140/934/3 639/935/3
f 640/937/3 355/924/3 354/948/3
f 645/946/3 636/929/3 424/930/3
f 319/944/3 630/918/3 321/917/3
f 646/949/3 205/926/3 634/925/3
f 414/950/3 413/927/3 635/928/3
f 192/951/3 641/939/3 193/938/3
f 646/949/3 206/952/3 205/926/3
f 414/950/3 635/928/3 647/953/3
f 414/950/3 647/953/3 648/954/3
f 192/951/3 649/955/3 641/939/3
f 171/956/3 152/941/3 650/957/3
f 367/958/3 651/959/3 652/960/3
f 367/958/3 653/961/3 651/959/3
f 367/958/494 654/962/494 655/963/494
f 367/958/495 655/963/495 653/961/495
f 142/964/3 141/942/3 643/943/3
f 142/964/3 643/943/3 656/965/3
f 657/966/3 645/946/3 423/947/3
f 658/967/3 640/937/3 354/948/3
f 657/966/3 423/947/3 422/968/3
f 190/969/3 649/955/3 192/951/3
f 190/969/3 659/970/3 649/955/3
f 172/971/3 171/956/3 660/972/3
f 317/973/3 661/974/3 644/945/3
f 317/973/3 644/945/3 319/944/3
f 143/975/3 656/965/3 662/976/3
f 658/967/3 354/948/3 344/977/3
f 663/978/3 231/979/3 206/952/3
f 143/975/3 142/964/3 656/965/3
f 188/980/3 659/970/3 190/969/3
f 188/980/3 664/981/3 665/982/3
f 188/980/3 665/982/3 659/970/3
f 666/983/3 422/968/3 421/984/3
f 666/983/3 657/966/3 422/968/3
f 415/985/3 648/954/3 667/986/3
f 144/987/3 143/975/3 662/976/3
f 144/987/3 662/976/3 668/988/3
f 173/989/3 172/971/3 669/990/3
f 663/978/3 206/952/3 646/949/3
f 670/991/3 658/967/3 344/977/3
f 415/985/3 414/950/3 648/954/3
f 186/992/3 664/981/3 188/980/3
f 186/992/3 671/993/3 664/981/3
f 174/994/496 173/989/496 672/995/496
f 365/996/496 673/997/496 654/962/496
f 145/998/3 144/987/3 668/988/3
f 145/998/3 668/988/3 674/999/3
f 365/996/3 675/1000/3 673/997/3
f 145/998/3 674/999/3 676/1001/3
f 365/996/3 677/1002/3 675/1000/3
f 368/1003/3 652/960/3 678/1004/3
f 184/1005/3 671/993/3 186/992/3
f 679/1006/3 231/979/3 663/978/3
f 315/1007/3 680/1008/3 661/974/3
f 679/1006/3 232/1009/3 231/979/3
f 315/1007/3 661/974/3 317/973/3
f 184/1005/3 681/1010/3 671/993/3
f 146/1011/3 145/998/3 676/1001/3
f 682/1012/3 421/984/3 420/1013/3
f 368/1003/3 367/958/3 652/960/3
f 682/1012/3 666/983/3 421/984/3
f 146/1011/3 676/1001/3 683/1014/3
f 416/1015/3 667/986/3 684/1016/3
f 182/1017/3 681/1010/3 184/1005/3
f 175/1018/3 174/994/3 685/1019/3
f 416/1015/3 415/985/3 667/986/3
f 686/1020/3 670/991/3 344/977/3
f 182/1017/3 687/1021/3 681/1010/3
f 147/1022/3 683/1014/3 688/1023/3
f 147/1022/3 146/1011/3 683/1014/3
f 689/1024/3 682/1012/3 420/1013/3
f 161/1025/3 687/1021/3 182/1017/3
f 689/1024/3 420/1013/3 398/1026/3
f 313/1027/3 690/1028/3 680/1008/3
f 161/1025/3 691/1029/3 687/1021/3
f 313/1027/3 680/1008/3 315/1007/3
f 686/1020/3 344/977/3 343/1030/3
f 176/1031/3 175/1018/3 692/1032/3
f 169/1033/3 688/1023/3 693/1034/3
f 169/1033/3 147/1022/3 688/1023/3
f 160/1035/3 691/1029/3 161/1025/3
f 417/1036/3 416/1015/3 684/1016/3
f 417/1036/3 684/1016/3 694/1037/3
f 160/1035/3 695/1038/3 691/1029/3
f 177/679/496 176/1031/496 696/1039/496
f 697/1040/3 232/1009/3 679/1006/3
f 364/1041/3 698/1042/3 677/1002/3
f 170/1043/3 693/1034/3 699/1044/3
f 364/1041/3 677/1002/3 365/996/3
f 170/1043/3 169/1033/3 693/1034/3
f 700/1045/3 686/1020/3 343/1030/3
f 369/1046/3 368/1003/3 678/1004/3
f 369/1046/3 678/1004/3 701/1047/3
f 159/1048/3 695/1038/3 160/1035/3
f 702/1049/3 689/1024/3 398/1026/3
f 159/1048/3 703/1050/3 695/1038/3
f 162/1051/3 699/1044/3 704/1052/3
f 162/1051/3 170/1043/3 699/1044/3
f 700/1045/3 343/1030/3 342/1053/3
f 705/1054/3 234/1055/3 232/1009/3
f 311/1056/3 706/1057/3 690/1028/3
f 311/1056/3 690/1028/3 313/1027/3
f 158/1058/3 703/1050/3 159/1048/3
f 158/1058/3 707/1059/3 708/1060/3
f 158/1058/3 708/1060/3 703/1050/3
f 418/1061/3 694/1037/3 709/1062/3
f 163/1063/3 162/1051/3 704/1052/3
f 163/1063/3 704/1052/3 710/1064/3
f 711/1065/3 398/1026/3 397/1066/3
f 711/1065/3 702/1049/3 398/1026/3
f 705/1054/3 232/1009/3 697/1040/3
f 418/1061/3 417/1036/3 694/1037/3
f 157/1067/3 707/1059/3 158/1058/3
f 712/1068/3 700/1045/3 342/1053/3
f 157/1067/3 713/1069/3 707/1059/3
f 164/1070/3 710/1064/3 714/1071/3
f 164/1070/3 714/1071/3 715/1072/3
f 164/1070/3 163/1063/3 710/1064/3
f 716/1073/3 711/1065/3 397/1066/3
f 712/1068/3 342/1053/3 341/1074/3
f 156/1075/3 717/1076/3 713/1069/3
f 718/1077/3 236/1078/3 234/1055/3
f 156/1075/3 713/1069/3 157/1067/3
f 309/1079/3 719/1080/3 706/1057/3
f 716/1073/3 397/1066/3 396/1081/3
f 309/1079/3 706/1057/3 311/1056/3
f 363/1082/3 720/1083/3 721/1084/3
f 363/1082/3 721/1084/3 698/1042/3
f 363/1082/3 698/1042/3 364/1041/3
f 165/1085/3 715/1072/3 722/1086/3
f 419/1087/3 418/1061/3 709/1062/3
f 370/1088/3 701/1047/3 723/1089/3
f 419/1087/3 709/1062/3 724/1090/3
f 165/1085/3 164/1070/3 715/1072/3
f 718/1077/3 234/1055/3 705/1054/3
f 155/1091/3 725/1092/3 717/1076/3
f 155/1091/3 717/1076/3 156/1075/3
f 726/1093/3 712/1068/3 341/1074/3
f 370/1088/3 369/1046/3 701/1047/3
f 166/1094/3 722/1086/3 727/1095/3
f 166/1094/3 165/1085/3 722/1086/3
f 154/1096/3 728/1097/3 725/1092/3
f 154/1096/3 725/1092/3 155/1091/3
f 726/1093/3 341/1074/3 340/1098/3
f 729/1099/3 396/1081/3 395/1100/3
f 167/1101/3 727/1095/3 730/1102/3
f 731/1103/3 236/1078/3 718/1077/3
f 167/1101/3 166/1094/3 727/1095/3
f 731/1103/3 238/1104/3 236/1078/3
f 729/1099/3 716/1073/3 396/1081/3
f 308/1105/3 732/1106/3 733/1107/3
f 308/1105/3 733/1107/3 719/1080/3
f 308/1105/3 719/1080/3 309/1079/3
f 153/1108/3 734/1109/3 728/1097/3
f 153/1108/3 728/1097/3 154/1096/3
f 168/1110/3 730/1102/3 735/1111/3
f 168/1110/3 167/1101/3 730/1102/3
f 736/1112/3 726/1093/3 340/1098/3
f 137/1113/3 734/1109/3 153/1108/3
f 425/1114/3 724/1090/3 737/1115/3
f 425/1114/3 419/1087/3 724/1090/3
f 137/1113/3 738/1116/3 734/1109/3
f 739/1117/3 395/1100/3 394/1118/3
f 739/1117/3 729/1099/3 395/1100/3
f 180/1119/3 168/1110/3 735/1111/3
f 180/1119/3 735/1111/3 740/1120/3
f 353/1121/3 741/1122/3 720/1083/3
f 136/1123/3 738/1116/3 137/1113/3
f 736/1112/3 340/1098/3 339/1124/3
f 353/1121/3 720/1083/3 363/1082/3
f 742/1125/3 239/1126/3 238/1104/3
f 371/1127/3 723/1089/3 743/1128/3
f 136/1123/3 744/1129/3 738/1116/3
f 371/1127/3 743/1128/3 745/1130/3
f 746/1131/3 744/1129/3 136/1123/3
f 181/1132/3 180/1119/3 740/1120/3
f 307/1133/3 747/1134/3 732/1106/3
f 181/1132/3 740/1120/3 748/1135/3
f 307/1133/3 732/1106/3 308/1105/3
f 135/1136/3 746/1131/3 136/1123/3
f 742/1125/3 238/1104/3 731/1103/3
f 749/1137/3 746/1131/3 135/1136/3
f 750/1138/3 736/1112/3 339/1124/3
f 426/1139/3 425/1114/3 737/1115/3
f 426/1139/3 737/1115/3 751/1140/3
f 426/1139/3 751/1140/3 752/1141/3
f 753/1142/3 394/1118/3 393/1143/3
f 183/1144/3 181/1132/3 748/1135/3
f 753/1142/3 739/1117/3 394/1118/3
f 183/1144/3 748/1135/3 754/1145/3
f 134/1146/3 749/1137/3 135/1136/3
f 371/1127/3 370/1088/3 723/1089/3
f 750/1138/3 339/1124/3 338/1147/3
f 755/1148/3 240/1149/3 239/1126/3
f 756/1150/3 749/1137/3 134/1146/3
f 757/1151/3 183/1144/3 754/1145/3
f 755/1148/3 239/1126/3 742/1125/3
f 757/1151/3 754/1145/3 758/1152/3
f 759/1153/3 756/1150/3 134/1146/3
f 185/1154/497 183/1144/497 757/1151/497
f 305/1155/3 760/1156/3 747/1134/3
f 305/1155/3 747/1134/3 307/1133/3
f 133/1157/3 759/1153/3 134/1146/3
f 761/1158/3 750/1138/3 338/1147/3
f 762/1159/3 393/1143/3 392/1160/3
f 133/1157/3 763/1161/3 759/1153/3
f 427/1162/3 426/1139/3 752/1141/3
f 352/1163/3 764/1164/3 741/1122/3
f 427/1162/3 752/1141/3 765/1165/3
f 766/1166/498 185/1154/498 767/1167/498
f 762/1159/3 753/1142/3 393/1143/3
f 768/1168/496 763/1161/496 133/1157/496
f 352/1163/3 741/1122/3 353/1121/3
f 761/1158/3 338/1147/3 337/1169/3
f 769/1170/3 240/1149/3 755/1148/3
f 381/1171/3 745/1130/3 770/1172/3
f 769/1170/3 241/1173/3 240/1149/3
f 771/1174/495 768/1168/495 133/1157/495
f 187/1175/497 766/1166/497 772/1176/497
f 187/1175/3 185/1154/3 766/1166/3
f 303/1177/3 773/1178/3 760/1156/3
f 774/1179/3 187/1175/3 772/1176/3
f 775/1180/3 761/1158/3 337/1169/3
f 303/1177/3 760/1156/3 305/1155/3
f 132/1181/3 776/1182/3 771/1174/3
f 132/1181/496 771/1174/496 133/1157/496
f 381/1171/3 371/1127/3 745/1130/3
f 777/1183/3 242/1184/3 241/1173/3
f 778/1185/3 776/1182/3 132/1181/3
f 428/1186/3 427/1162/3 765/1165/3
f 779/1187/3 189/1188/3 187/1175/3
f 428/1186/3 765/1165/3 780/1189/3
f 781/1190/3 762/1159/3 392/1160/3
f 779/1187/3 187/1175/3 774/1179/3
f 131/1191/3 778/1185/3 132/1181/3
f 777/1183/3 241/1173/3 769/1170/3
f 782/1192/3 775/1180/3 337/1169/3
f 783/1193/3 131/1191/3 130/1194/3
f 301/1195/3 773/1178/3 303/1177/3
f 783/1193/3 778/1185/3 131/1191/3
f 301/1195/3 784/1196/3 773/1178/3
f 785/1197/3 191/1198/3 189/1188/3
f 785/1197/3 189/1188/3 779/1187/3
f 351/1199/3 786/1200/3 764/1164/3
f 351/1199/3 764/1164/3 352/1163/3
f 782/1192/3 337/1169/3 336/1201/3
f 382/1202/3 770/1172/3 787/1203/3
f 788/1204/3 130/1194/3 129/1205/3
f 789/1206/3 392/1160/3 391/1207/3
f 788/1204/3 783/1193/3 130/1194/3
f 789/1206/3 781/1190/3 392/1160/3
f 429/1208/3 780/1189/3 790/1209/3
f 791/1210/3 194/1211/3 191/1198/3
f 791/1210/3 191/1198/3 785/1197/3
f 792/1212/3 242/1184/3 777/1183/3
f 429/1208/3 428/1186/3 780/1189/3
f 793/1213/3 129/1205/3 128/1214/3
f 793/1213/3 788/1204/3 129/1205/3
f 794/1215/3 782/1192/3 336/1201/3
f 795/1216/3 196/1217/3 194/1211/3
f 299/1218/3 796/1219/3 784/1196/3
f 795/1216/3 194/1211/3 791/1210/3
f 299/1218/3 784/1196/3 301/1195/3
f 794/1215/3 336/1201/3 326/1220/3
f 382/1202/3 381/1171/3 770/1172/3
f 797/1221/3 261/1222/3 242/1184/3
f 350/1223/3 786/1200/3 351/1199/3
f 798/1224/3 793/1213/3 128/1214/3
f 799/1225/3 207/1226/3 196/1217/3
f 799/1225/3 196/1217/3 795/1216/3
f 430/1227/3 429/1208/3 790/1209/3
f 797/1221/3 242/1184/3 792/1212/3
f 430/1227/3 790/1209/3 800/1228/3
f 801/1229/3 391/1207/3 390/1230/3
f 801/1229/3 789/1206/3 391/1207/3
f 802/1231/3 798/1224/3 128/1214/3
f 802/1231/3 128/1214/3 476/1232/3
f 803/1233/3 207/1226/3 799/1225/3
f 804/1234/3 326/1220/3 324/1235/3
f 350/1223/3 805/1236/3 786/1200/3
f 804/1234/3 794/1215/3 326/1220/3
f 803/1233/3 208/1237/3 207/1226/3
f 806/1238/3 261/1222/3 797/1221/3
f 806/1238/3 262/1239/3 261/1222/3
f 383/1240/3 787/1203/3 807/1241/3
f 297/1242/3 808/1243/3 796/1219/3
f 297/1242/3 796/1219/3 299/1218/3
f 809/1244/3 802/1231/3 476/1232/3
f 809/1244/3 476/1232/3 475/1245/3
f 810/1246/3 208/1237/3 803/1233/3
f 433/1247/3 430/1227/3 800/1228/3
f 811/1248/3 324/1235/3 322/1249/3
f 811/1248/3 804/1234/3 324/1235/3
f 383/1240/3 382/1202/3 787/1203/3
f 812/1250/3 263/1251/3 262/1239/3
f 433/1247/3 800/1228/3 813/1252/3
f 814/1253/3 390/1230/3 380/1254/3
f 815/1255/3 809/1244/3 475/1245/3
f 814/1253/3 801/1229/3 390/1230/3
f 815/1255/3 475/1245/3 474/1256/3
f 812/1250/3 262/1239/3 806/1238/3
f 816/1257/3 208/1237/3 810/1246/3
f 816/1257/3 209/1258/3 208/1237/3
f 349/1259/3 805/1236/3 350/1223/3
f 295/1260/3 817/1261/3 818/1262/3
f 295/1260/3 818/1262/3 808/1243/3
f 295/1260/3 808/1243/3 297/1242/3
f 819/1263/3 322/1249/3 320/1264/3
f 819/1263/3 811/1248/3 322/1249/3
f 820/1265/3 263/1251/3 812/1250/3
f 821/1266/3 815/1255/3 474/1256/3
f 820/1265/3 264/1267/3 263/1251/3
f 821/1266/3 474/1256/3 473/1268/3
f 822/1269/3 209/1258/3 816/1257/3
f 822/1269/3 210/1270/3 209/1258/3
f 349/1259/3 823/1271/3 805/1236/3
f 435/1272/3 433/1247/3 813/1252/3
f 435/1272/3 813/1252/3 824/1273/3
f 384/1274/3 807/1241/3 825/1275/3
f 826/1276/3 320/1264/3 318/1277/3
f 826/1276/3 819/1263/3 320/1264/3
f 827/1278/3 821/1266/3 473/1268/3
f 828/1279/3 265/1280/3 264/1267/3
f 827/1278/3 473/1268/3 472/1281/3
f 293/1282/3 829/1283/3 817/1261/3
f 830/1284/3 211/1285/3 210/1270/3
f 830/1284/3 210/1270/3 822/1269/3
f 293/1282/3 817/1261/3 295/1260/3
f 831/1286/3 380/1254/3 379/1287/3
f 828/1279/3 264/1267/3 820/1265/3
f 831/1286/3 814/1253/3 380/1254/3
f 832/1288/3 472/1281/3 471/1289/3
f 832/1288/3 827/1278/3 472/1281/3
f 384/1274/3 383/1240/3 807/1241/3
f 833/1290/3 318/1277/3 316/1291/3
f 833/1290/3 826/1276/3 318/1277/3
f 834/1292/3 212/1293/3 211/1285/3
f 835/1294/3 266/1295/3 265/1280/3
f 834/1292/3 211/1285/3 830/1284/3
f 437/1296/3 435/1272/3 824/1273/3
f 437/1296/3 824/1273/3 836/1297/3
f 437/1296/3 836/1297/3 837/1298/3
f 835/1294/3 265/1280/3 828/1279/3
f 284/1299/3 829/1283/3 293/1282/3
f 838/1300/3 471/1289/3 470/1301/3
f 838/1300/3 832/1288/3 471/1289/3
f 284/1299/3 839/1302/3 829/1283/3
f 840/1303/3 213/1304/3 212/1293/3
f 841/1305/3 833/1290/3 316/1291/3
f 840/1303/3 212/1293/3 834/1292/3
f 842/1306/3 266/1295/3 835/1294/3
f 842/1306/3 267/1307/3 266/1295/3
f 348/1308/3 843/1309/3 823/1271/3
f 348/1308/3 823/1271/3 349/1259/3
f 385/1310/3 825/1275/3 844/1311/3
f 845/1312/3 841/1305/3 316/1291/3
f 845/1312/3 316/1291/3 314/1313/3
f 443/1314/3 437/1296/3 837/1298/3
f 846/1315/3 838/1300/3 470/1301/3
f 847/1316/3 267/1307/3 842/1306/3
f 848/1317/3 213/1304/3 840/1303/3
f 848/1317/3 214/1318/3 213/1304/3
f 443/1314/3 837/1298/3 849/1319/3
f 850/1320/3 845/1312/3 314/1313/3
f 281/1321/3 851/1322/3 839/1302/3
f 281/1321/3 839/1302/3 284/1299/3
f 385/1310/3 384/1274/3 825/1275/3
f 347/1323/3 843/1309/3 348/1308/3
f 850/1320/3 314/1313/3 312/1324/3
f 852/1325/3 267/1307/3 847/1316/3
f 853/1326/3 470/1301/3 469/1327/3
f 853/1326/3 846/1315/3 470/1301/3
f 852/1325/3 268/1328/3 267/1307/3
f 854/1329/3 215/1330/3 214/1318/3
f 854/1329/3 214/1318/3 848/1317/3
f 855/1331/499 300/1332/499 298/1333/499
f 444/1334/3 443/1314/3 849/1319/3
f 856/1335/3 850/1320/3 312/1324/3
f 857/1336/495 296/1337/495 858/1338/495
f 444/1334/3 849/1319/3 859/1339/3
f 857/1336/3 298/1333/3 296/1337/3
f 856/1335/3 312/1324/3 310/1340/3
f 860/1341/3 298/1333/3 857/1336/3
f 861/1342/3 379/1287/3 378/1343/3
f 861/1342/3 831/1286/3 379/1287/3
f 862/1344/3 269/1345/3 268/1328/3
f 347/1323/3 863/1346/3 864/1347/3
f 347/1323/3 864/1347/3 843/1309/3
f 865/1348/3 469/1327/3 459/1349/3
f 865/1348/3 853/1326/3 469/1327/3
f 862/1344/3 268/1328/3 852/1325/3
f 279/1350/3 866/1351/3 851/1322/3
f 867/1352/3 856/1335/3 310/1340/3
f 386/1353/3 385/1310/3 844/1311/3
f 868/1354/3 215/1330/3 854/1329/3
f 386/1353/3 844/1311/3 869/1355/3
f 279/1350/3 851/1322/3 281/1321/3
f 867/1352/3 310/1340/3 306/1356/3
f 870/1357/3 269/1345/3 862/1344/3
f 870/1357/3 291/1358/3 269/1345/3
f 871/1359/3 378/1343/3 377/1360/3
f 872/1361/3 867/1352/3 306/1356/3
f 871/1359/3 861/1342/3 378/1343/3
f 445/1362/3 444/1334/3 859/1339/3
f 872/1361/3 306/1356/3 304/1363/3
f 445/1362/3 859/1339/3 873/1364/3
f 874/1365/3 459/1349/3 458/1366/3
f 874/1365/3 865/1348/3 459/1349/3
f 875/1367/3 292/1368/3 291/1358/3
f 876/1369/3 225/1370/3 215/1330/3
f 875/1367/3 291/1358/3 870/1357/3
f 277/1371/3 877/1372/3 866/1351/3
f 277/1371/3 866/1351/3 279/1350/3
f 876/1369/3 215/1330/3 868/1354/3
f 878/1373/3 872/1361/3 304/1363/3
f 878/1373/3 304/1363/3 302/1374/3
f 879/1375/3 377/1360/3 376/1376/3
f 880/1377/3 292/1368/3 875/1367/3
f 879/1375/3 871/1359/3 377/1360/3
f 881/1378/3 458/1366/3 457/1379/3
f 881/1378/3 874/1365/3 458/1366/3
f 880/1377/3 294/1380/3 292/1368/3
f 346/1381/3 863/1346/3 347/1323/3
f 882/1382/3 226/1383/3 225/1370/3
f 883/1384/3 878/1373/3 302/1374/3
f 883/1384/3 302/1374/3 300/1332/3
f 882/1382/3 225/1370/3 876/1369/3
f 346/1381/3 884/1385/3 863/1346/3
f 885/1386/3 294/1380/3 880/1377/3
f 446/1387/3 445/1362/3 873/1364/3
f 387/1388/3 869/1355/3 886/1389/3
f 387/1388/3 886/1389/3 887/1390/3
f 885/1386/3 296/1337/3 294/1380/3
f 446/1387/3 873/1364/3 888/1391/3
f 889/1392/3 883/1384/3 300/1332/3
f 890/1393/3 881/1378/3 457/1379/3
f 889/1392/3 300/1332/3 855/1331/3
f 275/1394/3 891/1395/3 877/1372/3
f 892/1396/3 879/1375/3 376/1376/3
f 890/1393/3 457/1379/3 456/1397/3
f 893/1398/3 227/1399/3 226/1383/3
f 894/1400/3 889/1392/3 855/1331/3
f 275/1394/3 877/1372/3 277/1371/3
f 895/1401/3 296/1337/3 885/1386/3
f 893/1398/3 226/1383/3 882/1382/3
f 895/1401/3 858/1338/3 296/1337/3
f 757/1151/3 767/1167/3 185/1154/3
f 860/1341/3 855/1331/3 298/1333/3
f 534/741/496 541/753/496 278/739/496
f 541/753/3 545/762/3 280/752/3
f 545/762/3 552/774/3 282/761/3
f 896/1402/3 890/1393/3 456/1397/3
f 552/774/3 563/795/3 283/773/3
f 387/1388/3 386/1353/3 869/1355/3
f 563/795/496 573/813/496 285/794/496
f 573/813/3 576/819/3 286/812/3
f 576/819/3 585/836/3 287/818/3
f 642/940/3 650/957/3 152/941/3
f 650/957/3 660/972/3 171/956/3
f 896/1402/3 456/1397/3 455/1403/3
f 660/972/494 669/990/494 172/971/494
f 897/1404/3 227/1399/3 893/1398/3
f 669/990/3 672/995/3 173/989/3
f 672/995/3 685/1019/3 174/994/3
f 345/648/3 884/1385/3 346/1381/3
f 897/1404/3 228/1405/3 227/1399/3
f 685/1019/3 692/1032/3 175/1018/3
f 692/1032/3 696/1039/3 176/1031/3
f 366/1406/3 365/996/3 654/962/3
f 366/1406/3 654/962/3 367/958/3
f 447/1407/3 446/1387/3 888/1391/3
f 447/1407/3 888/1391/3 898/1408/3
f 273/1409/3 891/1395/3 275/1394/3
f 899/1410/3 896/1402/3 455/1403/3
f 899/1410/3 455/1403/3 454/1411/3
f 900/1412/3 892/1396/3 376/1376/3
f 345/648/3 486/647/3 884/1385/3
f 901/1413/3 228/1405/3 897/1404/3
f 901/1413/3 229/1414/3 228/1405/3
f 273/1409/3 902/1415/3 903/1416/3
f 273/1409/3 903/1416/3 891/1395/3
f 900/1412/3 376/1376/3 375/1417/3
f 448/1418/3 447/1407/3 898/1408/3
f 496/664/3 900/1412/3 375/1417/3
f 388/650/3 887/1390/3 487/651/3
f 448/1418/3 898/1408/3 904/1419/3
f 448/1418/3 904/1419/3 905/1420/3
f 906/1421/3 899/1410/3 454/1411/3
f 907/1422/3 230/1423/3 229/1414/3
f 388/650/3 387/1388/3 887/1390/3
f 272/1424/3 902/1415/3 273/1409/3
f 907/1422/3 229/1414/3 901/1413/3
f 496/664/3 375/1417/3 374/665/3
f 508/691/3 177/679/3 696/1039/3
f 272/1424/3 490/655/3 902/1415/3
f 492/659/3 454/1411/3 453/657/3
f 449/667/3 448/1418/3 905/1420/3
f 492/659/3 906/1421/3 454/1411/3
f 449/667/3 905/1420/3 497/668/3
f 494/662/3 230/1423/3 907/1422/3
f 494/662/3 233/661/3 230/1423/3
f 271/653/3 490/655/3 272/1424/3
f 908/1425/500 909/1426/500 910/1427/500
f 908/1425/500 911/1428/500 909/1426/500
f 910/1427/500 912/1429/500 908/1425/500
f 912/1429/500 913/1430/500 908/1425/500
f 913/1430/501 627/1431/501 914/1432/501
f 912/1429/502 627/1431/502 913/1430/502
f 912/1429/500 915/1433/500 627/1431/500
f 915/1433/500 534/1434/500 627/1431/500
f 810/1246/503 803/1233/503 916/1435/503
f 551/772/504 557/785/504 917/1436/504
f 551/772/505 917/1436/505 918/1437/505
f 816/1257/506 810/1246/506 916/1435/506
f 546/764/507 551/772/507 918/1437/507
f 536/744/508 546/764/508 918/1437/508
f 822/1269/509 816/1257/509 916/1435/509
f 830/1284/510 822/1269/510 916/1435/510
f 529/730/511 536/744/511 918/1437/511
f 834/1292/512 830/1284/512 916/1435/512
f 834/1292/513 916/1435/513 919/1438/513
f 521/716/514 529/730/514 918/1437/514
f 920/1439/515 921/1440/515 922/1441/515
f 840/1303/516 834/1292/516 919/1438/516
f 920/1439/515 923/1442/515 921/1440/515
f 522/717/517 521/716/517 918/1437/517
f 924/1443/518 922/1441/518 925/1444/518
f 848/1317/519 840/1303/519 919/1438/519
f 515/704/520 522/717/520 918/1437/520
f 924/1443/518 920/1439/518 922/1441/518
f 854/1329/521 848/1317/521 919/1438/521
f 509/692/522 515/704/522 918/1437/522
f 501/676/523 509/692/523 918/1437/523
f 501/676/524 918/1437/524 926/1445/524
f 927/1446/525 925/1444/525 928/1447/525
f 868/1354/526 854/1329/526 919/1438/526
f 927/1446/525 924/1443/525 925/1444/525
f 489/654/527 501/676/527 926/1445/527
f 876/1369/528 868/1354/528 919/1438/528
f 490/655/529 489/654/529 926/1445/529
f 502/677/530 508/691/530 927/1446/530
f 882/1382/531 876/1369/531 919/1438/531
f 502/677/532 927/1446/532 928/1447/532
f 902/1415/533 490/655/533 926/1445/533
f 514/702/534 502/677/534 928/1447/534
f 893/1398/535 882/1382/535 919/1438/535
f 527/727/536 514/702/536 928/1447/536
f 903/1416/537 902/1415/537 926/1445/537
f 897/1404/538 893/1398/538 919/1438/538
f 542/755/539 928/1447/539 929/1448/539
f 897/1404/540 919/1438/540 930/1449/540
f 542/755/541 527/727/541 928/1447/541
f 891/1395/542 903/1416/542 926/1445/542
f 901/1413/543 897/1404/543 930/1449/543
f 555/779/544 542/755/544 929/1448/544
f 877/1372/545 891/1395/545 926/1445/545
f 907/1422/546 901/1413/546 930/1449/546
f 866/1351/547 877/1372/547 926/1445/547
f 569/806/548 555/779/548 929/1448/548
f 494/662/549 907/1422/549 930/1449/549
f 851/1322/550 866/1351/550 926/1445/550
f 584/833/551 569/806/551 929/1448/551
f 839/1302/552 926/1445/552 931/1450/552
f 595/854/553 584/833/553 929/1448/553
f 839/1302/554 851/1322/554 926/1445/554
f 493/660/555 494/662/555 930/1449/555
f 608/879/556 595/854/556 929/1448/556
f 829/1283/557 839/1302/557 931/1450/557
f 500/673/558 493/660/558 930/1449/558
f 621/901/559 608/879/559 929/1448/559
f 817/1261/560 829/1283/560 931/1450/560
f 634/925/561 621/901/561 929/1448/561
f 505/685/562 500/673/562 930/1449/562
f 634/925/563 929/1448/563 932/1451/563
f 818/1262/564 817/1261/564 931/1450/564
f 646/949/565 634/925/565 932/1451/565
f 512/697/566 505/685/566 930/1449/566
f 808/1243/567 818/1262/567 931/1450/567
f 518/710/568 930/1449/568 933/1452/568
f 518/710/569 512/697/569 930/1449/569
f 796/1219/570 808/1243/570 931/1450/570
f 663/978/571 646/949/571 932/1451/571
f 524/720/572 518/710/572 933/1452/572
f 784/1196/573 796/1219/573 931/1450/573
f 679/1006/574 663/978/574 932/1451/574
f 530/731/575 524/720/575 933/1452/575
f 697/1040/576 679/1006/576 932/1451/576
f 773/1178/577 784/1196/577 931/1450/577
f 760/1156/578 931/1450/578 934/1453/578
f 705/1054/579 697/1040/579 932/1451/579
f 538/747/580 530/731/580 933/1452/580
f 760/1156/581 773/1178/581 931/1450/581
f 718/1077/582 705/1054/582 932/1451/582
f 747/1134/583 760/1156/583 934/1453/583
f 550/770/584 538/747/584 933/1452/584
f 731/1103/585 718/1077/585 932/1451/585
f 732/1106/586 747/1134/586 934/1453/586
f 742/1125/587 731/1103/587 932/1451/587
f 558/786/588 550/770/588 933/1452/588
f 742/1125/589 932/1451/589 935/1454/589
f 755/1148/590 742/1125/590 935/1454/590
f 733/1107/591 732/1106/591 934/1453/591
f 568/804/592 558/786/592 933/1452/592
f 719/1080/593 733/1107/593 934/1453/593
f 769/1170/594 755/1148/594 935/1454/594
f 580/825/595 933/1452/595 936/1455/595
f 580/825/596 568/804/596 933/1452/596
f 706/1057/597 719/1080/597 934/1453/597
f 777/1183/598 769/1170/598 935/1454/598
f 690/1028/599 706/1057/599 934/1453/599
f 792/1212/600 777/1183/600 935/1454/600
f 592/846/601 580/825/601 936/1455/601
f 797/1221/602 792/1212/602 935/1454/602
f 680/1008/603 690/1028/603 934/1453/603
f 603/868/604 592/846/604 936/1455/604
f 806/1238/605 797/1221/605 935/1454/605
f 661/974/606 680/1008/606 934/1453/606
f 644/945/607 934/1453/607 937/1456/607
f 812/1250/608 806/1238/608 935/1454/608
f 612/886/609 603/868/609 936/1455/609
f 644/945/610 661/974/610 934/1453/610
f 820/1265/611 935/1454/611 938/1457/611
f 914/1458/612 936/1455/612 939/1459/612
f 820/1265/613 812/1250/613 935/1454/613
f 828/1279/614 820/1265/614 938/1457/614
f 630/918/615 644/945/615 937/1456/615
f 914/1458/616 612/886/616 936/1455/616
f 627/913/617 612/886/617 914/1458/617
f 631/919/618 630/918/618 937/1456/618
f 618/896/619 631/919/619 937/1456/619
f 940/1460/620 939/1459/620 941/1461/620
f 607/877/621 618/896/621 937/1456/621
f 940/1460/612 914/1458/612 939/1459/612
f 942/1462/620 940/1460/620 941/1461/620
f 835/1294/622 828/1279/622 938/1457/622
f 942/1462/623 941/1461/623 921/1440/623
f 596/857/624 607/877/624 937/1456/624
f 923/1442/623 942/1462/623 921/1440/623
f 583/832/625 596/857/625 937/1456/625
f 570/809/626 583/832/626 937/1456/626
f 842/1306/627 835/1294/627 938/1457/627
f 559/787/628 570/809/628 937/1456/628
f 559/787/629 937/1456/629 943/1463/629
f 543/759/630 559/787/630 943/1463/630
f 847/1316/631 842/1306/631 938/1457/631
f 544/760/632 543/759/632 943/1463/632
f 852/1325/633 847/1316/633 938/1457/633
f 533/737/634 544/760/634 943/1463/634
f 862/1344/635 852/1325/635 938/1457/635
f 519/712/636 533/737/636 943/1463/636
f 870/1357/637 938/1457/637 944/1464/637
f 504/682/638 519/712/638 943/1463/638
f 870/1357/639 862/1344/639 938/1457/639
f 485/646/640 504/682/640 943/1463/640
f 875/1367/641 870/1357/641 944/1464/641
f 486/647/642 485/646/642 943/1463/642
f 880/1377/643 875/1367/643 944/1464/643
f 884/1385/644 486/647/644 943/1463/644
f 884/1385/645 943/1463/645 945/1465/645
f 863/1346/646 884/1385/646 945/1465/646
f 885/1386/647 880/1377/647 944/1464/647
f 864/1347/648 863/1346/648 945/1465/648
f 843/1309/649 864/1347/649 945/1465/649
f 946/1466/650 885/1386/650 944/1464/650
f 895/1401/651 885/1386/651 946/1466/651
f 947/1467/652 946/1466/652 944/1464/652
f 947/1467/652 944/1464/652 948/1468/652
f 947/1467/653 948/1468/653 949/1469/653
f 823/1271/654 843/1309/654 945/1465/654
f 950/1470/655 949/1469/655 951/1471/655
f 950/1470/653 947/1467/653 949/1469/653
f 952/1472/656 950/1470/656 951/1471/656
f 805/1236/657 823/1271/657 945/1465/657
f 889/1392/658 894/1400/658 952/1472/658
f 786/1200/659 805/1236/659 945/1465/659
f 889/1392/660 952/1472/660 951/1471/660
f 883/1384/661 889/1392/661 951/1471/661
f 764/1164/662 786/1200/662 945/1465/662
f 878/1373/663 883/1384/663 951/1471/663
f 872/1361/664 951/1471/664 953/1473/664
f 872/1361/665 878/1373/665 951/1471/665
f 741/1122/666 764/1164/666 945/1465/666
f 867/1352/667 872/1361/667 953/1473/667
f 856/1335/668 867/1352/668 953/1473/668
f 720/1083/669 945/1465/669 954/1474/669
f 720/1083/670 741/1122/670 945/1465/670
f 850/1320/671 856/1335/671 953/1473/671
f 721/1084/672 720/1083/672 954/1474/672
f 845/1312/673 850/1320/673 953/1473/673
f 841/1305/674 845/1312/674 953/1473/674
f 698/1042/675 721/1084/675 954/1474/675
f 833/1290/676 841/1305/676 953/1473/676
f 677/1002/677 698/1042/677 954/1474/677
f 826/1276/678 833/1290/678 953/1473/678
f 819/1263/679 826/1276/679 953/1473/679
f 811/1248/680 819/1263/680 953/1473/680
f 811/1248/681 953/1473/681 955/1475/681
f 956/1476/682 677/1002/682 954/1474/682
f 804/1234/683 811/1248/683 955/1475/683
f 794/1215/684 804/1234/684 955/1475/684
f 675/1000/685 677/1002/685 956/1476/685
f 957/1477/686 954/1474/686 958/1478/686
f 957/1477/687 958/1478/687 959/1479/687
f 782/1192/688 794/1215/688 955/1475/688
f 957/1477/686 956/1476/686 954/1474/686
f 775/1180/689 782/1192/689 955/1475/689
f 960/1480/690 959/1479/690 961/1481/690
f 960/1480/687 957/1477/687 959/1479/687
f 761/1158/691 775/1180/691 955/1475/691
f 962/1482/692 960/1480/692 961/1481/692
f 750/1138/693 761/1158/693 955/1475/693
f 736/1112/694 750/1138/694 955/1475/694
f 726/1093/695 955/1475/695 963/1483/695
f 652/960/696 651/959/696 962/1482/696
f 726/1093/697 736/1112/697 955/1475/697
f 652/960/698 962/1482/698 961/1481/698
f 712/1068/699 726/1093/699 963/1483/699
f 700/1045/700 712/1068/700 963/1483/700
f 678/1004/701 652/960/701 961/1481/701
f 701/1047/702 678/1004/702 961/1481/702
f 686/1020/703 700/1045/703 963/1483/703
f 723/1089/704 961/1481/704 964/1484/704
f 670/991/705 686/1020/705 963/1483/705
f 723/1089/706 701/1047/706 961/1481/706
f 743/1128/707 723/1089/707 964/1484/707
f 658/967/708 670/991/708 963/1483/708
f 745/1130/709 743/1128/709 964/1484/709
f 640/937/710 658/967/710 963/1483/710
f 628/914/711 640/937/711 963/1483/711
f 770/1172/712 745/1130/712 964/1484/712
f 614/889/713 963/1483/713 965/1485/713
f 614/889/714 628/914/714 963/1483/714
f 602/867/715 614/889/715 965/1485/715
f 787/1203/716 770/1172/716 964/1484/716
f 590/843/717 602/867/717 965/1485/717
f 807/1241/718 787/1203/718 964/1484/718
f 577/820/719 590/843/719 965/1485/719
f 825/1275/720 807/1241/720 964/1484/720
f 844/1311/721 825/1275/721 964/1484/721
f 564/796/722 577/820/722 965/1485/722
f 554/777/723 564/796/723 965/1485/723
f 869/1355/724 844/1311/724 964/1484/724
f 886/1389/725 964/1484/725 966/1486/725
f 540/751/726 554/777/726 965/1485/726
f 886/1389/727 869/1355/727 964/1484/727
f 526/724/728 540/751/728 965/1485/728
f 887/1390/729 886/1389/729 966/1486/729
f 487/651/730 887/1390/730 966/1486/730
f 513/699/731 526/724/731 965/1485/731
f 495/663/732 965/1485/732 967/1487/732
f 495/663/733 513/699/733 965/1485/733
f 488/652/734 487/651/734 966/1486/734
f 496/664/735 495/663/735 967/1487/735
f 900/1412/736 496/664/736 967/1487/736
f 507/690/737 488/652/737 966/1486/737
f 520/715/738 507/690/738 966/1486/738
f 892/1396/739 900/1412/739 967/1487/739
f 535/742/740 520/715/740 966/1486/740
f 879/1375/741 892/1396/741 967/1487/741
f 548/767/742 535/742/742 966/1486/742
f 871/1359/743 879/1375/743 967/1487/743
f 561/792/744 966/1486/744 968/1488/744
f 861/1342/745 871/1359/745 967/1487/745
f 561/792/746 548/767/746 966/1486/746
f 562/793/747 561/792/747 968/1488/747
f 831/1286/748 861/1342/748 967/1487/748
f 814/1253/749 967/1487/749 969/1489/749
f 814/1253/750 831/1286/750 967/1487/750
f 574/815/751 562/793/751 968/1488/751
f 801/1229/752 814/1253/752 969/1489/752
f 789/1206/753 801/1229/753 969/1489/753
f 587/839/754 574/815/754 968/1488/754
f 598/861/755 587/839/755 968/1488/755
f 781/1190/756 789/1206/756 969/1489/756
f 762/1159/757 781/1190/757 969/1489/757
f 609/882/758 598/861/758 968/1488/758
f 753/1142/759 762/1159/759 969/1489/759
f 622/905/760 609/882/760 968/1488/760
f 739/1117/761 753/1142/761 969/1489/761
f 635/928/762 622/905/762 968/1488/762
f 729/1099/763 739/1117/763 969/1489/763
f 647/953/764 968/1488/764 970/1490/764
f 647/953/765 635/928/765 968/1488/765
f 716/1073/766 729/1099/766 969/1489/766
f 648/954/767 647/953/767 970/1490/767
f 711/1065/768 716/1073/768 969/1489/768
f 711/1065/769 969/1489/769 971/1491/769
f 667/986/770 648/954/770 970/1490/770
f 702/1049/771 711/1065/771 971/1491/771
f 684/1016/772 667/986/772 970/1490/772
f 689/1024/773 702/1049/773 971/1491/773
f 694/1037/774 684/1016/774 970/1490/774
f 682/1012/775 689/1024/775 971/1491/775
f 666/983/776 682/1012/776 971/1491/776
f 709/1062/777 694/1037/777 970/1490/777
f 657/966/778 666/983/778 971/1491/778
f 724/1090/779 709/1062/779 970/1490/779
f 645/946/780 657/966/780 971/1491/780
f 737/1115/781 724/1090/781 970/1490/781
f 636/929/782 645/946/782 971/1491/782
f 751/1140/783 737/1115/783 970/1490/783
f 623/907/784 636/929/784 971/1491/784
f 623/907/785 971/1491/785 972/1492/785
f 752/1141/786 970/1490/786 973/1493/786
f 752/1141/787 751/1140/787 970/1490/787
f 610/884/788 623/907/788 972/1492/788
f 765/1165/789 752/1141/789 973/1493/789
f 600/863/790 610/884/790 972/1492/790
f 780/1189/791 765/1165/791 973/1493/791
f 591/844/792 600/863/792 972/1492/792
f 790/1209/793 780/1189/793 973/1493/793
f 578/821/794 591/844/794 972/1492/794
f 800/1228/795 790/1209/795 973/1493/795
f 565/798/796 578/821/796 972/1492/796
f 813/1252/797 800/1228/797 973/1493/797
f 556/782/798 565/798/798 972/1492/798
f 549/768/799 556/782/799 972/1492/799
f 824/1273/800 813/1252/800 973/1493/800
f 537/745/801 549/768/801 972/1492/801
f 836/1297/802 824/1273/802 973/1493/802
f 528/729/803 972/1492/803 974/1494/803
f 528/729/804 537/745/804 972/1492/804
f 837/1298/805 973/1493/805 975/1495/805
f 837/1298/806 836/1297/806 973/1493/806
f 523/718/807 528/729/807 974/1494/807
f 517/708/808 523/718/808 974/1494/808
f 849/1319/809 837/1298/809 975/1495/809
f 859/1339/810 849/1319/810 975/1495/810
f 511/695/811 517/708/811 974/1494/811
f 503/681/812 511/695/812 974/1494/812
f 873/1364/813 859/1339/813 975/1495/813
f 499/671/814 503/681/814 974/1494/814
f 888/1391/815 873/1364/815 975/1495/815
f 491/656/816 499/671/816 974/1494/816
f 898/1408/817 888/1391/817 975/1495/817
f 492/659/818 491/656/818 974/1494/818
f 906/1421/819 974/1494/819 976/1496/819
f 904/1419/820 898/1408/820 975/1495/820
f 906/1421/821 492/659/821 974/1494/821
f 899/1410/822 906/1421/822 976/1496/822
f 905/1420/823 904/1419/823 975/1495/823
f 896/1402/824 899/1410/824 976/1496/824
f 497/668/825 905/1420/825 975/1495/825
f 498/669/826 975/1495/826 977/1497/826
f 498/669/827 497/668/827 975/1495/827
f 890/1393/828 896/1402/828 976/1496/828
f 506/688/829 498/669/829 977/1497/829
f 881/1378/830 890/1393/830 976/1496/830
f 510/694/831 506/688/831 977/1497/831
f 874/1365/832 881/1378/832 976/1496/832
f 516/707/833 510/694/833 977/1497/833
f 865/1348/834 874/1365/834 976/1496/834
f 853/1326/835 865/1348/835 976/1496/835
f 525/723/836 516/707/836 977/1497/836
f 846/1315/837 976/1496/837 978/1498/837
f 846/1315/838 853/1326/838 976/1496/838
f 531/735/839 525/723/839 977/1497/839
f 532/736/840 531/735/840 977/1497/840
f 838/1300/841 846/1315/841 978/1498/841
f 832/1288/842 838/1300/842 978/1498/842
f 539/750/843 532/736/843 977/1497/843
f 827/1278/844 832/1288/844 978/1498/844
f 547/766/845 539/750/845 977/1497/845
f 547/766/846 977/1497/846 979/1499/846
f 553/776/847 547/766/847 979/1499/847
f 560/790/848 553/776/848 979/1499/848
f 567/803/849 560/790/849 979/1499/849
f 821/1266/850 827/1278/850 978/1498/850
f 575/817/851 567/803/851 979/1499/851
f 815/1255/852 821/1266/852 978/1498/852
f 581/828/853 575/817/853 979/1499/853
f 582/829/854 581/828/854 979/1499/854
f 589/842/855 582/829/855 979/1499/855
f 809/1244/856 815/1255/856 978/1498/856
f 802/1231/857 809/1244/857 978/1498/857
f 594/851/858 589/842/858 979/1499/858
f 601/866/859 979/1499/859 980/1500/859
f 601/866/860 594/851/860 979/1499/860
f 606/876/861 601/866/861 980/1500/861
f 798/1224/862 802/1231/862 978/1498/862
f 793/1213/863 798/1224/863 978/1498/863
f 613/888/864 606/876/864 980/1500/864
f 793/1213/865 978/1498/865 981/1501/865
f 620/900/866 613/888/866 980/1500/866
f 788/1204/867 793/1213/867 981/1501/867
f 625/910/868 620/900/868 980/1500/868
f 626/911/869 625/910/869 980/1500/869
f 783/1193/870 788/1204/870 981/1501/870
f 778/1185/871 783/1193/871 981/1501/871
f 632/921/872 626/911/872 980/1500/872
f 639/935/873 632/921/873 980/1500/873
f 643/943/874 980/1500/874 982/1502/874
f 643/943/875 639/935/875 980/1500/875
f 983/1503/876 778/1185/876 981/1501/876
f 656/965/877 643/943/877 982/1502/877
f 662/976/878 656/965/878 982/1502/878
f 776/1182/879 778/1185/879 983/1503/879
f 984/1504/880 983/1503/880 981/1501/880
f 668/988/881 662/976/881 982/1502/881
f 984/1504/882 981/1501/882 985/1505/882
f 674/999/883 668/988/883 982/1502/883
f 986/1506/884 984/1504/884 985/1505/884
f 986/1506/884 985/1505/884 987/1507/884
f 676/1001/885 674/999/885 982/1502/885
f 988/1508/886 986/1506/886 987/1507/886
f 988/1508/887 987/1507/887 989/1509/887
f 683/1014/888 676/1001/888 982/1502/888
f 688/1023/889 683/1014/889 982/1502/889
f 749/1137/890 988/1508/890 989/1509/890
f 749/1137/891 756/1150/891 988/1508/891
f 693/1034/892 982/1502/892 990/1510/892
f 693/1034/893 688/1023/893 982/1502/893
f 746/1131/894 749/1137/894 989/1509/894
f 699/1044/895 693/1034/895 990/1510/895
f 744/1129/896 746/1131/896 989/1509/896
f 704/1052/897 699/1044/897 990/1510/897
f 738/1116/898 989/1509/898 991/1511/898
f 738/1116/899 744/1129/899 989/1509/899
f 710/1064/900 704/1052/900 990/1510/900
f 734/1109/901 738/1116/901 991/1511/901
f 728/1097/902 734/1109/902 991/1511/902
f 714/1071/903 710/1064/903 990/1510/903
f 725/1092/904 728/1097/904 991/1511/904
f 717/1076/905 725/1092/905 991/1511/905
f 713/1069/906 717/1076/906 991/1511/906
f 715/1072/907 714/1071/907 990/1510/907
f 707/1059/908 713/1069/908 991/1511/908
f 708/1060/909 707/1059/909 991/1511/909
f 722/1086/910 715/1072/910 990/1510/910
f 703/1050/911 708/1060/911 991/1511/911
f 695/1038/912 991/1511/912 992/1512/912
f 695/1038/913 703/1050/913 991/1511/913
f 727/1095/914 722/1086/914 990/1510/914
f 691/1029/915 695/1038/915 992/1512/915
f 687/1021/916 691/1029/916 992/1512/916
f 730/1102/917 727/1095/917 990/1510/917
f 735/1111/918 990/1510/918 993/1513/918
f 681/1010/919 687/1021/919 992/1512/919
f 735/1111/920 730/1102/920 990/1510/920
f 671/993/921 681/1010/921 992/1512/921
f 740/1120/922 735/1111/922 993/1513/922
f 664/981/923 671/993/923 992/1512/923
f 665/982/924 664/981/924 992/1512/924
f 748/1135/925 740/1120/925 993/1513/925
f 659/970/926 665/982/926 992/1512/926
f 649/955/927 992/1512/927 994/1514/927
f 649/955/928 659/970/928 992/1512/928
f 641/939/929 649/955/929 994/1514/929
f 754/1145/930 748/1135/930 993/1513/930
f 995/1515/931 993/1513/931 996/1516/931
f 637/932/932 641/939/932 994/1514/932
f 995/1515/933 754/1145/933 993/1513/933
f 629/916/934 637/932/934 994/1514/934
f 758/1152/935 754/1145/935 995/1515/935
f 997/1517/936 995/1515/936 996/1516/936
f 624/908/937 629/916/937 994/1514/937
f 616/894/938 624/908/938 994/1514/938
f 998/1518/939 996/1516/939 999/1519/939
f 617/895/940 616/894/940 994/1514/940
f 998/1518/941 999/1519/941 1000/1520/941
f 998/1518/939 997/1517/939 996/1516/939
f 611/885/942 617/895/942 994/1514/942
f 604/871/943 994/1514/943 917/1436/943
f 1001/1521/941 998/1518/941 1000/1520/941
f 604/871/944 611/885/944 994/1514/944
f 599/862/945 604/871/945 917/1436/945
f 779/1187/946 1001/1521/946 1000/1520/946
f 593/849/947 599/862/947 917/1436/947
f 779/1187/948 774/1179/948 1001/1521/948
f 588/840/949 593/849/949 917/1436/949
f 785/1197/950 779/1187/950 1000/1520/950
f 579/824/951 588/840/951 917/1436/951
f 791/1210/952 785/1197/952 1000/1520/952
f 571/810/953 579/824/953 917/1436/953
f 795/1216/954 791/1210/954 1000/1520/954
f 795/1216/955 1000/1520/955 916/1435/955
f 572/811/956 571/810/956 917/1436/956
f 799/1225/957 795/1216/957 916/1435/957
f 566/799/958 572/811/958 917/1436/958
f 803/1233/959 799/1225/959 916/1435/959
f 557/785/960 566/799/960 917/1436/960
f 1002/1522/961 1003/1523/961 1004/1524/961
f 1002/1522/962 1005/1525/962 1003/1523/962
f 774/1526/963 1006/1527/963 1001/1528/963
f 1007/1529/961 1002/1522/961 1006/1527/961
f 1007/1529/962 1005/1525/962 1002/1522/962
f 1007/1529/964 1006/1527/964 774/1526/964
f 1008/1530/961 774/1526/961 772/1531/961
f 1008/1530/962 1007/1529/962 774/1526/962
f 1009/1532/965 1010/1533/965 757/1534/965
f 757/1534/965 1010/1533/965 767/1535/965
f 767/1535/966 1011/1536/966 766/1537/966
f 766/1538/967 1011/1539/967 772/1540/967
f 1010/1533/966 1011/1536/966 767/1535/966
f 1011/1539/967 1008/1541/967 772/1540/967
f 1012/1542/968 1013/1543/968 1014/1544/968
f 1015/1545/968 1013/1543/968 1012/1542/968
f 1016/1546/969 758/1547/969 995/1548/969
f 1013/1543/970 1017/1549/970 1016/1546/970
f 1015/1545/968 1017/1549/968 1013/1543/968
f 1016/1546/971 1017/1549/971 758/1547/971
f 758/1547/968 1009/1550/968 757/1551/968
f 1017/1549/970 1009/1550/970 758/1547/970
f 1018/1552/972 1019/1553/972 1020/1554/972
f 1018/1552/972 1021/1555/972 1019/1553/972
f 651/1556/973 1022/1557/973 962/1558/973
f 1023/1559/974 1018/1552/974 1022/1557/974
f 1023/1559/972 1021/1555/972 1018/1552/972
f 1023/1559/975 1022/1557/975 651/1556/975
f 1024/1560/972 651/1556/972 653/1561/972
f 1024/1560/972 1023/1559/972 651/1556/972
f 1025/1562/976 1026/1563/976 673/1564/976
f 673/1564/976 1026/1563/976 654/1565/976
f 654/1565/977 1027/1566/977 655/1567/977
f 655/1568/978 1027/1569/978 653/1570/978
f 1026/1563/977 1027/1566/977 654/1565/977
f 1027/1569/978 1024/1571/978 653/1570/978
f 1028/1572/979 1029/1573/979 1030/1574/979
f 1031/1575/980 1029/1573/980 1028/1572/980
f 1032/1576/981 675/1577/981 956/1578/981
f 1029/1573/980 1033/1579/980 1032/1576/980
f 1031/1575/980 1033/1579/980 1029/1573/980
f 1032/1576/982 1033/1579/982 675/1577/982
f 675/1577/979 1025/1580/979 673/1581/979
f 1033/1579/980 1025/1580/980 675/1577/980
f 1034/1582/983 1035/1583/983 1036/1584/983
f 1034/1582/984 1037/1585/984 1035/1583/984
f 756/1586/985 1038/1587/985 988/1588/985
f 1039/1589/983 1034/1582/983 1038/1587/983
f 1039/1589/984 1037/1585/984 1034/1582/984
f 1039/1589/986 1038/1587/986 756/1586/986
f 1040/1590/983 756/1586/983 759/1591/983
f 1040/1590/984 1039/1589/984 756/1586/984
f 771/1592/987 1041/1593/987 768/1594/987
f 1041/1593/987 1042/1595/987 768/1594/987
f 768/1596/988 1043/1597/988 763/1598/988
f 1042/1599/988 1043/1597/988 768/1596/988
f 763/1598/989 1040/1600/989 759/1601/989
f 1043/1597/989 1040/1600/989 763/1598/989
f 1044/1602/990 1045/1603/990 1046/1604/990
f 1047/1605/990 1045/1603/990 1044/1602/990
f 1048/1606/977 776/1607/977 983/1608/977
f 1045/1603/991 1049/1609/991 1048/1606/991
f 1047/1605/990 1049/1609/990 1045/1603/990
f 1048/1606/992 1049/1609/992 776/1607/992
f 776/1607/990 1041/1610/990 771/1611/990
f 1049/1609/991 1041/1610/991 776/1607/991
f 1050/1612/993 1051/1613/993 1052/1614/993
f 1050/1612/993 1053/1615/993 1051/1613/993
f 894/1616/994 1054/1617/994 952/1618/994
f 1055/1619/995 1050/1612/995 1054/1617/995
f 1055/1619/993 1053/1615/993 1050/1612/993
f 1055/1619/996 1054/1617/996 894/1616/996
f 1056/1620/993 894/1616/993 855/1621/993
f 1056/1620/993 1055/1619/993 894/1616/993
f 858/1622/997 1057/1623/997 857/1624/997
f 1057/1623/997 1058/1625/997 857/1624/997
f 857/1626/969 1059/1627/969 860/1628/969
f 1058/1629/969 1059/1627/969 857/1626/969
f 860/1628/998 1056/1630/998 855/1631/998
f 1059/1627/998 1056/1630/998 860/1628/998
f 1060/1632/999 1061/1633/999 1062/1634/999
f 1063/1635/1000 1061/1633/1000 1060/1632/1000
f 1064/1636/1001 895/1637/1001 946/1638/1001
f 1061/1633/1000 1065/1639/1000 1064/1636/1000
f 1063/1635/1000 1065/1639/1000 1061/1633/1000
f 1064/1636/1002 1065/1639/1002 895/1637/1002
f 895/1637/999 1057/1640/999 858/1641/999
f 1065/1639/1000 1057/1640/1000 895/1637/1000
f 1066/1642/1003 1067/1643/1003 1068/1644/1003
f 1069/1645/1003 1067/1643/1003 1066/1642/1003
f 1070/1646/1003 1068/1644/1003 1067/1643/1003
f 1071/1647/1003 1070/1646/1003 1067/1643/1003
f 508/1648/1004 1071/1647/1004 927/1649/1004
f 508/1648/1005 1070/1646/1005 1071/1647/1005
f 1072/1650/1003 1070/1646/1003 508/1648/1003
f 696/1651/1003 1072/1650/1003 508/1648/1003
f 534/1652/1006 915/1653/1006 541/1654/1006
f 541/1654/1007 915/1653/1007 545/1655/1007
f 545/1655/1008 915/1653/1008 552/1656/1008
f 552/1656/1009 915/1653/1009 563/1657/1009
f 563/1657/1010 1073/1658/1010 573/1659/1010
f 573/1659/1011 1073/1658/1011 576/1660/1011
f 576/1660/1012 1073/1658/1012 585/1661/1012
f 585/1661/1013 1073/1658/1013 586/1662/1013
f 586/1662/1014 1073/1658/1014 597/1663/1014
f 597/1663/1015 1073/1658/1015 605/1664/1015
f 605/1664/1016 1073/1658/1016 615/1665/1016
f 915/1653/1017 1073/1658/1017 563/1657/1017
f 615/1665/1018 1074/1666/1018 619/1667/1018
f 619/1667/1019 1074/1666/1019 633/1668/1019
f 633/1668/1020 1074/1666/1020 638/1669/1020
f 638/1669/1021 1074/1666/1021 642/1670/1021
f 642/1670/1022 1074/1666/1022 650/1671/1022
f 650/1671/1023 1074/1666/1023 660/1672/1023
f 660/1672/1024 1074/1666/1024 669/1673/1024
f 1073/1658/1025 1074/1666/1025 615/1665/1025
f 669/1673/1026 1072/1674/1026 672/1675/1026
f 672/1675/1027 1072/1674/1027 685/1676/1027
f 685/1676/1028 1072/1674/1028 692/1677/1028
f 692/1677/1029 1072/1674/1029 696/1678/1029
f 1074/1666/1030 1072/1674/1030 669/1673/1030
f 911/1679/8 1075/1680/8 909/1681/8
f 1076/1682/8 1077/1683/8 1075/1680/8
f 1076/1682/8 1078/1684/8 1077/1683/8
f 1079/1685/8 1080/1686/8 1078/1684/8
f 1079/1685/8 1081/1687/8 1080/1686/8
f 1069/1688/8 1066/1689/8 1081/1687/8
f 1077/1683/8 909/1681/8 1075/1680/8
f 1080/1686/8 1077/1683/8 1078/1684/8
f 1066/1689/8 1080/1686/8 1081/1687/8
f 910/1690/1031 1077/1691/1031 1082/1692/1031
f 909/1693/1031 1077/1691/1031 910/1690/1031
f 1082/1692/1 1080/1694/1 1083/1695/1
f 1077/1691/1 1080/1694/1 1082/1692/1
f 1083/1695/1032 1066/1696/1032 1068/1697/1032
f 1080/1694/1032 1066/1696/1032 1083/1695/1032
f 912/1698/1033 1082/1699/1033 1084/1700/1033
f 910/1701/1033 1082/1699/1033 912/1698/1033
f 1084/1700/1034 1083/1702/1034 1085/1703/1034
f 1082/1699/1034 1083/1702/1034 1084/1700/1034
f 1085/1703/1035 1068/1704/1035 1070/1705/1035
f 1083/1702/1035 1068/1704/1035 1085/1703/1035
f 1084/1700/3 915/1706/3 912/1698/3
f 1084/1700/3 1073/1707/3 915/1706/3
f 1085/1703/3 1074/1708/3 1084/1700/3
f 1084/1700/3 1074/1708/3 1073/1707/3
f 1070/1705/3 1072/1709/3 1085/1703/3
f 1085/1703/3 1072/1709/3 1074/1708/3
f 914/1710/8 1086/1711/8 913/1712/8
f 940/1713/8 1086/1711/8 914/1710/8
f 942/1714/8 1087/1715/8 940/1713/8
f 940/1713/8 1087/1715/8 1086/1711/8
f 923/1716/8 1088/1717/8 942/1714/8
f 942/1714/8 1088/1717/8 1087/1715/8
f 920/1718/8 1089/1719/8 923/1716/8
f 923/1716/8 1089/1719/8 1088/1717/8
f 924/1720/1036 1090/1721/1036 920/1718/1036
f 920/1718/1037 1090/1721/1037 1089/1719/1037
f 927/1722/8 1071/1723/8 924/1720/8
f 924/1720/8 1071/1723/8 1090/1721/8
f 908/1724/1038 1086/1711/1038 1091/1725/1038
f 913/1712/1039 1086/1711/1039 908/1724/1039
f 1086/1711/1040 1087/1715/1040 1091/1725/1040
f 1091/1725/1041 1088/1717/1041 1092/1726/1041
f 1087/1715/1042 1088/1717/1042 1091/1725/1042
f 1088/1717/1043 1089/1719/1043 1092/1726/1043
f 1092/1726/1044 1090/1721/1044 1067/1727/1044
f 1089/1719/1045 1090/1721/1045 1092/1726/1045
f 1090/1721/1046 1071/1723/1046 1067/1727/1046
f 936/1728/1047 908/1729/1047 939/1730/1047
f 939/1731/1048 1091/1732/1048 941/1733/1048
f 941/1733/1049 1091/1732/1049 921/1734/1049
f 908/1724/8 1091/1725/8 939/1735/8
f 921/1736/1050 1092/1737/1050 922/1738/1050
f 922/1738/1051 1092/1737/1051 925/1739/1051
f 1091/1725/8 1092/1726/8 921/1740/8
f 925/1741/1052 1067/1742/1052 928/1743/1052
f 1092/1726/8 1067/1727/8 925/1744/8
f 1093/1745/1053 1081/1687/1053 1079/1685/1053
f 928/1746/1054 1069/1747/1054 1094/1748/1054
f 929/1749/1055 928/1746/1055 1094/1748/1055
f 929/1749/1056 1094/1748/1056 1095/1750/1056
f 932/1751/1057 929/1749/1057 1095/1750/1057
f 932/1751/1058 1095/1750/1058 1096/1752/1058
f 935/1753/1059 932/1751/1059 1096/1752/1059
f 935/1753/1060 1096/1752/1060 1097/1754/1060
f 1098/1755/1061 1062/1756/1061 1099/1757/1061
f 938/1758/1062 935/1753/1062 1097/1754/1062
f 938/1758/1063 1097/1754/1063 1099/1759/1063
f 944/1760/1064 1099/1759/1064 1062/1761/1064
f 944/1760/1065 938/1758/1065 1099/1759/1065
f 951/1762/96 1052/1763/96 1100/1764/96
f 953/1765/1066 951/1762/1066 1100/1764/1066
f 953/1765/1067 1100/1764/1067 1101/1766/1067
f 955/1767/1068 953/1765/1068 1101/1766/1068
f 955/1767/1069 1101/1766/1069 1102/1768/1069
f 963/1769/1070 955/1767/1070 1102/1768/1070
f 963/1769/1071 1102/1768/1071 1103/1770/1071
f 965/1771/1072 1103/1770/1072 1104/1772/1072
f 965/1771/1073 963/1769/1073 1103/1770/1073
f 967/1773/1074 1104/1772/1074 1105/1774/1074
f 967/1773/1075 965/1771/1075 1104/1772/1075
f 969/1775/1076 1105/1774/1076 1106/1776/1076
f 969/1775/1077 967/1773/1077 1105/1774/1077
f 971/1777/1078 1106/1776/1078 1107/1778/1078
f 971/1777/1079 969/1775/1079 1106/1776/1079
f 972/1779/1080 971/1777/1080 1107/1778/1080
f 972/1779/1081 1107/1778/1081 1108/1780/1081
f 974/1781/1082 972/1779/1082 1108/1780/1082
f 974/1781/1083 1108/1780/1083 1109/1782/1083
f 976/1783/1084 974/1781/1084 1109/1782/1084
f 976/1783/1085 1109/1782/1085 1110/1784/1085
f 978/1785/1086 976/1783/1086 1110/1784/1086
f 978/1785/1087 1110/1784/1087 1111/1786/1087
f 981/1787/1088 1111/1786/1088 1046/1788/1088
f 981/1787/1089 978/1785/1089 1111/1786/1089
f 989/1789/1090 1036/1790/1090 1112/1791/1090
f 991/1792/1091 989/1789/1091 1112/1791/1091
f 991/1792/1092 1112/1791/1092 1113/1793/1092
f 992/1794/1093 991/1792/1093 1113/1793/1093
f 992/1794/1094 1113/1793/1094 1114/1795/1094
f 994/1796/1095 992/1794/1095 1114/1795/1095
f 994/1796/1096 1114/1795/1096 1115/1797/1096
f 917/1798/1097 994/1796/1097 1115/1797/1097
f 917/1798/1098 1115/1797/1098 1116/1799/1098
f 918/1800/1099 917/1798/1099 1116/1799/1099
f 918/1800/1100 1116/1799/1100 1117/1801/1100
f 926/1802/1101 1117/1801/1101 1118/1803/1101
f 926/1802/1102 918/1800/1102 1117/1801/1102
f 931/1804/1103 1118/1803/1103 1119/1805/1103
f 931/1804/1104 926/1802/1104 1118/1803/1104
f 934/1806/1105 1119/1805/1105 1120/1807/1105
f 934/1806/1106 931/1804/1106 1119/1805/1106
f 937/1808/1107 1120/1807/1107 1121/1809/1107
f 937/1808/1108 934/1806/1108 1120/1807/1108
f 943/1810/1109 1121/1809/1109 1122/1811/1109
f 943/1810/1110 937/1808/1110 1121/1809/1110
f 945/1812/1111 1122/1811/1111 1123/1813/1111
f 945/1812/1112 943/1810/1112 1122/1811/1112
f 954/1814/1113 1123/1813/1113 1030/1815/1113
f 954/1814/1114 945/1812/1114 1123/1813/1114
f 961/1816/1115 1020/1817/1115 1124/1818/1115
f 964/1819/1116 1124/1818/1116 1125/1820/1116
f 964/1819/1117 961/1816/1117 1124/1818/1117
f 966/1821/1118 1125/1820/1118 1126/1822/1118
f 966/1821/1119 964/1819/1119 1125/1820/1119
f 968/1823/1120 1126/1822/1120 1127/1824/1120
f 968/1823/1121 966/1821/1121 1126/1822/1121
f 970/1825/1122 968/1823/1122 1127/1824/1122
f 970/1825/1123 1127/1824/1123 1128/1826/1123
f 973/1827/1124 970/1825/1124 1128/1826/1124
f 973/1827/1125 1128/1826/1125 1129/1828/1125
f 975/1829/1126 973/1827/1126 1129/1828/1126
f 975/1829/1127 1129/1828/1127 1130/1830/1127
f 977/1831/1128 1130/1830/1128 1131/1832/1128
f 977/1831/1129 975/1829/1129 1130/1830/1129
f 979/1833/1130 1131/1832/1130 1132/1834/1130
f 979/1833/1131 977/1831/1131 1131/1832/1131
f 980/1835/1132 1132/1834/1132 1133/1836/1132
f 980/1835/1133 979/1833/1133 1132/1834/1133
f 982/1837/1134 1133/1836/1134 1134/1838/1134
f 982/1837/1135 980/1835/1135 1133/1836/1135
f 1135/1839/1136 1004/1840/1136 1136/1841/1136
f 990/1842/1137 1134/1838/1137 1137/1843/1137
f 990/1842/1138 982/1837/1138 1134/1838/1138
f 993/1844/89 1137/1843/89 1014/1845/89
f 993/1844/1139 990/1842/1139 1137/1843/1139
f 1000/1846/1140 1004/1847/1140 1135/1848/1140
f 916/1849/1141 1135/1848/1141 1138/1850/1141
f 916/1849/1142 1000/1846/1142 1135/1848/1142
f 919/1851/1143 1138/1850/1143 1139/1852/1143
f 919/1851/1144 916/1849/1144 1138/1850/1144
f 930/1853/1145 1139/1852/1145 1140/1854/1145
f 930/1853/1146 919/1851/1146 1139/1852/1146
f 933/1855/1147 1140/1854/1147 1141/1856/1147
f 933/1855/1148 930/1853/1148 1140/1854/1148
f 1076/1682/1149 1075/1680/1149 1142/1857/1149
f 936/1858/1150 1141/1856/1150 911/1859/1150
f 936/1858/1151 933/1855/1151 1141/1856/1151
f 1069/1860/1152 1081/1861/1152 1093/1862/1152
f 1075/1863/1153 911/1864/1153 1142/1865/1153
f 1143/1866/8 1093/1745/8 1079/1685/8
f 1093/1745/8 1094/1867/8 1069/1688/8
f 1099/1757/8 1100/1868/8 1052/1869/8
f 1099/1757/1154 1052/1869/1154 1144/1870/1154
f 1099/1757/1155 1144/1870/1155 1098/1755/1155
f 1111/1871/8 1112/1872/8 1036/1873/8
f 1111/1871/8 1036/1873/8 1145/1874/8
f 1111/1871/8 1145/1874/8 1146/1875/8
f 1111/1871/8 1146/1875/8 1046/1876/8
f 1123/1877/8 1124/1878/8 1030/1879/8
f 1030/1879/8 1124/1878/8 1147/1880/8
f 1147/1880/8 1124/1878/8 1148/1881/8
f 1148/1881/8 1124/1878/8 1020/1882/8
f 1137/1883/8 1135/1839/8 1014/1884/8
f 1014/1884/1156 1135/1839/1156 1149/1885/1156
f 1149/1885/1157 1135/1839/1157 1136/1841/1157
f 1141/1886/8 1142/1857/8 911/1679/8
f 1142/1857/8 1078/1684/8 1076/1682/8
f 1029/1887/1158 1150/1888/1158 954/1889/1158
f 954/1889/1158 1150/1888/1158 958/1890/1158
f 958/1890/1159 1151/1891/1159 959/1892/1159
f 959/1893/1160 1151/1894/1160 961/1895/1160
f 1150/1888/1161 1151/1891/1161 958/1890/1161
f 1151/1894/1160 1018/1896/1160 961/1895/1160
f 981/1897/1162 1045/1898/1162 985/1899/1162
f 1045/1898/1162 1152/1900/1162 985/1899/1162
f 985/1901/1163 1153/1902/1163 987/1903/1163
f 1152/1904/1164 1153/1902/1164 985/1901/1164
f 987/1903/1165 1034/1905/1165 989/1906/1165
f 1153/1902/1165 1034/1905/1165 987/1903/1165
f 944/1907/1166 1061/1908/1166 948/1909/1166
f 1061/1908/1166 1154/1910/1166 948/1909/1166
f 948/1911/1167 1155/1912/1167 949/1913/1167
f 1154/1914/1168 1155/1912/1168 948/1911/1168
f 949/1913/1169 1050/1915/1169 951/1916/1169
f 1155/1912/1169 1050/1915/1169 949/1913/1169
f 946/1917/8 947/1918/8 1064/1919/8
f 947/1918/8 1156/1920/8 1064/1919/8
f 947/1918/8 950/1921/8 1156/1920/8
f 950/1921/8 1157/1922/8 1156/1920/8
f 950/1921/8 952/1923/8 1157/1922/8
f 952/1923/8 1054/1924/8 1157/1922/8
f 983/1925/8 984/1926/8 1048/1927/8
f 984/1926/8 1158/1928/8 1048/1927/8
f 984/1926/8 986/1929/8 1158/1928/8
f 986/1929/8 1159/1930/8 1158/1928/8
f 986/1929/8 988/1931/8 1159/1930/8
f 988/1931/8 1038/1932/8 1159/1930/8
f 956/1933/8 1160/1934/8 1032/1935/8
f 957/1936/8 1160/1934/8 956/1933/8
f 960/1937/8 1161/1938/8 957/1936/8
f 957/1936/8 1161/1938/8 1160/1934/8
f 962/1939/8 1022/1940/8 960/1937/8
f 960/1937/8 1022/1940/8 1161/1938/8
f 995/1941/8 997/1942/8 1016/1943/8
f 997/1942/8 1162/1944/8 1016/1943/8
f 997/1942/8 998/1945/8 1162/1944/8
f 998/1945/8 1163/1946/8 1162/1944/8
f 998/1945/8 1001/1947/8 1163/1946/8
f 1001/1947/8 1006/1948/8 1163/1946/8
f 1013/1949/1170 1164/1950/1170 993/1951/1170
f 993/1951/1170 1164/1950/1170 996/1952/1170
f 996/1952/1171 1165/1953/1171 999/1954/1171
f 999/1955/1172 1165/1956/1172 1000/1957/1172
f 1164/1950/1173 1165/1953/1173 996/1952/1173
f 1165/1956/1172 1002/1958/1172 1000/1957/1172
f 1014/1884/8 1149/1885/8 1012/1959/8
f 1149/1885/8 1166/1960/8 1012/1959/8
f 1149/1885/8 1136/1841/8 1166/1960/8
f 1136/1841/8 1167/1961/8 1166/1960/8
f 1136/1841/8 1004/1840/8 1167/1961/8
f 1004/1840/8 1003/1962/8 1167/1961/8
f 1015/1963/987 1166/1964/987 1168/1965/987
f 1012/1966/987 1166/1964/987 1015/1963/987
f 1168/1967/988 1167/1968/988 1169/1969/988
f 1166/1970/988 1167/1968/988 1168/1967/988
f 1169/1969/989 1003/1971/989 1005/1972/989
f 1167/1968/989 1003/1971/989 1169/1969/989
f 1017/1973/936 1168/1974/936 1170/1975/936
f 1015/1976/936 1168/1974/936 1017/1973/936
f 1170/1975/939 1169/1977/939 1171/1978/939
f 1168/1974/939 1169/1977/939 1170/1975/939
f 1171/1978/941 1005/1979/941 1007/1980/941
f 1169/1977/941 1005/1979/941 1171/1978/941
f 1170/1975/3 1009/1981/3 1017/1973/3
f 1171/1978/3 1010/1982/3 1170/1975/3
f 1170/1975/3 1010/1982/3 1009/1981/3
f 1171/1978/3 1011/1983/3 1010/1982/3
f 1007/1980/3 1008/1984/3 1171/1978/3
f 1171/1978/3 1008/1984/3 1011/1983/3
f 1013/1985/1174 1162/1944/1174 1164/1986/1174
f 1016/1943/1174 1162/1944/1174 1013/1985/1174
f 1164/1986/1175 1163/1946/1175 1165/1987/1175
f 1162/1944/1175 1163/1946/1175 1164/1986/1175
f 1165/1987/1176 1006/1948/1176 1002/1988/1176
f 1163/1946/1176 1006/1948/1176 1165/1987/1176
f 1147/1880/8 1172/1989/8 1030/1879/8
f 1030/1879/8 1172/1989/8 1028/1990/8
f 1148/1881/8 1173/1991/8 1147/1880/8
f 1147/1880/8 1173/1991/8 1172/1989/8
f 1148/1881/8 1020/1882/8 1173/1991/8
f 1020/1882/8 1019/1992/8 1173/1991/8
f 1031/1993/997 1172/1994/997 1174/1995/997
f 1028/1996/997 1172/1994/997 1031/1993/997
f 1174/1997/969 1173/1998/969 1175/1999/969
f 1172/2000/969 1173/1998/969 1174/1997/969
f 1175/1999/998 1019/2001/998 1021/2002/998
f 1173/1998/998 1019/2001/998 1175/1999/998
f 1033/2003/686 1174/2004/686 1176/2005/686
f 1031/2006/686 1174/2004/686 1033/2003/686
f 1176/2005/687 1175/2007/687 1177/2008/687
f 1174/2004/687 1175/2007/687 1176/2005/687
f 1177/2008/692 1021/2009/692 1023/2010/692
f 1175/2007/692 1021/2009/692 1177/2008/692
f 1176/2005/3 1025/2011/3 1033/2003/3
f 1177/2008/3 1026/2012/3 1176/2005/3
f 1176/2005/3 1026/2012/3 1025/2011/3
f 1177/2008/3 1027/2013/3 1026/2012/3
f 1023/2010/3 1024/2014/3 1177/2008/3
f 1177/2008/3 1024/2014/3 1027/2013/3
f 1029/2015/1177 1160/1934/1177 1150/2016/1177
f 1032/1935/1177 1160/1934/1177 1029/2015/1177
f 1150/2016/1178 1161/1938/1178 1151/2017/1178
f 1160/1934/1178 1161/1938/1178 1150/2016/1178
f 1151/2017/1179 1022/1940/1179 1018/2018/1179
f 1161/1938/1179 1022/1940/1179 1151/2017/1179
f 1146/1875/8 1178/2019/8 1046/1876/8
f 1046/1876/8 1178/2019/8 1044/2020/8
f 1145/1874/8 1179/2021/8 1146/1875/8
f 1146/1875/8 1179/2021/8 1178/2019/8
f 1036/1873/8 1035/2022/8 1145/1874/8
f 1145/1874/8 1035/2022/8 1179/2021/8
f 1047/2023/965 1178/2024/965 1180/2025/965
f 1044/2026/965 1178/2024/965 1047/2023/965
f 1180/2025/966 1179/2027/966 1181/2028/966
f 1178/2024/966 1179/2027/966 1180/2025/966
f 1181/2029/967 1035/2030/967 1037/2031/967
f 1179/2032/967 1035/2030/967 1181/2029/967
f 1049/2033/880 1180/2034/880 1182/2035/880
f 1047/2036/880 1180/2034/880 1049/2033/880
f 1182/2035/884 1181/2037/884 1183/2038/884
f 1180/2034/884 1181/2037/884 1182/2035/884
f 1183/2038/886 1037/2039/886 1039/2040/886
f 1181/2037/886 1037/2039/886 1183/2038/886
f 1182/2035/3 1041/2041/3 1049/2033/3
f 1183/2038/3 1042/2042/3 1182/2035/3
f 1182/2035/3 1042/2042/3 1041/2041/3
f 1183/2038/3 1043/2043/3 1042/2042/3
f 1039/2040/3 1040/2044/3 1183/2038/3
f 1183/2038/3 1040/2044/3 1043/2043/3
f 1045/2045/1180 1158/1928/1180 1152/2046/1180
f 1048/1927/1180 1158/1928/1180 1045/2045/1180
f 1152/2046/1181 1159/1930/1181 1153/2047/1181
f 1158/1928/1181 1159/1930/1181 1152/2046/1181
f 1153/2047/1182 1038/1932/1182 1034/2048/1182
f 1159/1930/1182 1038/1932/1182 1153/2047/1182
f 1098/1755/8 1184/2049/8 1062/1756/8
f 1062/1756/8 1184/2049/8 1060/2050/8
f 1098/1755/8 1144/1870/8 1184/2049/8
f 1144/1870/8 1185/2051/8 1184/2049/8
f 1144/1870/8 1052/1869/8 1185/2051/8
f 1052/1869/8 1051/2052/8 1185/2051/8
f 1063/2053/976 1184/2054/976 1186/2055/976
f 1060/2056/976 1184/2054/976 1063/2053/976
f 1186/2055/977 1185/2057/977 1187/2058/977
f 1184/2054/977 1185/2057/977 1186/2055/977
f 1187/2059/978 1051/2060/978 1053/2061/978
f 1185/2062/978 1051/2060/978 1187/2059/978
f 1065/2063/652 1186/2064/652 1188/2065/652
f 1063/2066/652 1186/2064/652 1065/2063/652
f 1188/2065/653 1187/2067/653 1189/2068/653
f 1186/2064/653 1187/2067/653 1188/2065/653
f 1189/2068/656 1053/2069/656 1055/2070/656
f 1187/2067/656 1053/2069/656 1189/2068/656
f 1188/2065/3 1058/2071/3 1065/2063/3
f 1189/2068/3 1058/2071/3 1188/2065/3
f 1065/2063/3 1058/2071/3 1057/2072/3
f 1055/2070/3 1059/2073/3 1189/2068/3
f 1189/2068/3 1059/2073/3 1058/2071/3
f 1055/2070/3 1056/2074/3 1059/2073/3
f 1061/2075/1183 1156/1920/1183 1154/2076/1183
f 1064/1919/1183 1156/1920/1183 1061/2075/1183
f 1154/2076/1184 1157/1922/1184 1155/2077/1184
f 1156/1920/1184 1157/1922/1184 1154/2076/1184
f 1155/2077/1185 1054/1924/1185 1050/2078/1185
f 1157/1922/1185 1054/1924/1185 1155/2077/1185
f 1103/2079/8 1102/2080/8 1101/2081/8
f 1103/2079/8 1097/2082/8 1095/2083/8
f 1134/2084/8 1135/1839/8 1137/1883/8
f 1139/2085/8 1138/2086/8 1135/1839/8
f 1118/2087/8 1120/2088/8 1119/2089/8
f 1118/2087/8 1121/2090/8 1120/2088/8
f 1132/2091/8 1134/2084/8 1133/2092/8
f 1132/2091/8 1135/1839/8 1134/2084/8
f 1107/2093/8 1132/2091/8 1121/2090/8
f 1107/2093/8 1104/2094/8 1103/2079/8
f 1107/2093/8 1105/2095/8 1104/2094/8
f 1107/2093/8 1106/2096/8 1105/2095/8
f 1107/2093/8 1121/2090/8 1118/2087/8
f 1107/2093/8 1103/2079/8 1095/2083/8
f 1142/1857/8 1140/2097/8 1139/2085/8
f 1107/2093/8 1095/2083/8 1132/2091/8
f 1142/1857/8 1141/1886/8 1140/2097/8
f 1115/2098/8 1117/2099/8 1116/2100/8
f 1115/2098/8 1118/2087/8 1117/2099/8
f 1142/1857/8 1139/2085/8 1135/1839/8
f 1129/2101/8 1131/2102/8 1130/2103/8
f 1129/2101/8 1132/2091/8 1131/2102/8
f 1110/2104/8 1108/2105/8 1107/2093/8
f 1110/2104/8 1109/2106/8 1108/2105/8
f 1112/1872/8 1107/2093/8 1118/2087/8
f 1112/1872/8 1114/2107/8 1113/2108/8
f 1112/1872/8 1115/2098/8 1114/2107/8
f 1112/1872/8 1118/2087/8 1115/2098/8
f 1112/1872/8 1110/2104/8 1107/2093/8
f 1111/1871/8 1110/2104/8 1112/1872/8
f 1095/2083/8 1093/1745/8 1143/1866/8
f 1095/2083/8 1094/1867/8 1093/1745/8
f 1095/2083/8 1143/1866/8 1142/1857/8
f 1095/2083/8 1135/1839/8 1132/2091/8
f 1095/2083/8 1142/1857/8 1135/1839/8
f 1126/2109/8 1128/2110/8 1127/2111/8
f 1097/2082/8 1096/2112/8 1095/2083/8
f 1124/1878/8 1126/2109/8 1125/2113/8
f 1124/1878/8 1129/2101/8 1128/2110/8
f 1124/1878/8 1132/2091/8 1129/2101/8
f 1124/1878/8 1128/2110/8 1126/2109/8
f 1123/1877/8 1132/2091/8 1124/1878/8
f 1100/1868/8 1099/1757/8 1097/2082/8
f 1101/2081/8 1100/1868/8 1097/2082/8
f 1121/2090/8 1132/2091/8 1123/1877/8
f 1121/2090/8 1123/1877/8 1122/2114/8
f 1103/2079/8 1101/2081/8 1097/2082/8
